time,pods,cpu,memory,karpenter,kubecaps,region
2025-05-22 09:00:00+09:00,10,1,1,"{'performance': np.float64(309390.430576), 'cost': np.float64(0.2391), 'assignable_pod': np.float64(16.0), 'excess_pod': np.float64(6.0), 'efficiency': np.float64(80873.70100794647), 'nodepool': [{'instance_type': 'c6g.4xlarge', 'availability_zone': 'eu-west-1c', 'num_instances': 1, 'T3': np.float64(50.0)}]}","{'performance': 183578.91794800002, 'cost': 0.039, 'actual_pods': 10.0, 'excess_pods': 0.0, 'efficiency': 470715.17422564107, 'nodepool': [{'instance_type': 't4g.micro', 'availability_zone': 'None', 'num_instances': 10, 'T3': 50.0}]}",eu-west-1
2025-05-22 09:00:00+09:00,10,1,2,"{'performance': np.float64(309390.430576), 'cost': np.float64(0.2391), 'assignable_pod': np.float64(16.0), 'excess_pod': np.float64(6.0), 'efficiency': np.float64(80873.70100794647), 'nodepool': [{'instance_type': 'c6g.4xlarge', 'availability_zone': 'eu-west-1c', 'num_instances': 1, 'T3': np.float64(50.0)}]}","{'performance': 184033.6735, 'cost': 0.07900000000000001, 'actual_pods': 10.0, 'excess_pods': 0.0, 'efficiency': 232954.01708860756, 'nodepool': [{'instance_type': 't4g.small', 'availability_zone': 'None', 'num_instances': 10, 'T3': 50.0}]}",eu-west-1
2025-05-22 09:00:00+09:00,10,1,4,"{'performance': np.float64(309364.100352), 'cost': np.float64(0.3014), 'assignable_pod': np.float64(16.0), 'excess_pod': np.float64(6.0), 'efficiency': np.float64(64151.48066357), 'nodepool': [{'instance_type': 'm6g.4xlarge', 'availability_zone': 'eu-west-1b', 'num_instances': 1, 'T3': np.float64(50.0)}]}","{'performance': 348170.428886, 'cost': 0.2215, 'actual_pods': 10.0, 'excess_pods': 0.0, 'efficiency': 157187.55254446954, 'nodepool': [{'instance_type': 'm7i-flex.large', 'availability_zone': 'None', 'num_instances': 5, 'T3': 15.0}]}",eu-west-1
2025-05-22 09:00:00+09:00,10,2,2,"{'performance': np.float64(309423.9135168), 'cost': np.float64(0.515), 'assignable_pod': np.float64(16.0), 'excess_pod': np.float64(6.0), 'efficiency': np.float64(37551.44581514563), 'nodepool': [{'instance_type': 'c6g.8xlarge', 'availability_zone': 'eu-west-1b', 'num_instances': 1, 'T3': np.float64(50.0)}]}","{'performance': 333711.74889399996, 'cost': 0.342, 'actual_pods': 10.0, 'excess_pods': 0.0, 'efficiency': 97576.53476432746, 'nodepool': [{'instance_type': 'c6a.xlarge', 'availability_zone': 'None', 'num_instances': 5, 'T3': 50.0}]}",eu-west-1
2025-05-22 09:00:00+09:00,50,1,2,"{'performance': np.float64(1237671.7544576), 'cost': np.float64(1.0472), 'assignable_pod': np.float64(64.0), 'excess_pod': np.float64(14.0), 'efficiency': np.float64(18466.979720588235), 'nodepool': [{'instance_type': 'c6g.16xlarge', 'availability_zone': 'eu-west-1b', 'num_instances': 1, 'T3': np.float64(50.0)}]}","{'performance': 920168.3674999999, 'cost': 0.398, 'actual_pods': 50.0, 'excess_pods': 0.0, 'efficiency': 46239.61645728642, 'nodepool': [{'instance_type': 't4g.small', 'availability_zone': 'None', 'num_instances': 20, 'T3': 50.0}, {'instance_type': 't4g.small', 'availability_zone': 'None', 'num_instances': 10, 'T3': 50.0}, {'instance_type': 't4g.small', 'availability_zone': 'None', 'num_instances': 20, 'T3': 50.0}]}",eu-west-1
2025-05-22 09:00:00+09:00,50,1,4,"{'performance': np.float64(1237542.5549696), 'cost': np.float64(1.15), 'assignable_pod': np.float64(64.0), 'excess_pod': np.float64(14.0), 'efficiency': np.float64(16814.436888173914), 'nodepool': [{'instance_type': 'm6g.16xlarge', 'availability_zone': 'eu-west-1c', 'num_instances': 1, 'T3': np.float64(50.0)}]}","{'performance': 1666528.249862, 'cost': 1.06, 'actual_pods': 50.0, 'excess_pods': 0.0, 'efficiency': 31443.92924267925, 'nodepool': [{'instance_type': 'm6a.8xlarge', 'availability_zone': 'None', 'num_instances': 1, 'T3': 20.0}, {'instance_type': 'm6a.large', 'availability_zone': 'None', 'num_instances': 9, 'T3': 50.0}]}",eu-west-1
2025-05-22 09:00:00+09:00,50,2,2,"{'performance': np.float64(2680695.8449920006), 'cost': np.float64(3.5958), 'assignable_pod': np.float64(96.0), 'excess_pod': np.float64(46.0), 'efficiency': np.float64(7765.703056899718), 'nodepool': [{'instance_type': 'c8g.48xlarge', 'availability_zone': 'eu-west-1c', 'num_instances': 1, 'T3': np.float64(5.0)}]}","{'performance': 1668675.5126108003, 'cost': 1.71, 'actual_pods': 50.0, 'excess_pods': 0.0, 'efficiency': 19516.672662114623, 'nodepool': [{'instance_type': 'c6a.24xlarge', 'availability_zone': 'None', 'num_instances': 1, 'T3': 5.0}, {'instance_type': 'c6a.xlarge', 'availability_zone': 'None', 'num_instances': 1, 'T3': 50.0}]}",eu-west-1
2025-05-22 09:00:00+09:00,100,1,2,"{'performance': np.float64(5361391.689984001), 'cost': np.float64(3.5958), 'assignable_pod': np.float64(192.0), 'excess_pod': np.float64(92.0), 'efficiency': np.float64(7765.703056899718), 'nodepool': [{'instance_type': 'c8g.48xlarge', 'availability_zone': 'eu-west-1c', 'num_instances': 1, 'T3': np.float64(5.0)}]}","{'performance': 2439049.036576, 'cost': 1.162, 'actual_pods': 100.0, 'excess_pods': 0.0, 'efficiency': 20990.094979139416, 'nodepool': [{'instance_type': 'c6a.xlarge', 'availability_zone': 'None', 'num_instances': 10, 'T3': 50.0}, {'instance_type': 't4g.small', 'availability_zone': 'None', 'num_instances': 20, 'T3': 50.0}, {'instance_type': 't4g.small', 'availability_zone': 'None', 'num_instances': 20, 'T3': 50.0}, {'instance_type': 't4g.small', 'availability_zone': 'None', 'num_instances': 20, 'T3': 50.0}]}",eu-west-1
2025-05-22 09:00:00+09:00,100,1,4,"{'performance': np.float64(5564895.0972672), 'cost': np.float64(5.3402), 'assignable_pod': np.float64(192.0), 'excess_pod': np.float64(92.0), 'efficiency': np.float64(5427.479987940526), 'nodepool': [{'instance_type': 'r8g.48xlarge', 'availability_zone': 'eu-west-1b', 'num_instances': 1, 'T3': np.float64(10.0)}]}","{'performance': 3341091.8292056, 'cost': 2.059, 'actual_pods': 100.0, 'excess_pods': 0.0, 'efficiency': 16226.769447331715, 'nodepool': [{'instance_type': 'm6a.16xlarge', 'availability_zone': 'None', 'num_instances': 1, 'T3': 5.0}, {'instance_type': 'm6a.8xlarge', 'availability_zone': 'None', 'num_instances': 1, 'T3': 20.0}, {'instance_type': 'm7i-flex.large', 'availability_zone': 'None', 'num_instances': 2, 'T3': 15.0}]}",eu-west-1
2025-05-22 09:00:00+09:00,100,2,2,"{'performance': np.float64(2835391.060280001), 'cost': np.float64(3.8349), 'assignable_pod': np.float64(104.0), 'excess_pod': np.float64(4.0), 'efficiency': np.float64(7109.279402230929), 'nodepool': [{'instance_type': 'c6g.4xlarge', 'availability_zone': 'eu-west-1c', 'num_instances': 1, 'T3': np.float64(50.0)}, {'instance_type': 'c8g.48xlarge', 'availability_zone': 'eu-west-1c', 'num_instances': 1, 'T3': np.float64(5.0)}]}","{'performance': 3337351.0252216007, 'cost': 3.42, 'actual_pods': 100.0, 'excess_pods': 0.0, 'efficiency': 9758.336331057311, 'nodepool': [{'instance_type': 'c6a.24xlarge', 'availability_zone': 'None', 'num_instances': 2, 'T3': 5.0}, {'instance_type': 'c6a.xlarge', 'availability_zone': 'None', 'num_instances': 2, 'T3': 50.0}]}",eu-west-1
2025-05-22 09:00:00+09:00,400,1,2,"{'performance': np.float64(11593858.4841392), 'cost': np.float64(11.0502), 'assignable_pod': np.float64(408.0), 'excess_pod': np.float64(8.0), 'efficiency': np.float64(2571.5661086737496), 'nodepool': [{'instance_type': 'c6g.2xlarge', 'availability_zone': 'eu-west-1b', 'num_instances': 1, 'T3': np.float64(50.0)}, {'instance_type': 'c6g.4xlarge', 'availability_zone': 'eu-west-1c', 'num_instances': 1, 'T3': np.float64(50.0)}, {'instance_type': 'r8g.48xlarge', 'availability_zone': 'eu-west-1b', 'num_instances': 2, 'T3': np.float64(10.0)}]}","{'performance': 12524342.468375199, 'cost': 6.3432, 'actual_pods': 400.0, 'excess_pods': 0.0, 'efficiency': 4936.129425359124, 'nodepool': [{'instance_type': 'c6a.16xlarge', 'availability_zone': 'None', 'num_instances': 1, 'T3': 10.0}, {'instance_type': 'c6a.24xlarge', 'availability_zone': 'None', 'num_instances': 2, 'T3': 5.0}, {'instance_type': 'c6a.xlarge', 'availability_zone': 'None', 'num_instances': 20, 'T3': 50.0}, {'instance_type': 'c6a.xlarge', 'availability_zone': 'None', 'num_instances': 1, 'T3': 50.0}, {'instance_type': 't4g.small', 'availability_zone': 'None', 'num_instances': 20, 'T3': 50.0}, {'instance_type': 't4g.small', 'availability_zone': 'None', 'num_instances': 20, 'T3': 50.0}, {'instance_type': 't4g.small', 'availability_zone': 'None', 'num_instances': 20, 'T3': 50.0}]}",eu-west-1
2025-05-22 09:00:00+09:00,400,2,2,"{'performance': np.float64(11186947.951454403), 'cost': np.float64(15.1172), 'assignable_pod': np.float64(408.0), 'excess_pod': np.float64(8.0), 'efficiency': np.float64(1813.7611513437755), 'nodepool': [{'instance_type': 'c6g.12xlarge', 'availability_zone': 'eu-west-1c', 'num_instances': 1, 'T3': np.float64(50.0)}, {'instance_type': 'c8g.48xlarge', 'availability_zone': 'eu-west-1c', 'num_instances': 4, 'T3': np.float64(5.0)}]}","{'performance': 13489329.679312002, 'cost': 13.984, 'actual_pods': 400.0, 'excess_pods': 0.0, 'efficiency': 2411.5649455291764, 'nodepool': [{'instance_type': 'c6a.16xlarge', 'availability_zone': 'None', 'num_instances': 4, 'T3': 10.0}, {'instance_type': 'c6a.24xlarge', 'availability_zone': 'None', 'num_instances': 2, 'T3': 5.0}, {'instance_type': 'c6a.4xlarge', 'availability_zone': 'None', 'num_instances': 12, 'T3': 50.0}, {'instance_type': 'c6a.xlarge', 'availability_zone': 'None', 'num_instances': 20, 'T3': 50.0}, {'instance_type': 'c6a.xlarge', 'availability_zone': 'None', 'num_instances': 20, 'T3': 50.0}]}",eu-west-1
2025-05-22 03:00:00+09:00,10,1,1,"{'performance': np.float64(309390.430576), 'cost': np.float64(0.2413), 'assignable_pod': np.float64(16.0), 'excess_pod': np.float64(6.0), 'efficiency': np.float64(80136.35271860755), 'nodepool': [{'instance_type': 'c6g.4xlarge', 'availability_zone': 'eu-west-1c', 'num_instances': 1, 'T3': np.float64(50.0)}]}","{'performance': 183578.91794800002, 'cost': 0.039, 'actual_pods': 10.0, 'excess_pods': 0.0, 'efficiency': 470715.17422564107, 'nodepool': [{'instance_type': 't4g.micro', 'availability_zone': 'None', 'num_instances': 10, 'T3': 50.0}]}",eu-west-1
2025-05-22 03:00:00+09:00,10,1,2,"{'performance': np.float64(309390.430576), 'cost': np.float64(0.2413), 'assignable_pod': np.float64(16.0), 'excess_pod': np.float64(6.0), 'efficiency': np.float64(80136.35271860755), 'nodepool': [{'instance_type': 'c6g.4xlarge', 'availability_zone': 'eu-west-1c', 'num_instances': 1, 'T3': np.float64(50.0)}]}","{'performance': 184033.6735, 'cost': 0.07900000000000001, 'actual_pods': 10.0, 'excess_pods': 0.0, 'efficiency': 232954.01708860756, 'nodepool': [{'instance_type': 't4g.small', 'availability_zone': 'None', 'num_instances': 10, 'T3': 50.0}]}",eu-west-1
2025-05-22 03:00:00+09:00,10,1,4,"{'performance': np.float64(309364.100352), 'cost': np.float64(0.2995), 'assignable_pod': np.float64(16.0), 'excess_pod': np.float64(6.0), 'efficiency': np.float64(64558.45165943239), 'nodepool': [{'instance_type': 'm6g.4xlarge', 'availability_zone': 'eu-west-1b', 'num_instances': 1, 'T3': np.float64(50.0)}]}","{'performance': 333358.586094, 'cost': 0.214, 'actual_pods': 10.0, 'excess_pods': 0.0, 'efficiency': 155775.0402308411, 'nodepool': [{'instance_type': 'm6a.large', 'availability_zone': 'None', 'num_instances': 5, 'T3': 50.0}]}",eu-west-1
2025-05-22 03:00:00+09:00,10,2,2,"{'performance': np.float64(309423.9135168), 'cost': np.float64(0.514), 'assignable_pod': np.float64(16.0), 'excess_pod': np.float64(6.0), 'efficiency': np.float64(37624.503102723735), 'nodepool': [{'instance_type': 'c6g.8xlarge', 'availability_zone': 'eu-west-1b', 'num_instances': 1, 'T3': np.float64(50.0)}]}","{'performance': 333711.74889399996, 'cost': 0.3395, 'actual_pods': 10.0, 'excess_pods': 0.0, 'efficiency': 98295.06594815903, 'nodepool': [{'instance_type': 'c6a.xlarge', 'availability_zone': 'None', 'num_instances': 5, 'T3': 30.0}]}",eu-west-1
2025-05-22 03:00:00+09:00,50,1,2,"{'performance': np.float64(1237671.7544576), 'cost': np.float64(1.0409), 'assignable_pod': np.float64(64.0), 'excess_pod': np.float64(14.0), 'efficiency': np.float64(18578.750277067924), 'nodepool': [{'instance_type': 'c6g.16xlarge', 'availability_zone': 'eu-west-1b', 'num_instances': 1, 'T3': np.float64(50.0)}]}","{'performance': 920168.3674999999, 'cost': 0.3960000000000001, 'actual_pods': 50.0, 'excess_pods': 0.0, 'efficiency': 46473.14987373736, 'nodepool': [{'instance_type': 't4g.small', 'availability_zone': 'None', 'num_instances': 10, 'T3': 50.0}, {'instance_type': 't4g.small', 'availability_zone': 'None', 'num_instances': 20, 'T3': 50.0}, {'instance_type': 't4g.small', 'availability_zone': 'None', 'num_instances': 20, 'T3': 50.0}]}",eu-west-1
2025-05-22 03:00:00+09:00,50,1,4,"{'performance': np.float64(1237542.5549696), 'cost': np.float64(1.15), 'assignable_pod': np.float64(64.0), 'excess_pod': np.float64(14.0), 'efficiency': np.float64(16814.436888173914), 'nodepool': [{'instance_type': 'm6g.16xlarge', 'availability_zone': 'eu-west-1c', 'num_instances': 1, 'T3': np.float64(50.0)}]}","{'performance': 1666528.249862, 'cost': 1.0564, 'actual_pods': 50.0, 'excess_pods': 0.0, 'efficiency': 31551.083867133664, 'nodepool': [{'instance_type': 'm6a.8xlarge', 'availability_zone': 'None', 'num_instances': 1, 'T3': 15.0}, {'instance_type': 'm6a.large', 'availability_zone': 'None', 'num_instances': 9, 'T3': 50.0}]}",eu-west-1
2025-05-22 03:00:00+09:00,50,2,2,"{'performance': np.float64(2680695.8449920006), 'cost': np.float64(3.579), 'assignable_pod': np.float64(96.0), 'excess_pod': np.float64(46.0), 'efficiency': np.float64(7802.155644593464), 'nodepool': [{'instance_type': 'c8g.48xlarge', 'availability_zone': 'eu-west-1c', 'num_instances': 1, 'T3': np.float64(5.0)}]}","{'performance': 1668558.7444699998, 'cost': 1.7183000000000002, 'actual_pods': 50.0, 'excess_pods': 0.0, 'efficiency': 19421.0410809521, 'nodepool': [{'instance_type': 'c6a.xlarge', 'availability_zone': 'None', 'num_instances': 12, 'T3': 30.0}, {'instance_type': 'c6a.xlarge', 'availability_zone': 'None', 'num_instances': 13, 'T3': 50.0}]}",eu-west-1
2025-05-22 03:00:00+09:00,100,1,2,"{'performance': np.float64(2473803.5685775997), 'cost': np.float64(2.614), 'assignable_pod': np.float64(104.0), 'excess_pod': np.float64(4.0), 'efficiency': np.float64(9099.683540468483), 'nodepool': [{'instance_type': 'c5n.18xlarge', 'availability_zone': 'eu-west-1b', 'num_instances': 1, 'T3': np.float64(50.0)}, {'instance_type': 'm6g.8xlarge', 'availability_zone': 'eu-west-1a', 'num_instances': 1, 'T3': np.float64(50.0)}]}","{'performance': 2439049.036576, 'cost': 1.1550000000000002, 'actual_pods': 100.0, 'excess_pods': 0.0, 'efficiency': 21117.30767598268, 'nodepool': [{'instance_type': 'c6a.xlarge', 'availability_zone': 'None', 'num_instances': 10, 'T3': 30.0}, {'instance_type': 't4g.small', 'availability_zone': 'None', 'num_instances': 20, 'T3': 50.0}, {'instance_type': 't4g.small', 'availability_zone': 'None', 'num_instances': 20, 'T3': 50.0}, {'instance_type': 't4g.small', 'availability_zone': 'None', 'num_instances': 20, 'T3': 50.0}]}",eu-west-1
2025-05-22 03:00:00+09:00,100,1,4,"{'performance': np.float64(2317997.4942848), 'cost': np.float64(2.4088), 'assignable_pod': np.float64(112.0), 'excess_pod': np.float64(12.0), 'efficiency': np.float64(8591.998588081795), 'nodepool': [{'instance_type': 'm6g.12xlarge', 'availability_zone': 'eu-west-1a', 'num_instances': 1, 'T3': np.float64(50.0)}, {'instance_type': 'm6g.8xlarge', 'availability_zone': 'eu-west-1a', 'num_instances': 1, 'T3': np.float64(50.0)}, {'instance_type': 'r7g.8xlarge', 'availability_zone': 'eu-west-1b', 'num_instances': 1, 'T3': np.float64(50.0)}]}","{'performance': 3332791.819116, 'cost': 2.0992, 'actual_pods': 100.0, 'excess_pods': 0.0, 'efficiency': 15876.485418807164, 'nodepool': [{'instance_type': 'm6a.8xlarge', 'availability_zone': 'None', 'num_instances': 3, 'T3': 15.0}, {'instance_type': 'm6a.large', 'availability_zone': 'None', 'num_instances': 2, 'T3': 50.0}]}",eu-west-1
2025-05-22 03:00:00+09:00,100,2,2,"{'performance': np.float64(2835391.060280001), 'cost': np.float64(3.8203), 'assignable_pod': np.float64(104.0), 'excess_pod': np.float64(4.0), 'efficiency': np.float64(7136.448859936495), 'nodepool': [{'instance_type': 'c6g.4xlarge', 'availability_zone': 'eu-west-1c', 'num_instances': 1, 'T3': np.float64(50.0)}, {'instance_type': 'c8g.48xlarge', 'availability_zone': 'eu-west-1c', 'num_instances': 1, 'T3': np.float64(5.0)}]}","{'performance': 3373327.6353512006, 'cost': 3.4989, 'actual_pods': 100.0, 'excess_pods': 0.0, 'efficiency': 9641.109020981454, 'nodepool': [{'instance_type': 'c6a.16xlarge', 'availability_zone': 'None', 'num_instances': 1, 'T3': 5.0}, {'instance_type': 'c6a.4xlarge', 'availability_zone': 'None', 'num_instances': 1, 'T3': 50.0}, {'instance_type': 'c6a.xlarge', 'availability_zone': 'None', 'num_instances': 12, 'T3': 30.0}, {'instance_type': 'c6a.xlarge', 'availability_zone': 'None', 'num_instances': 18, 'T3': 50.0}]}",eu-west-1
2025-05-22 03:00:00+09:00,400,1,2,"{'performance': np.float64(13505198.742105603), 'cost': np.float64(9.1827), 'assignable_pod': np.float64(480.0), 'excess_pod': np.float64(80.0), 'efficiency': np.float64(3064.0041287115996), 'nodepool': [{'instance_type': 'c8g.48xlarge', 'availability_zone': 'eu-west-1c', 'num_instances': 2, 'T3': np.float64(5.0)}, {'instance_type': 'm8g.24xlarge', 'availability_zone': 'eu-west-1c', 'num_instances': 1, 'T3': np.float64(10.0)}]}","{'performance': 12526508.897102397, 'cost': 6.421200000000001, 'actual_pods': 400.0, 'excess_pods': 0.0, 'efficiency': 4877.012434242196, 'nodepool': [{'instance_type': 'c6a.16xlarge', 'availability_zone': 'None', 'num_instances': 2, 'T3': 5.0}, {'instance_type': 'c6a.4xlarge', 'availability_zone': 'None', 'num_instances': 5, 'T3': 50.0}, {'instance_type': 'c6a.xlarge', 'availability_zone': 'None', 'num_instances': 12, 'T3': 30.0}, {'instance_type': 'c6a.xlarge', 'availability_zone': 'None', 'num_instances': 20, 'T3': 50.0}, {'instance_type': 't3a.small', 'availability_zone': 'None', 'num_instances': 4, 'T3': 50.0}, {'instance_type': 't4g.small', 'availability_zone': 'None', 'num_instances': 20, 'T3': 50.0}, {'instance_type': 't4g.small', 'availability_zone': 'None', 'num_instances': 20, 'T3': 50.0}, {'instance_type': 't4g.small', 'availability_zone': 'None', 'num_instances': 20, 'T3': 50.0}]}",eu-west-1
2025-05-22 03:00:00+09:00,400,2,2,"{'performance': np.float64(11056593.581311202), 'cost': np.float64(15.4317), 'assignable_pod': np.float64(408.0), 'excess_pod': np.float64(8.0), 'efficiency': np.float64(1756.092593287919), 'nodepool': [{'instance_type': 'c5.18xlarge', 'availability_zone': 'eu-west-1c', 'num_instances': 1, 'T3': np.float64(50.0)}, {'instance_type': 'c6g.16xlarge', 'availability_zone': 'eu-west-1b', 'num_instances': 1, 'T3': np.float64(50.0)}, {'instance_type': 'c6g.2xlarge', 'availability_zone': 'eu-west-1b', 'num_instances': 1, 'T3': np.float64(50.0)}, {'instance_type': 'c8g.48xlarge', 'availability_zone': 'eu-west-1c', 'num_instances': 3, 'T3': np.float64(5.0)}, {'instance_type': 'm8g.24xlarge', 'availability_zone': 'eu-west-1c', 'num_instances': 1, 'T3': np.float64(10.0)}]}","{'performance': 13404032.6550848, 'cost': 14.006, 'actual_pods': 400.0, 'excess_pods': 0.0, 'efficiency': 2392.551880459232, 'nodepool': [{'instance_type': 'c6a.16xlarge', 'availability_zone': 'None', 'num_instances': 2, 'T3': 5.0}, {'instance_type': 'c6a.4xlarge', 'availability_zone': 'None', 'num_instances': 14, 'T3': 50.0}, {'instance_type': 'c6a.4xlarge', 'availability_zone': 'None', 'num_instances': 20, 'T3': 50.0}, {'instance_type': 'c6a.xlarge', 'availability_zone': 'None', 'num_instances': 12, 'T3': 30.0}, {'instance_type': 'c6a.xlarge', 'availability_zone': 'None', 'num_instances': 20, 'T3': 50.0}]}",eu-west-1
2025-05-22 07:00:00+09:00,10,1,1,"{'performance': np.float64(309390.430576), 'cost': np.float64(0.2391), 'assignable_pod': np.float64(16.0), 'excess_pod': np.float64(6.0), 'efficiency': np.float64(80873.70100794647), 'nodepool': [{'instance_type': 'c6g.4xlarge', 'availability_zone': 'eu-west-1c', 'num_instances': 1, 'T3': np.float64(50.0)}]}","{'performance': 183578.91794800002, 'cost': 0.039, 'actual_pods': 10.0, 'excess_pods': 0.0, 'efficiency': 470715.17422564107, 'nodepool': [{'instance_type': 't4g.micro', 'availability_zone': 'None', 'num_instances': 10, 'T3': 50.0}]}",eu-west-1
2025-05-22 07:00:00+09:00,10,1,2,"{'performance': np.float64(309390.430576), 'cost': np.float64(0.2391), 'assignable_pod': np.float64(16.0), 'excess_pod': np.float64(6.0), 'efficiency': np.float64(80873.70100794647), 'nodepool': [{'instance_type': 'c6g.4xlarge', 'availability_zone': 'eu-west-1c', 'num_instances': 1, 'T3': np.float64(50.0)}]}","{'performance': 184033.6735, 'cost': 0.07900000000000001, 'actual_pods': 10.0, 'excess_pods': 0.0, 'efficiency': 232954.01708860756, 'nodepool': [{'instance_type': 't4g.small', 'availability_zone': 'None', 'num_instances': 10, 'T3': 50.0}]}",eu-west-1
2025-05-22 07:00:00+09:00,10,1,4,"{'performance': np.float64(309364.100352), 'cost': np.float64(0.2995), 'assignable_pod': np.float64(16.0), 'excess_pod': np.float64(6.0), 'efficiency': np.float64(64558.45165943239), 'nodepool': [{'instance_type': 'm6g.4xlarge', 'availability_zone': 'eu-west-1b', 'num_instances': 1, 'T3': np.float64(50.0)}]}","{'performance': 348170.428886, 'cost': 0.2215, 'actual_pods': 10.0, 'excess_pods': 0.0, 'efficiency': 157187.55254446954, 'nodepool': [{'instance_type': 'm7i-flex.large', 'availability_zone': 'None', 'num_instances': 5, 'T3': 25.0}]}",eu-west-1
2025-05-22 07:00:00+09:00,10,2,2,"{'performance': np.float64(309423.9135168), 'cost': np.float64(0.515), 'assignable_pod': np.float64(16.0), 'excess_pod': np.float64(6.0), 'efficiency': np.float64(37551.44581514563), 'nodepool': [{'instance_type': 'c6g.8xlarge', 'availability_zone': 'eu-west-1b', 'num_instances': 1, 'T3': np.float64(50.0)}]}","{'performance': 333711.74889399996, 'cost': 0.342, 'actual_pods': 10.0, 'excess_pods': 0.0, 'efficiency': 97576.53476432746, 'nodepool': [{'instance_type': 'c6a.xlarge', 'availability_zone': 'None', 'num_instances': 5, 'T3': 50.0}]}",eu-west-1
2025-05-22 07:00:00+09:00,50,1,2,"{'performance': np.float64(1237671.7544576), 'cost': np.float64(1.0472), 'assignable_pod': np.float64(64.0), 'excess_pod': np.float64(14.0), 'efficiency': np.float64(18466.979720588235), 'nodepool': [{'instance_type': 'c6g.16xlarge', 'availability_zone': 'eu-west-1b', 'num_instances': 1, 'T3': np.float64(50.0)}]}","{'performance': 920168.3674999999, 'cost': 0.3960000000000001, 'actual_pods': 50.0, 'excess_pods': 0.0, 'efficiency': 46473.14987373736, 'nodepool': [{'instance_type': 't4g.small', 'availability_zone': 'None', 'num_instances': 10, 'T3': 50.0}, {'instance_type': 't4g.small', 'availability_zone': 'None', 'num_instances': 20, 'T3': 50.0}, {'instance_type': 't4g.small', 'availability_zone': 'None', 'num_instances': 20, 'T3': 50.0}]}",eu-west-1
2025-05-22 07:00:00+09:00,50,1,4,"{'performance': np.float64(1237542.5549696), 'cost': np.float64(1.15), 'assignable_pod': np.float64(64.0), 'excess_pod': np.float64(14.0), 'efficiency': np.float64(16814.436888173914), 'nodepool': [{'instance_type': 'm6g.16xlarge', 'availability_zone': 'eu-west-1c', 'num_instances': 1, 'T3': np.float64(50.0)}]}","{'performance': 1666528.249862, 'cost': 1.06, 'actual_pods': 50.0, 'excess_pods': 0.0, 'efficiency': 31443.92924267925, 'nodepool': [{'instance_type': 'm6a.8xlarge', 'availability_zone': 'None', 'num_instances': 1, 'T3': 25.0}, {'instance_type': 'm6a.large', 'availability_zone': 'None', 'num_instances': 9, 'T3': 50.0}]}",eu-west-1
2025-05-22 07:00:00+09:00,50,2,2,"{'performance': np.float64(2680695.8449920006), 'cost': np.float64(3.5958), 'assignable_pod': np.float64(96.0), 'excess_pod': np.float64(46.0), 'efficiency': np.float64(7765.703056899718), 'nodepool': [{'instance_type': 'c8g.48xlarge', 'availability_zone': 'eu-west-1c', 'num_instances': 1, 'T3': np.float64(5.0)}]}","{'performance': 1668675.5126108003, 'cost': 1.7036, 'actual_pods': 50.0, 'excess_pods': 0.0, 'efficiency': 19589.991930157317, 'nodepool': [{'instance_type': 'c6a.24xlarge', 'availability_zone': 'None', 'num_instances': 1, 'T3': 5.0}, {'instance_type': 'c6a.xlarge', 'availability_zone': 'None', 'num_instances': 1, 'T3': 50.0}]}",eu-west-1
2025-05-22 07:00:00+09:00,100,1,2,"{'performance': np.float64(5361391.689984001), 'cost': np.float64(3.5958), 'assignable_pod': np.float64(192.0), 'excess_pod': np.float64(92.0), 'efficiency': np.float64(7765.703056899718), 'nodepool': [{'instance_type': 'c8g.48xlarge', 'availability_zone': 'eu-west-1c', 'num_instances': 1, 'T3': np.float64(5.0)}]}","{'performance': 1783325.1050000002, 'cost': 0.8480000000000001, 'actual_pods': 100.0, 'excess_pods': 0.0, 'efficiency': 21029.777181603775, 'nodepool': [{'instance_type': 't3a.small', 'availability_zone': 'None', 'num_instances': 20, 'T3': 50.0}, {'instance_type': 't3a.small', 'availability_zone': 'None', 'num_instances': 20, 'T3': 50.0}, {'instance_type': 't4g.small', 'availability_zone': 'None', 'num_instances': 20, 'T3': 50.0}, {'instance_type': 't4g.small', 'availability_zone': 'None', 'num_instances': 20, 'T3': 50.0}, {'instance_type': 't4g.small', 'availability_zone': 'None', 'num_instances': 20, 'T3': 50.0}]}",eu-west-1
2025-05-22 07:00:00+09:00,100,1,4,"{'performance': np.float64(5564895.0972672), 'cost': np.float64(5.3402), 'assignable_pod': np.float64(192.0), 'excess_pod': np.float64(92.0), 'efficiency': np.float64(5427.479987940526), 'nodepool': [{'instance_type': 'r8g.48xlarge', 'availability_zone': 'eu-west-1b', 'num_instances': 1, 'T3': np.float64(10.0)}]}","{'performance': 3341091.8292056, 'cost': 2.0519, 'actual_pods': 100.0, 'excess_pods': 0.0, 'efficiency': 16282.917438498953, 'nodepool': [{'instance_type': 'm6a.16xlarge', 'availability_zone': 'None', 'num_instances': 1, 'T3': 5.0}, {'instance_type': 'm6a.8xlarge', 'availability_zone': 'None', 'num_instances': 1, 'T3': 25.0}, {'instance_type': 'm7i-flex.large', 'availability_zone': 'None', 'num_instances': 2, 'T3': 25.0}]}",eu-west-1
2025-05-22 07:00:00+09:00,100,2,2,"{'performance': np.float64(2835391.060280001), 'cost': np.float64(3.8349), 'assignable_pod': np.float64(104.0), 'excess_pod': np.float64(4.0), 'efficiency': np.float64(7109.279402230929), 'nodepool': [{'instance_type': 'c6g.4xlarge', 'availability_zone': 'eu-west-1c', 'num_instances': 1, 'T3': np.float64(50.0)}, {'instance_type': 'c8g.48xlarge', 'availability_zone': 'eu-west-1c', 'num_instances': 1, 'T3': np.float64(5.0)}]}","{'performance': 3337351.0252216007, 'cost': 3.4072, 'actual_pods': 100.0, 'excess_pods': 0.0, 'efficiency': 9794.995965078659, 'nodepool': [{'instance_type': 'c6a.24xlarge', 'availability_zone': 'None', 'num_instances': 2, 'T3': 5.0}, {'instance_type': 'c6a.xlarge', 'availability_zone': 'None', 'num_instances': 2, 'T3': 50.0}]}",eu-west-1
2025-05-22 07:00:00+09:00,400,1,2,"{'performance': np.float64(11545134.614284802), 'cost': np.float64(9.451), 'assignable_pod': np.float64(416.0), 'excess_pod': np.float64(16.0), 'efficiency': np.float64(2936.4858150655614), 'nodepool': [{'instance_type': 'c6g.8xlarge', 'availability_zone': 'eu-west-1b', 'num_instances': 1, 'T3': np.float64(50.0)}, {'instance_type': 'c8g.48xlarge', 'availability_zone': 'eu-west-1c', 'num_instances': 1, 'T3': np.float64(5.0)}, {'instance_type': 'r8g.48xlarge', 'availability_zone': 'eu-west-1b', 'num_instances': 1, 'T3': np.float64(10.0)}]}","{'performance': 12450868.575959198, 'cost': 6.295900000000001, 'actual_pods': 400.0, 'excess_pods': 0.0, 'efficiency': 4944.038412283865, 'nodepool': [{'instance_type': 'c6a.24xlarge', 'availability_zone': 'None', 'num_instances': 2, 'T3': 5.0}, {'instance_type': 'c6a.xlarge', 'availability_zone': 'None', 'num_instances': 20, 'T3': 50.0}, {'instance_type': 'c6a.xlarge', 'availability_zone': 'None', 'num_instances': 17, 'T3': 50.0}, {'instance_type': 't4g.small', 'availability_zone': 'None', 'num_instances': 20, 'T3': 50.0}, {'instance_type': 't4g.small', 'availability_zone': 'None', 'num_instances': 20, 'T3': 50.0}, {'instance_type': 't4g.small', 'availability_zone': 'None', 'num_instances': 20, 'T3': 50.0}]}",eu-west-1
2025-05-22 07:00:00+09:00,400,2,2,"{'performance': np.float64(11649906.938491203), 'cost': np.float64(15.8817), 'assignable_pod': np.float64(420.0), 'excess_pod': np.float64(20.0), 'efficiency': np.float64(1746.5305139295094), 'nodepool': [{'instance_type': 'c5.18xlarge', 'availability_zone': 'eu-west-1c', 'num_instances': 1, 'T3': np.float64(50.0)}, {'instance_type': 'c8g.48xlarge', 'availability_zone': 'eu-west-1c', 'num_instances': 4, 'T3': np.float64(5.0)}]}","{'performance': 13489329.679312002, 'cost': 14.0096, 'actual_pods': 400.0, 'excess_pods': 0.0, 'efficiency': 2407.1582485067383, 'nodepool': [{'instance_type': 'c6a.16xlarge', 'availability_zone': 'None', 'num_instances': 4, 'T3': 10.0}, {'instance_type': 'c6a.24xlarge', 'availability_zone': 'None', 'num_instances': 2, 'T3': 5.0}, {'instance_type': 'c6a.4xlarge', 'availability_zone': 'None', 'num_instances': 12, 'T3': 50.0}, {'instance_type': 'c6a.xlarge', 'availability_zone': 'None', 'num_instances': 20, 'T3': 50.0}, {'instance_type': 'c6a.xlarge', 'availability_zone': 'None', 'num_instances': 20, 'T3': 50.0}]}",eu-west-1
2025-05-22 05:00:00+09:00,10,1,1,"{'performance': np.float64(309390.430576), 'cost': np.float64(0.2413), 'assignable_pod': np.float64(16.0), 'excess_pod': np.float64(6.0), 'efficiency': np.float64(80136.35271860755), 'nodepool': [{'instance_type': 'c6g.4xlarge', 'availability_zone': 'eu-west-1c', 'num_instances': 1, 'T3': np.float64(50.0)}]}","{'performance': 183578.91794800002, 'cost': 0.039, 'actual_pods': 10.0, 'excess_pods': 0.0, 'efficiency': 470715.17422564107, 'nodepool': [{'instance_type': 't4g.micro', 'availability_zone': 'None', 'num_instances': 10, 'T3': 50.0}]}",eu-west-1
2025-05-22 05:00:00+09:00,10,1,2,"{'performance': np.float64(309390.430576), 'cost': np.float64(0.2413), 'assignable_pod': np.float64(16.0), 'excess_pod': np.float64(6.0), 'efficiency': np.float64(80136.35271860755), 'nodepool': [{'instance_type': 'c6g.4xlarge', 'availability_zone': 'eu-west-1c', 'num_instances': 1, 'T3': np.float64(50.0)}]}","{'performance': 184033.6735, 'cost': 0.07900000000000001, 'actual_pods': 10.0, 'excess_pods': 0.0, 'efficiency': 232954.01708860756, 'nodepool': [{'instance_type': 't4g.small', 'availability_zone': 'None', 'num_instances': 10, 'T3': 50.0}]}",eu-west-1
2025-05-22 05:00:00+09:00,10,1,4,"{'performance': np.float64(309364.100352), 'cost': np.float64(0.2995), 'assignable_pod': np.float64(16.0), 'excess_pod': np.float64(6.0), 'efficiency': np.float64(64558.45165943239), 'nodepool': [{'instance_type': 'm6g.4xlarge', 'availability_zone': 'eu-west-1b', 'num_instances': 1, 'T3': np.float64(50.0)}]}","{'performance': 333358.586094, 'cost': 0.214, 'actual_pods': 10.0, 'excess_pods': 0.0, 'efficiency': 155775.0402308411, 'nodepool': [{'instance_type': 'm6a.large', 'availability_zone': 'None', 'num_instances': 5, 'T3': 50.0}]}",eu-west-1
2025-05-22 05:00:00+09:00,10,2,2,"{'performance': np.float64(309423.9135168), 'cost': np.float64(0.515), 'assignable_pod': np.float64(16.0), 'excess_pod': np.float64(6.0), 'efficiency': np.float64(37551.44581514563), 'nodepool': [{'instance_type': 'c6g.8xlarge', 'availability_zone': 'eu-west-1b', 'num_instances': 1, 'T3': np.float64(50.0)}]}","{'performance': 333711.74889399996, 'cost': 0.3395, 'actual_pods': 10.0, 'excess_pods': 0.0, 'efficiency': 98295.06594815903, 'nodepool': [{'instance_type': 'c6a.xlarge', 'availability_zone': 'None', 'num_instances': 5, 'T3': 50.0}]}",eu-west-1
2025-05-22 05:00:00+09:00,50,1,2,"{'performance': np.float64(1237671.7544576), 'cost': np.float64(1.0409), 'assignable_pod': np.float64(64.0), 'excess_pod': np.float64(14.0), 'efficiency': np.float64(18578.750277067924), 'nodepool': [{'instance_type': 'c6g.16xlarge', 'availability_zone': 'eu-west-1b', 'num_instances': 1, 'T3': np.float64(50.0)}]}","{'performance': 920168.3674999999, 'cost': 0.3960000000000001, 'actual_pods': 50.0, 'excess_pods': 0.0, 'efficiency': 46473.14987373736, 'nodepool': [{'instance_type': 't4g.small', 'availability_zone': 'None', 'num_instances': 10, 'T3': 50.0}, {'instance_type': 't4g.small', 'availability_zone': 'None', 'num_instances': 20, 'T3': 50.0}, {'instance_type': 't4g.small', 'availability_zone': 'None', 'num_instances': 20, 'T3': 50.0}]}",eu-west-1
2025-05-22 05:00:00+09:00,50,1,4,"{'performance': np.float64(1237542.5549696), 'cost': np.float64(1.15), 'assignable_pod': np.float64(64.0), 'excess_pod': np.float64(14.0), 'efficiency': np.float64(16814.436888173914), 'nodepool': [{'instance_type': 'm6g.16xlarge', 'availability_zone': 'eu-west-1c', 'num_instances': 1, 'T3': np.float64(50.0)}]}","{'performance': 1666528.249862, 'cost': 1.06, 'actual_pods': 50.0, 'excess_pods': 0.0, 'efficiency': 31443.92924267925, 'nodepool': [{'instance_type': 'm6a.8xlarge', 'availability_zone': 'None', 'num_instances': 1, 'T3': 25.0}, {'instance_type': 'm6a.large', 'availability_zone': 'None', 'num_instances': 9, 'T3': 50.0}]}",eu-west-1
2025-05-22 05:00:00+09:00,50,2,2,"{'performance': np.float64(2680695.8449920006), 'cost': np.float64(3.5958), 'assignable_pod': np.float64(96.0), 'excess_pod': np.float64(46.0), 'efficiency': np.float64(7765.703056899718), 'nodepool': [{'instance_type': 'c8g.48xlarge', 'availability_zone': 'eu-west-1c', 'num_instances': 1, 'T3': np.float64(5.0)}]}","{'performance': 1668558.7444699998, 'cost': 1.7055000000000002, 'actual_pods': 50.0, 'excess_pods': 0.0, 'efficiency': 19566.798527939016, 'nodepool': [{'instance_type': 'c6a.xlarge', 'availability_zone': 'None', 'num_instances': 20, 'T3': 50.0}, {'instance_type': 'c6a.xlarge', 'availability_zone': 'None', 'num_instances': 5, 'T3': 50.0}]}",eu-west-1
2025-05-22 05:00:00+09:00,100,1,2,"{'performance': np.float64(5361391.689984001), 'cost': np.float64(3.5958), 'assignable_pod': np.float64(192.0), 'excess_pod': np.float64(92.0), 'efficiency': np.float64(7765.703056899718), 'nodepool': [{'instance_type': 'c8g.48xlarge', 'availability_zone': 'eu-west-1c', 'num_instances': 1, 'T3': np.float64(5.0)}]}","{'performance': 2439049.036576, 'cost': 1.1550000000000002, 'actual_pods': 100.0, 'excess_pods': 0.0, 'efficiency': 21117.30767598268, 'nodepool': [{'instance_type': 'c6a.xlarge', 'availability_zone': 'None', 'num_instances': 10, 'T3': 50.0}, {'instance_type': 't4g.small', 'availability_zone': 'None', 'num_instances': 20, 'T3': 50.0}, {'instance_type': 't4g.small', 'availability_zone': 'None', 'num_instances': 20, 'T3': 50.0}, {'instance_type': 't4g.small', 'availability_zone': 'None', 'num_instances': 20, 'T3': 50.0}]}",eu-west-1
2025-05-22 05:00:00+09:00,100,1,4,"{'performance': np.float64(5564895.0972672), 'cost': np.float64(5.3402), 'assignable_pod': np.float64(192.0), 'excess_pod': np.float64(92.0), 'efficiency': np.float64(5427.479987940526), 'nodepool': [{'instance_type': 'r8g.48xlarge', 'availability_zone': 'eu-west-1b', 'num_instances': 1, 'T3': np.float64(10.0)}]}","{'performance': 3332791.819116, 'cost': 2.11, 'actual_pods': 100.0, 'excess_pods': 0.0, 'efficiency': 15795.221891545025, 'nodepool': [{'instance_type': 'm6a.8xlarge', 'availability_zone': 'None', 'num_instances': 3, 'T3': 25.0}, {'instance_type': 'm6a.large', 'availability_zone': 'None', 'num_instances': 2, 'T3': 50.0}]}",eu-west-1
2025-05-22 05:00:00+09:00,100,2,2,"{'performance': np.float64(2835391.060280001), 'cost': np.float64(3.8371), 'assignable_pod': np.float64(104.0), 'excess_pod': np.float64(4.0), 'efficiency': np.float64(7105.203299266475), 'nodepool': [{'instance_type': 'c6g.4xlarge', 'availability_zone': 'eu-west-1c', 'num_instances': 1, 'T3': np.float64(50.0)}, {'instance_type': 'c8g.48xlarge', 'availability_zone': 'eu-west-1c', 'num_instances': 1, 'T3': np.float64(5.0)}]}","{'performance': 3373854.435148, 'cost': 3.4851, 'actual_pods': 100.0, 'excess_pods': 0.0, 'efficiency': 9680.796634667584, 'nodepool': [{'instance_type': 'c6a.16xlarge', 'availability_zone': 'None', 'num_instances': 1, 'T3': 5.0}, {'instance_type': 'c6a.xlarge', 'availability_zone': 'None', 'num_instances': 20, 'T3': 50.0}, {'instance_type': 'c6a.xlarge', 'availability_zone': 'None', 'num_instances': 14, 'T3': 50.0}]}",eu-west-1
2025-05-22 05:00:00+09:00,400,1,2,"{'performance': np.float64(12780533.904297601), 'cost': np.float64(10.4345), 'assignable_pod': np.float64(456.0), 'excess_pod': np.float64(56.0), 'efficiency': np.float64(2686.040215844706), 'nodepool': [{'instance_type': 'c5.18xlarge', 'availability_zone': 'eu-west-1c', 'num_instances': 1, 'T3': np.float64(50.0)}, {'instance_type': 'c8g.48xlarge', 'availability_zone': 'eu-west-1c', 'num_instances': 1, 'T3': np.float64(5.0)}, {'instance_type': 'r8g.48xlarge', 'availability_zone': 'eu-west-1b', 'num_instances': 1, 'T3': np.float64(10.0)}]}","{'performance': 12528616.096289596, 'cost': 6.406400000000001, 'actual_pods': 400.0, 'excess_pods': 0.0, 'efficiency': 4889.101561052071, 'nodepool': [{'instance_type': 'c6a.16xlarge', 'availability_zone': 'None', 'num_instances': 2, 'T3': 5.0}, {'instance_type': 'c6a.4xlarge', 'availability_zone': 'None', 'num_instances': 3, 'T3': 50.0}, {'instance_type': 'c6a.xlarge', 'availability_zone': 'None', 'num_instances': 20, 'T3': 50.0}, {'instance_type': 'c6a.xlarge', 'availability_zone': 'None', 'num_instances': 20, 'T3': 50.0}, {'instance_type': 't3a.small', 'availability_zone': 'None', 'num_instances': 4, 'T3': 50.0}, {'instance_type': 't4g.small', 'availability_zone': 'None', 'num_instances': 20, 'T3': 50.0}, {'instance_type': 't4g.small', 'availability_zone': 'None', 'num_instances': 20, 'T3': 50.0}, {'instance_type': 't4g.small', 'availability_zone': 'None', 'num_instances': 20, 'T3': 50.0}]}",eu-west-1
2025-05-22 05:00:00+09:00,400,2,2,"{'performance': np.float64(11264286.880968802), 'cost': np.float64(15.2478), 'assignable_pod': np.float64(412.0), 'excess_pod': np.float64(12.0), 'efficiency': np.float64(1793.0784859634696), 'nodepool': [{'instance_type': 'c6g.12xlarge', 'availability_zone': 'eu-west-1c', 'num_instances': 1, 'T3': np.float64(50.0)}, {'instance_type': 'c6g.2xlarge', 'availability_zone': 'eu-west-1b', 'num_instances': 1, 'T3': np.float64(50.0)}, {'instance_type': 'c8g.48xlarge', 'availability_zone': 'eu-west-1c', 'num_instances': 4, 'T3': np.float64(5.0)}]}","{'performance': 13405086.2546784, 'cost': 14.009400000000001, 'actual_pods': 400.0, 'excess_pods': 0.0, 'efficiency': 2392.159238560966, 'nodepool': [{'instance_type': 'c6a.16xlarge', 'availability_zone': 'None', 'num_instances': 2, 'T3': 5.0}, {'instance_type': 'c6a.4xlarge', 'availability_zone': 'None', 'num_instances': 12, 'T3': 50.0}, {'instance_type': 'c6a.4xlarge', 'availability_zone': 'None', 'num_instances': 20, 'T3': 50.0}, {'instance_type': 'c6a.xlarge', 'availability_zone': 'None', 'num_instances': 20, 'T3': 50.0}, {'instance_type': 'c6a.xlarge', 'availability_zone': 'None', 'num_instances': 20, 'T3': 50.0}]}",eu-west-1
2025-05-22 09:10:00+09:00,17,7,7,"{'performance': np.float64(753945.706404), 'cost': np.float64(3.5958), 'assignable_pod': np.float64(27.0), 'excess_pod': np.float64(10.0), 'efficiency': np.float64(7765.703056899717), 'nodepool': [{'instance_type': 'c8g.48xlarge', 'availability_zone': 'eu-west-1c', 'num_instances': 1, 'T3': np.float64(5.0)}]}","{'performance': 621345.6802512001, 'cost': 2.289, 'actual_pods': 18.0, 'excess_pods': 1.0, 'efficiency': 15080.473769506336, 'nodepool': [{'instance_type': 'c6a.16xlarge', 'availability_zone': 'None', 'num_instances': 2, 'T3': 10.0}]}",eu-west-1
2025-05-22 09:10:00+09:00,75,3,5,"{'performance': np.float64(2096573.6109856004), 'cost': np.float64(4.3298000000000005), 'assignable_pod': np.float64(80.0), 'excess_pod': np.float64(5.0), 'efficiency': np.float64(6052.743807409119), 'nodepool': [{'instance_type': 'c6g.12xlarge', 'availability_zone': 'eu-west-1c', 'num_instances': 1, 'T3': np.float64(50.0)}, {'instance_type': 'c8g.48xlarge', 'availability_zone': 'eu-west-1c', 'num_instances': 1, 'T3': np.float64(5.0)}]}","{'performance': 2502335.3078134004, 'cost': 3.9124, 'actual_pods': 75.0, 'excess_pods': 0.0, 'efficiency': 8527.878225857616, 'nodepool': [{'instance_type': 'c6a.24xlarge', 'availability_zone': 'None', 'num_instances': 2, 'T3': 5.0}, {'instance_type': 'c6a.4xlarge', 'availability_zone': 'None', 'num_instances': 2, 'T3': 50.0}, {'instance_type': 'c6a.xlarge', 'availability_zone': 'None', 'num_instances': 1, 'T3': 50.0}]}",eu-west-1
2025-05-22 09:10:00+09:00,287,1,6,"{'performance': np.float64(8367002.9676716), 'cost': np.float64(8.293), 'assignable_pod': np.float64(289.0), 'excess_pod': np.float64(2.0), 'efficiency': np.float64(3491.0849345454567), 'nodepool': [{'instance_type': 'm6g.large', 'availability_zone': 'eu-west-1c', 'num_instances': 1, 'T3': np.float64(50.0)}, {'instance_type': 'r8g.24xlarge', 'availability_zone': 'eu-west-1c', 'num_instances': 1, 'T3': np.float64(5.0)}, {'instance_type': 'r8g.48xlarge', 'availability_zone': 'eu-west-1b', 'num_instances': 1, 'T3': np.float64(10.0)}]}","{'performance': 9842681.7979772, 'cost': 7.8862, 'actual_pods': 287.0, 'excess_pods': 0.0, 'efficiency': 4348.743188042059, 'nodepool': [{'instance_type': 'r6a.16xlarge', 'availability_zone': 'None', 'num_instances': 2, 'T3': 5.0}, {'instance_type': 'r6a.16xlarge', 'availability_zone': 'None', 'num_instances': 2, 'T3': 5.0}, {'instance_type': 'r6a.large', 'availability_zone': 'None', 'num_instances': 15, 'T3': 50.0}, {'instance_type': 'r8g.medium', 'availability_zone': 'None', 'num_instances': 1, 'T3': 50.0}]}",eu-west-1
2025-05-22 09:10:00+09:00,400,1,4,"{'performance': np.float64(13912205.556672), 'cost': np.float64(12.7104), 'assignable_pod': np.float64(480.0), 'excess_pod': np.float64(80.0), 'efficiency': np.float64(2280.3186033799093), 'nodepool': [{'instance_type': 'm8g.24xlarge', 'availability_zone': 'eu-west-1c', 'num_instances': 1, 'T3': np.float64(10.0)}, {'instance_type': 'r8g.48xlarge', 'availability_zone': 'eu-west-1b', 'num_instances': 2, 'T3': np.float64(10.0)}]}","{'performance': 13358442.579705602, 'cost': 8.318, 'actual_pods': 400.0, 'excess_pods': 0.0, 'efficiency': 4014.920227129599, 'nodepool': [{'instance_type': 'm6a.16xlarge', 'availability_zone': 'None', 'num_instances': 2, 'T3': 5.0}, {'instance_type': 'm6a.16xlarge', 'availability_zone': 'None', 'num_instances': 2, 'T3': 5.0}, {'instance_type': 'm6a.8xlarge', 'availability_zone': 'None', 'num_instances': 4, 'T3': 20.0}, {'instance_type': 'm6a.large', 'availability_zone': 'None', 'num_instances': 2, 'T3': 50.0}, {'instance_type': 'm7i-flex.large', 'availability_zone': 'None', 'num_instances': 6, 'T3': 15.0}]}",eu-west-1
2025-05-22 09:10:00+09:00,439,1,9,"{'performance': np.float64(14781752.602116002), 'cost': np.float64(16.0206), 'assignable_pod': np.float64(510.0), 'excess_pod': np.float64(71.0), 'efficiency': np.float64(1809.1599959801754), 'nodepool': [{'instance_type': 'r8g.48xlarge', 'availability_zone': 'eu-west-1b', 'num_instances': 3, 'T3': np.float64(10.0)}]}","{'performance': 15158923.9081938, 'cost': 14.104800000000001, 'actual_pods': 441.0, 'excess_pods': 2.0, 'efficiency': 2437.0410864447363, 'nodepool': [{'instance_type': 'r6a.12xlarge', 'availability_zone': 'None', 'num_instances': 2, 'T3': 5.0}, {'instance_type': 'r6a.16xlarge', 'availability_zone': 'None', 'num_instances': 2, 'T3': 5.0}, {'instance_type': 'r6a.16xlarge', 'availability_zone': 'None', 'num_instances': 2, 'T3': 5.0}, {'instance_type': 'r6a.16xlarge', 'availability_zone': 'None', 'num_instances': 2, 'T3': 5.0}, {'instance_type': 'r6a.2xlarge', 'availability_zone': 'None', 'num_instances': 1, 'T3': 35.0}, {'instance_type': 'r6a.4xlarge', 'availability_zone': 'None', 'num_instances': 1, 'T3': 50.0}]}",eu-west-1
2025-05-22 09:10:00+09:00,1000,1,2,"{'performance': np.float64(28858824.587593604), 'cost': np.float64(26.165100000000002), 'assignable_pod': np.float64(1024.0), 'excess_pod': np.float64(24.0), 'efficiency': np.float64(1077.100637349824), 'nodepool': [{'instance_type': 'c6g.4xlarge', 'availability_zone': 'eu-west-1c', 'num_instances': 1, 'T3': np.float64(50.0)}, {'instance_type': 'c8g.48xlarge', 'availability_zone': 'eu-west-1c', 'num_instances': 1, 'T3': np.float64(5.0)}, {'instance_type': 'm6g.12xlarge', 'availability_zone': 'eu-west-1a', 'num_instances': 1, 'T3': np.float64(50.0)}, {'instance_type': 'r8g.48xlarge', 'availability_zone': 'eu-west-1a', 'num_instances': 1, 'T3': np.float64(10.0)}, {'instance_type': 'r8g.48xlarge', 'availability_zone': 'eu-west-1b', 'num_instances': 3, 'T3': np.float64(10.0)}]}","{'performance': 32745343.487797603, 'cost': 16.916900000000002, 'actual_pods': 1000.0, 'excess_pods': 0.0, 'efficiency': 1935.6586305882047, 'nodepool': [{'instance_type': 'c6a.16xlarge', 'availability_zone': 'None', 'num_instances': 4, 'T3': 10.0}, {'instance_type': 'c6a.24xlarge', 'availability_zone': 'None', 'num_instances': 2, 'T3': 5.0}, {'instance_type': 'c6a.4xlarge', 'availability_zone': 'None', 'num_instances': 1, 'T3': 50.0}, {'instance_type': 'c6a.4xlarge', 'availability_zone': 'None', 'num_instances': 20, 'T3': 50.0}, {'instance_type': 'c6a.xlarge', 'availability_zone': 'None', 'num_instances': 20, 'T3': 50.0}, {'instance_type': 'c6a.xlarge', 'availability_zone': 'None', 'num_instances': 19, 'T3': 50.0}, {'instance_type': 't4g.small', 'availability_zone': 'None', 'num_instances': 20, 'T3': 50.0}, {'instance_type': 't4g.small', 'availability_zone': 'None', 'num_instances': 20, 'T3': 50.0}, {'instance_type': 't4g.small', 'availability_zone': 'None', 'num_instances': 20, 'T3': 50.0}]}",eu-west-1
2025-05-22 09:10:00+09:00,1000,1,4,"{'performance': np.float64(21641457.107571203), 'cost': np.float64(23.8471), 'assignable_pod': np.float64(768.0), 'excess_pod': np.float64(-232.0), 'efficiency': np.float64(1181.6523019074298), 'nodepool': [{'instance_type': 'm6g.16xlarge', 'availability_zone': 'eu-west-1c', 'num_instances': 1, 'T3': np.float64(50.0)}, {'instance_type': 'r8g.48xlarge', 'availability_zone': 'eu-west-1b', 'num_instances': 3, 'T3': np.float64(10.0)}, {'instance_type': 'x2idn.32xlarge', 'availability_zone': 'eu-west-1c', 'num_instances': 1, 'T3': np.float64(10.0)}]}","{'performance': 33402540.867448803, 'cost': 21.3567, 'actual_pods': 1000.0, 'excess_pods': 0.0, 'efficiency': 1564.031000456475, 'nodepool': [{'instance_type': 'm6a.12xlarge', 'availability_zone': 'None', 'num_instances': 2, 'T3': 10.0}, {'instance_type': 'm6a.16xlarge', 'availability_zone': 'None', 'num_instances': 2, 'T3': 5.0}, {'instance_type': 'm6a.16xlarge', 'availability_zone': 'None', 'num_instances': 2, 'T3': 5.0}, {'instance_type': 'm6a.16xlarge', 'availability_zone': 'None', 'num_instances': 2, 'T3': 5.0}, {'instance_type': 'm6a.2xlarge', 'availability_zone': 'None', 'num_instances': 20, 'T3': 50.0}, {'instance_type': 'm6a.8xlarge', 'availability_zone': 'None', 'num_instances': 8, 'T3': 20.0}, {'instance_type': 'm6a.large', 'availability_zone': 'None', 'num_instances': 20, 'T3': 50.0}, {'instance_type': 'm6a.xlarge', 'availability_zone': 'None', 'num_instances': 9, 'T3': 50.0}, {'instance_type': 'm7i-flex.large', 'availability_zone': 'None', 'num_instances': 6, 'T3': 15.0}, {'instance_type': 'm7i-flex.xlarge', 'availability_zone': 'None', 'num_instances': 4, 'T3': 10.0}]}",eu-west-1
2025-05-22 09:10:00+09:00,1000,2,2,"{'performance': np.float64(20616053.275124807), 'cost': np.float64(31.6926), 'assignable_pod': np.float64(740.0), 'excess_pod': np.float64(-260.0), 'efficiency': np.float64(879.0547778620676), 'nodepool': [{'instance_type': 'c5.18xlarge', 'availability_zone': 'eu-west-1c', 'num_instances': 1, 'T3': np.float64(50.0)}, {'instance_type': 'c6g.16xlarge', 'availability_zone': 'eu-west-1b', 'num_instances': 1, 'T3': np.float64(50.0)}, {'instance_type': 'c8g.48xlarge', 'availability_zone': 'eu-west-1c', 'num_instances': 4, 'T3': np.float64(5.0)}, {'instance_type': 'm8g.24xlarge', 'availability_zone': 'eu-west-1c', 'num_instances': 2, 'T3': np.float64(10.0)}, {'instance_type': 'r8g.48xlarge', 'availability_zone': 'eu-west-1a', 'num_instances': 1, 'T3': np.float64(10.0)}, {'instance_type': 'r8g.48xlarge', 'availability_zone': 'eu-west-1b', 'num_instances': 1, 'T3': np.float64(10.0)}]}","{'performance': 33574318.134368, 'cost': 35.4064, 'actual_pods': 1000.0, 'excess_pods': 0.0, 'efficiency': 948.2556298965159, 'nodepool': [{'instance_type': 'c6a.16xlarge', 'availability_zone': 'None', 'num_instances': 2, 'T3': 5.0}, {'instance_type': 'c6a.16xlarge', 'availability_zone': 'None', 'num_instances': 4, 'T3': 10.0}, {'instance_type': 'c6a.24xlarge', 'availability_zone': 'None', 'num_instances': 2, 'T3': 5.0}, {'instance_type': 'c6a.24xlarge', 'availability_zone': 'None', 'num_instances': 2, 'T3': 5.0}, {'instance_type': 'c6a.2xlarge', 'availability_zone': 'None', 'num_instances': 6, 'T3': 50.0}, {'instance_type': 'c6a.48xlarge', 'availability_zone': 'None', 'num_instances': 2, 'T3': 10.0}, {'instance_type': 'c6a.4xlarge', 'availability_zone': 'None', 'num_instances': 20, 'T3': 50.0}, {'instance_type': 'c6a.4xlarge', 'availability_zone': 'None', 'num_instances': 20, 'T3': 50.0}, {'instance_type': 'c6a.xlarge', 'availability_zone': 'None', 'num_instances': 20, 'T3': 50.0}, {'instance_type': 'c6a.xlarge', 'availability_zone': 'None', 'num_instances': 20, 'T3': 50.0}]}",eu-west-1
2025-05-22 03:10:00+09:00,17,7,7,"{'performance': np.float64(753945.706404), 'cost': np.float64(3.579), 'assignable_pod': np.float64(27.0), 'excess_pod': np.float64(10.0), 'efficiency': np.float64(7802.155644593462), 'nodepool': [{'instance_type': 'c8g.48xlarge', 'availability_zone': 'eu-west-1c', 'num_instances': 1, 'T3': np.float64(5.0)}]}","{'performance': 621345.6802512001, 'cost': 2.3082, 'actual_pods': 18.0, 'excess_pods': 1.0, 'efficiency': 14955.031824971844, 'nodepool': [{'instance_type': 'c6a.16xlarge', 'availability_zone': 'None', 'num_instances': 2, 'T3': 5.0}]}",eu-west-1
2025-05-22 03:10:00+09:00,75,3,5,"{'performance': np.float64(2714602.3507072004), 'cost': np.float64(5.6037), 'assignable_pod': np.float64(96.0), 'excess_pod': np.float64(21.0), 'efficiency': np.float64(5046.149476215121), 'nodepool': [{'instance_type': 'c8g.48xlarge', 'availability_zone': 'eu-west-1c', 'num_instances': 1, 'T3': np.float64(5.0)}, {'instance_type': 'm8g.24xlarge', 'availability_zone': 'eu-west-1c', 'num_instances': 1, 'T3': np.float64(10.0)}]}","{'performance': 2503270.7774198004, 'cost': 4.0948, 'actual_pods': 75.0, 'excess_pods': 0.0, 'efficiency': 8151.055899904921, 'nodepool': [{'instance_type': 'c6a.48xlarge', 'availability_zone': 'None', 'num_instances': 1, 'T3': 5.0}, {'instance_type': 'c6a.4xlarge', 'availability_zone': 'None', 'num_instances': 2, 'T3': 50.0}, {'instance_type': 'c6a.xlarge', 'availability_zone': 'None', 'num_instances': 1, 'T3': 30.0}]}",eu-west-1
2025-05-22 03:10:00+09:00,400,1,4,"{'performance': np.float64(13450536.7183504), 'cost': np.float64(12.950099999999999), 'assignable_pod': np.float64(504.0), 'excess_pod': np.float64(104.0), 'efficiency': np.float64(2060.800523074713), 'nodepool': [{'instance_type': 'm6g.12xlarge', 'availability_zone': 'eu-west-1a', 'num_instances': 1, 'T3': np.float64(50.0)}, {'instance_type': 'm6g.16xlarge', 'availability_zone': 'eu-west-1c', 'num_instances': 1, 'T3': np.float64(50.0)}, {'instance_type': 'm6g.2xlarge', 'availability_zone': 'eu-west-1c', 'num_instances': 1, 'T3': np.float64(50.0)}, {'instance_type': 'r8g.48xlarge', 'availability_zone': 'eu-west-1a', 'num_instances': 2, 'T3': np.float64(10.0)}]}","{'performance': 13344445.381996801, 'cost': 8.531200000000002, 'actual_pods': 400.0, 'excess_pods': 0.0, 'efficiency': 3910.48310378282, 'nodepool': [{'instance_type': 'm6a.2xlarge', 'availability_zone': 'None', 'num_instances': 18, 'T3': 45.0}, {'instance_type': 'm6a.4xlarge', 'availability_zone': 'None', 'num_instances': 1, 'T3': 30.0}, {'instance_type': 'm6a.8xlarge', 'availability_zone': 'None', 'num_instances': 6, 'T3': 15.0}, {'instance_type': 'm6a.large', 'availability_zone': 'None', 'num_instances': 20, 'T3': 50.0}, {'instance_type': 'm7i-flex.large', 'availability_zone': 'None', 'num_instances': 4, 'T3': 10.0}]}",eu-west-1
2025-05-22 03:10:00+09:00,1000,1,2,"{'performance': np.float64(20723274.646966405), 'cost': np.float64(14.858500000000001), 'assignable_pod': np.float64(792.0), 'excess_pod': np.float64(-208.0), 'efficiency': np.float64(1760.9954448212654), 'nodepool': [{'instance_type': 'c5.18xlarge', 'availability_zone': 'eu-west-1c', 'num_instances': 1, 'T3': np.float64(50.0)}, {'instance_type': 'c6g.8xlarge', 'availability_zone': 'eu-west-1b', 'num_instances': 1, 'T3': np.float64(50.0)}, {'instance_type': 'c8g.48xlarge', 'availability_zone': 'eu-west-1c', 'num_instances': 3, 'T3': np.float64(5.0)}, {'instance_type': 'm6g.12xlarge', 'availability_zone': 'eu-west-1a', 'num_instances': 1, 'T3': np.float64(50.0)}, {'instance_type': 'm6g.16xlarge', 'availability_zone': 'eu-west-1c', 'num_instances': 1, 'T3': np.float64(50.0)}]}","{'performance': 31857645.78048, 'cost': 16.601000000000003, 'actual_pods': 1000.0, 'excess_pods': 0.0, 'efficiency': 1919.0196843852777, 'nodepool': [{'instance_type': 'c6a.16xlarge', 'availability_zone': 'None', 'num_instances': 2, 'T3': 5.0}, {'instance_type': 'c6a.4xlarge', 'availability_zone': 'None', 'num_instances': 20, 'T3': 50.0}, {'instance_type': 'c6a.4xlarge', 'availability_zone': 'None', 'num_instances': 20, 'T3': 50.0}, {'instance_type': 'c6a.xlarge', 'availability_zone': 'None', 'num_instances': 12, 'T3': 30.0}, {'instance_type': 'c6a.xlarge', 'availability_zone': 'None', 'num_instances': 20, 'T3': 50.0}, {'instance_type': 't3.small', 'availability_zone': 'None', 'num_instances': 4, 'T3': 50.0}, {'instance_type': 't3a.small', 'availability_zone': 'None', 'num_instances': 20, 'T3': 50.0}, {'instance_type': 't3a.small', 'availability_zone': 'None', 'num_instances': 20, 'T3': 50.0}, {'instance_type': 't4g.small', 'availability_zone': 'None', 'num_instances': 20, 'T3': 50.0}, {'instance_type': 't4g.small', 'availability_zone': 'None', 'num_instances': 20, 'T3': 50.0}, {'instance_type': 't4g.small', 'availability_zone': 'None', 'num_instances': 20, 'T3': 50.0}]}",eu-west-1
2025-05-22 07:10:00+09:00,17,7,7,"{'performance': np.float64(753945.706404), 'cost': np.float64(3.5958), 'assignable_pod': np.float64(27.0), 'excess_pod': np.float64(10.0), 'efficiency': np.float64(7765.703056899717), 'nodepool': [{'instance_type': 'c8g.48xlarge', 'availability_zone': 'eu-west-1c', 'num_instances': 1, 'T3': np.float64(5.0)}]}","{'performance': 621345.6802512001, 'cost': 2.289, 'actual_pods': 18.0, 'excess_pods': 1.0, 'efficiency': 15080.473769506336, 'nodepool': [{'instance_type': 'c6a.16xlarge', 'availability_zone': 'None', 'num_instances': 2, 'T3': 10.0}]}",eu-west-1
2025-05-22 07:10:00+09:00,75,3,5,"{'performance': np.float64(2096573.6109856004), 'cost': np.float64(4.3298000000000005), 'assignable_pod': np.float64(80.0), 'excess_pod': np.float64(5.0), 'efficiency': np.float64(6052.743807409119), 'nodepool': [{'instance_type': 'c6g.12xlarge', 'availability_zone': 'eu-west-1c', 'num_instances': 1, 'T3': np.float64(50.0)}, {'instance_type': 'c8g.48xlarge', 'availability_zone': 'eu-west-1c', 'num_instances': 1, 'T3': np.float64(5.0)}]}","{'performance': 2502335.3078134004, 'cost': 3.8996, 'actual_pods': 75.0, 'excess_pods': 0.0, 'efficiency': 8555.87003047629, 'nodepool': [{'instance_type': 'c6a.24xlarge', 'availability_zone': 'None', 'num_instances': 2, 'T3': 5.0}, {'instance_type': 'c6a.4xlarge', 'availability_zone': 'None', 'num_instances': 2, 'T3': 50.0}, {'instance_type': 'c6a.xlarge', 'availability_zone': 'None', 'num_instances': 1, 'T3': 50.0}]}",eu-west-1
2025-05-22 07:10:00+09:00,287,1,6,"{'performance': np.float64(9585365.768281601), 'cost': np.float64(9.8079), 'assignable_pod': np.float64(352.0), 'excess_pod': np.float64(65.0), 'efficiency': np.float64(2776.4508968076757), 'nodepool': [{'instance_type': 'r6g.16xlarge', 'availability_zone': 'eu-west-1b', 'num_instances': 1, 'T3': np.float64(50.0)}, {'instance_type': 'r8g.24xlarge', 'availability_zone': 'eu-west-1c', 'num_instances': 1, 'T3': np.float64(10.0)}, {'instance_type': 'r8g.48xlarge', 'availability_zone': 'eu-west-1b', 'num_instances': 1, 'T3': np.float64(10.0)}]}","{'performance': 9842681.7979772, 'cost': 7.977, 'actual_pods': 287.0, 'excess_pods': 0.0, 'efficiency': 4299.242638778649, 'nodepool': [{'instance_type': 'r6a.16xlarge', 'availability_zone': 'None', 'num_instances': 4, 'T3': 10.0}, {'instance_type': 'r6a.large', 'availability_zone': 'None', 'num_instances': 15, 'T3': 50.0}, {'instance_type': 'r8g.medium', 'availability_zone': 'None', 'num_instances': 1, 'T3': 50.0}]}",eu-west-1
2025-05-22 07:10:00+09:00,400,1,4,"{'performance': np.float64(11748657.175289601), 'cost': np.float64(11.3096), 'assignable_pod': np.float64(416.0), 'excess_pod': np.float64(16.0), 'efficiency': np.float64(2497.167394397408), 'nodepool': [{'instance_type': 'm6g.8xlarge', 'availability_zone': 'eu-west-1a', 'num_instances': 1, 'T3': np.float64(50.0)}, {'instance_type': 'r8g.48xlarge', 'availability_zone': 'eu-west-1b', 'num_instances': 2, 'T3': np.float64(10.0)}]}","{'performance': 13359616.7708768, 'cost': 8.329799999999999, 'actual_pods': 400.0, 'excess_pods': 0.0, 'efficiency': 4009.5850953434665, 'nodepool': [{'instance_type': 'm6a.16xlarge', 'availability_zone': 'None', 'num_instances': 2, 'T3': 5.0}, {'instance_type': 'm6a.8xlarge', 'availability_zone': 'None', 'num_instances': 8, 'T3': 25.0}, {'instance_type': 'm7i-flex.large', 'availability_zone': 'None', 'num_instances': 8, 'T3': 25.0}]}",eu-west-1
2025-05-22 07:10:00+09:00,439,1,9,"{'performance': np.float64(14781752.602116002), 'cost': np.float64(16.0206), 'assignable_pod': np.float64(510.0), 'excess_pod': np.float64(71.0), 'efficiency': np.float64(1809.1599959801754), 'nodepool': [{'instance_type': 'r8g.48xlarge', 'availability_zone': 'eu-west-1b', 'num_instances': 3, 'T3': np.float64(10.0)}]}","{'performance': 14929852.5574994, 'cost': 13.987400000000001, 'actual_pods': 439.0, 'excess_pods': 0.0, 'efficiency': 2431.38651625047, 'nodepool': [{'instance_type': 'r6a.12xlarge', 'availability_zone': 'None', 'num_instances': 1, 'T3': 5.0}, {'instance_type': 'r6a.16xlarge', 'availability_zone': 'None', 'num_instances': 4, 'T3': 10.0}, {'instance_type': 'r6a.48xlarge', 'availability_zone': 'None', 'num_instances': 1, 'T3': 5.0}, {'instance_type': 'r6a.xlarge', 'availability_zone': 'None', 'num_instances': 1, 'T3': 50.0}]}",eu-west-1
2025-05-22 07:10:00+09:00,1000,1,2,"{'performance': np.float64(28858824.5875936), 'cost': np.float64(26.154700000000002), 'assignable_pod': np.float64(1024.0), 'excess_pod': np.float64(24.0), 'efficiency': np.float64(1077.5289292678515), 'nodepool': [{'instance_type': 'c6g.4xlarge', 'availability_zone': 'eu-west-1c', 'num_instances': 1, 'T3': np.float64(50.0)}, {'instance_type': 'c8g.48xlarge', 'availability_zone': 'eu-west-1c', 'num_instances': 1, 'T3': np.float64(5.0)}, {'instance_type': 'm6g.12xlarge', 'availability_zone': 'eu-west-1a', 'num_instances': 1, 'T3': np.float64(50.0)}, {'instance_type': 'r8g.48xlarge', 'availability_zone': 'eu-west-1b', 'num_instances': 4, 'T3': np.float64(10.0)}]}","{'performance': 32745343.487797603, 'cost': 16.904000000000003, 'actual_pods': 1000.0, 'excess_pods': 0.0, 'efficiency': 1937.135795539375, 'nodepool': [{'instance_type': 'c6a.16xlarge', 'availability_zone': 'None', 'num_instances': 4, 'T3': 10.0}, {'instance_type': 'c6a.24xlarge', 'availability_zone': 'None', 'num_instances': 2, 'T3': 5.0}, {'instance_type': 'c6a.4xlarge', 'availability_zone': 'None', 'num_instances': 1, 'T3': 50.0}, {'instance_type': 'c6a.4xlarge', 'availability_zone': 'None', 'num_instances': 20, 'T3': 50.0}, {'instance_type': 'c6a.xlarge', 'availability_zone': 'None', 'num_instances': 20, 'T3': 50.0}, {'instance_type': 'c6a.xlarge', 'availability_zone': 'None', 'num_instances': 19, 'T3': 50.0}, {'instance_type': 't4g.small', 'availability_zone': 'None', 'num_instances': 20, 'T3': 50.0}, {'instance_type': 't4g.small', 'availability_zone': 'None', 'num_instances': 20, 'T3': 50.0}, {'instance_type': 't4g.small', 'availability_zone': 'None', 'num_instances': 20, 'T3': 50.0}]}",eu-west-1
2025-05-22 07:10:00+09:00,1000,1,4,"{'performance': np.float64(21333668.158176), 'cost': np.float64(20.2464), 'assignable_pod': np.float64(768.0), 'excess_pod': np.float64(-232.0), 'efficiency': np.float64(1372.0075543121245), 'nodepool': [{'instance_type': 'm6g.8xlarge', 'availability_zone': 'eu-west-1a', 'num_instances': 1, 'T3': np.float64(50.0)}, {'instance_type': 'm8g.24xlarge', 'availability_zone': 'eu-west-1c', 'num_instances': 1, 'T3': np.float64(10.0)}, {'instance_type': 'r6g.16xlarge', 'availability_zone': 'eu-west-1b', 'num_instances': 1, 'T3': np.float64(50.0)}, {'instance_type': 'r8g.48xlarge', 'availability_zone': 'eu-west-1b', 'num_instances': 3, 'T3': np.float64(10.0)}]}","{'performance': 33381753.370866403, 'cost': 21.3699, 'actual_pods': 1000.0, 'excess_pods': 0.0, 'efficiency': 1562.0921656566666, 'nodepool': [{'instance_type': 'm6a.16xlarge', 'availability_zone': 'None', 'num_instances': 2, 'T3': 5.0}, {'instance_type': 'm6a.2xlarge', 'availability_zone': 'None', 'num_instances': 13, 'T3': 50.0}, {'instance_type': 'm6a.48xlarge', 'availability_zone': 'None', 'num_instances': 2, 'T3': 5.0}, {'instance_type': 'm6a.8xlarge', 'availability_zone': 'None', 'num_instances': 10, 'T3': 25.0}, {'instance_type': 'm6a.large', 'availability_zone': 'None', 'num_instances': 20, 'T3': 50.0}, {'instance_type': 'm7i-flex.large', 'availability_zone': 'None', 'num_instances': 10, 'T3': 25.0}, {'instance_type': 'm7i-flex.xlarge', 'availability_zone': 'None', 'num_instances': 1, 'T3': 10.0}]}",eu-west-1
2025-05-22 07:10:00+09:00,1000,2,2,"{'performance': np.float64(19379549.939385604), 'cost': np.float64(30.922400000000003), 'assignable_pod': np.float64(688.0), 'excess_pod': np.float64(-312.0), 'efficiency': np.float64(910.9238122944217), 'nodepool': [{'instance_type': 'c6g.8xlarge', 'availability_zone': 'eu-west-1b', 'num_instances': 1, 'T3': np.float64(50.0)}, {'instance_type': 'c8g.48xlarge', 'availability_zone': 'eu-west-1c', 'num_instances': 4, 'T3': np.float64(5.0)}, {'instance_type': 'r8g.48xlarge', 'availability_zone': 'eu-west-1a', 'num_instances': 1, 'T3': np.float64(10.0)}, {'instance_type': 'r8g.48xlarge', 'availability_zone': 'eu-west-1b', 'num_instances': 2, 'T3': np.float64(10.0)}]}","{'performance': 33574296.620672, 'cost': 35.4898, 'actual_pods': 1000.0, 'excess_pods': 0.0, 'efficiency': 946.0266504931558, 'nodepool': [{'instance_type': 'c6a.16xlarge', 'availability_zone': 'None', 'num_instances': 2, 'T3': 5.0}, {'instance_type': 'c6a.16xlarge', 'availability_zone': 'None', 'num_instances': 4, 'T3': 10.0}, {'instance_type': 'c6a.24xlarge', 'availability_zone': 'None', 'num_instances': 2, 'T3': 5.0}, {'instance_type': 'c6a.2xlarge', 'availability_zone': 'None', 'num_instances': 20, 'T3': 50.0}, {'instance_type': 'c6a.2xlarge', 'availability_zone': 'None', 'num_instances': 10, 'T3': 50.0}, {'instance_type': 'c6a.48xlarge', 'availability_zone': 'None', 'num_instances': 2, 'T3': 5.0}, {'instance_type': 'c6a.4xlarge', 'availability_zone': 'None', 'num_instances': 20, 'T3': 50.0}, {'instance_type': 'c6a.4xlarge', 'availability_zone': 'None', 'num_instances': 20, 'T3': 50.0}, {'instance_type': 'c6a.xlarge', 'availability_zone': 'None', 'num_instances': 20, 'T3': 50.0}, {'instance_type': 'c6a.xlarge', 'availability_zone': 'None', 'num_instances': 20, 'T3': 50.0}]}",eu-west-1
2025-05-22 05:10:00+09:00,17,7,7,"{'performance': np.float64(753945.706404), 'cost': np.float64(3.5958), 'assignable_pod': np.float64(27.0), 'excess_pod': np.float64(10.0), 'efficiency': np.float64(7765.703056899717), 'nodepool': [{'instance_type': 'c8g.48xlarge', 'availability_zone': 'eu-west-1c', 'num_instances': 1, 'T3': np.float64(5.0)}]}","{'performance': 621345.6802512001, 'cost': 2.3082, 'actual_pods': 18.0, 'excess_pods': 1.0, 'efficiency': 14955.031824971844, 'nodepool': [{'instance_type': 'c6a.16xlarge', 'availability_zone': 'None', 'num_instances': 2, 'T3': 5.0}]}",eu-west-1
2025-05-22 05:10:00+09:00,75,3,5,"{'performance': np.float64(2096573.6109856004), 'cost': np.float64(4.3298000000000005), 'assignable_pod': np.float64(80.0), 'excess_pod': np.float64(5.0), 'efficiency': np.float64(6052.743807409119), 'nodepool': [{'instance_type': 'c6g.12xlarge', 'availability_zone': 'eu-west-1c', 'num_instances': 1, 'T3': np.float64(50.0)}, {'instance_type': 'c8g.48xlarge', 'availability_zone': 'eu-west-1c', 'num_instances': 1, 'T3': np.float64(5.0)}]}","{'performance': 2503270.7774198004, 'cost': 4.0948, 'actual_pods': 75.0, 'excess_pods': 0.0, 'efficiency': 8151.055899904921, 'nodepool': [{'instance_type': 'c6a.48xlarge', 'availability_zone': 'None', 'num_instances': 1, 'T3': 5.0}, {'instance_type': 'c6a.4xlarge', 'availability_zone': 'None', 'num_instances': 2, 'T3': 50.0}, {'instance_type': 'c6a.xlarge', 'availability_zone': 'None', 'num_instances': 1, 'T3': 50.0}]}",eu-west-1
2025-05-22 05:10:00+09:00,287,1,6,"{'performance': np.float64(8367002.9676716), 'cost': np.float64(8.2808), 'assignable_pod': np.float64(289.0), 'excess_pod': np.float64(2.0), 'efficiency': np.float64(3496.228306707742), 'nodepool': [{'instance_type': 'm6g.large', 'availability_zone': 'eu-west-1c', 'num_instances': 1, 'T3': np.float64(50.0)}, {'instance_type': 'r8g.24xlarge', 'availability_zone': 'eu-west-1c', 'num_instances': 1, 'T3': np.float64(10.0)}, {'instance_type': 'r8g.48xlarge', 'availability_zone': 'eu-west-1b', 'num_instances': 1, 'T3': np.float64(10.0)}]}","{'performance': 9702946.615794001, 'cost': 8.0822, 'actual_pods': 287.0, 'excess_pods': 0.0, 'efficiency': 4183.041295891165, 'nodepool': [{'instance_type': 'r6a.16xlarge', 'availability_zone': 'None', 'num_instances': 2, 'T3': 5.0}, {'instance_type': 'r6a.large', 'availability_zone': 'None', 'num_instances': 1, 'T3': 50.0}, {'instance_type': 'r6a.large', 'availability_zone': 'None', 'num_instances': 20, 'T3': 50.0}, {'instance_type': 'r6a.xlarge', 'availability_zone': 'None', 'num_instances': 9, 'T3': 50.0}, {'instance_type': 'r6a.xlarge', 'availability_zone': 'None', 'num_instances': 20, 'T3': 50.0}, {'instance_type': 'r8g.medium', 'availability_zone': 'None', 'num_instances': 1, 'T3': 50.0}]}",eu-west-1
2025-05-22 05:10:00+09:00,400,1,4,"{'performance': np.float64(11748657.175289601), 'cost': np.float64(11.3096), 'assignable_pod': np.float64(416.0), 'excess_pod': np.float64(16.0), 'efficiency': np.float64(2497.167394397408), 'nodepool': [{'instance_type': 'm6g.8xlarge', 'availability_zone': 'eu-west-1a', 'num_instances': 1, 'T3': np.float64(50.0)}, {'instance_type': 'r8g.48xlarge', 'availability_zone': 'eu-west-1b', 'num_instances': 2, 'T3': np.float64(10.0)}]}","{'performance': 13355396.404326402, 'cost': 8.4836, 'actual_pods': 400.0, 'excess_pods': 0.0, 'efficiency': 3935.6512578169654, 'nodepool': [{'instance_type': 'm6a.2xlarge', 'availability_zone': 'None', 'num_instances': 3, 'T3': 50.0}, {'instance_type': 'm6a.8xlarge', 'availability_zone': 'None', 'num_instances': 10, 'T3': 25.0}, {'instance_type': 'm6a.large', 'availability_zone': 'None', 'num_instances': 20, 'T3': 50.0}, {'instance_type': 'm7i-flex.large', 'availability_zone': 'None', 'num_instances': 8, 'T3': 20.0}]}",eu-west-1
2025-05-22 05:10:00+09:00,439,1,9,"{'performance': np.float64(14781752.602116002), 'cost': np.float64(16.0206), 'assignable_pod': np.float64(510.0), 'excess_pod': np.float64(71.0), 'efficiency': np.float64(1809.1599959801754), 'nodepool': [{'instance_type': 'r8g.48xlarge', 'availability_zone': 'eu-west-1b', 'num_instances': 3, 'T3': np.float64(10.0)}]}","{'performance': 14985179.028890198, 'cost': 14.5994, 'actual_pods': 439.0, 'excess_pods': 0.0, 'efficiency': 2338.0963714972463, 'nodepool': [{'instance_type': 'r6a.16xlarge', 'availability_zone': 'None', 'num_instances': 2, 'T3': 5.0}, {'instance_type': 'r6a.32xlarge', 'availability_zone': 'None', 'num_instances': 2, 'T3': 5.0}, {'instance_type': 'r6a.4xlarge', 'availability_zone': 'None', 'num_instances': 3, 'T3': 50.0}, {'instance_type': 'r6a.8xlarge', 'availability_zone': 'None', 'num_instances': 2, 'T3': 5.0}, {'instance_type': 'r6a.xlarge', 'availability_zone': 'None', 'num_instances': 1, 'T3': 50.0}]}",eu-west-1
2025-05-22 05:10:00+09:00,1000,1,2,"{'performance': np.float64(28858643.833510403), 'cost': np.float64(26.2716), 'assignable_pod': np.float64(1024.0), 'excess_pod': np.float64(24.0), 'efficiency': np.float64(1072.7275601281424), 'nodepool': [{'instance_type': 'c6g.16xlarge', 'availability_zone': 'eu-west-1b', 'num_instances': 1, 'T3': np.float64(50.0)}, {'instance_type': 'c8g.48xlarge', 'availability_zone': 'eu-west-1c', 'num_instances': 1, 'T3': np.float64(5.0)}, {'instance_type': 'r8g.48xlarge', 'availability_zone': 'eu-west-1a', 'num_instances': 1, 'T3': np.float64(10.0)}, {'instance_type': 'r8g.48xlarge', 'availability_zone': 'eu-west-1b', 'num_instances': 2, 'T3': np.float64(10.0)}, {'instance_type': 'r8g.48xlarge', 'availability_zone': 'eu-west-1c', 'num_instances': 1, 'T3': np.float64(50.0)}]}","{'performance': 32381193.058651198, 'cost': 16.8458, 'actual_pods': 1000.0, 'excess_pods': 0.0, 'efficiency': 1922.2116526761092, 'nodepool': [{'instance_type': 'c6a.16xlarge', 'availability_zone': 'None', 'num_instances': 2, 'T3': 5.0}, {'instance_type': 'c6a.4xlarge', 'availability_zone': 'None', 'num_instances': 20, 'T3': 50.0}, {'instance_type': 'c6a.4xlarge', 'availability_zone': 'None', 'num_instances': 20, 'T3': 50.0}, {'instance_type': 'c6a.xlarge', 'availability_zone': 'None', 'num_instances': 20, 'T3': 50.0}, {'instance_type': 'c6a.xlarge', 'availability_zone': 'None', 'num_instances': 20, 'T3': 50.0}, {'instance_type': 't3a.small', 'availability_zone': 'None', 'num_instances': 12, 'T3': 50.0}, {'instance_type': 't4g.small', 'availability_zone': 'None', 'num_instances': 20, 'T3': 50.0}, {'instance_type': 't4g.small', 'availability_zone': 'None', 'num_instances': 20, 'T3': 50.0}, {'instance_type': 't4g.small', 'availability_zone': 'None', 'num_instances': 20, 'T3': 50.0}]}",eu-west-1
2025-05-22 05:10:00+09:00,1000,1,4,"{'performance': np.float64(21333668.158176), 'cost': np.float64(20.240700000000004), 'assignable_pod': np.float64(768.0), 'excess_pod': np.float64(-232.0), 'efficiency': np.float64(1372.3939264761098), 'nodepool': [{'instance_type': 'm6g.8xlarge', 'availability_zone': 'eu-west-1a', 'num_instances': 1, 'T3': np.float64(50.0)}, {'instance_type': 'm8g.24xlarge', 'availability_zone': 'eu-west-1c', 'num_instances': 1, 'T3': np.float64(10.0)}, {'instance_type': 'r6g.16xlarge', 'availability_zone': 'eu-west-1b', 'num_instances': 1, 'T3': np.float64(50.0)}, {'instance_type': 'r8g.48xlarge', 'availability_zone': 'eu-west-1b', 'num_instances': 3, 'T3': np.float64(10.0)}]}","{'performance': 33518795.560921606, 'cost': 21.725600000000007, 'actual_pods': 1000.0, 'excess_pods': 0.0, 'efficiency': 1542.8248499890267, 'nodepool': [{'instance_type': 'm6a.12xlarge', 'availability_zone': 'None', 'num_instances': 4, 'T3': 10.0}, {'instance_type': 'm6a.2xlarge', 'availability_zone': 'None', 'num_instances': 20, 'T3': 50.0}, {'instance_type': 'm6a.4xlarge', 'availability_zone': 'None', 'num_instances': 4, 'T3': 45.0}, {'instance_type': 'm6a.8xlarge', 'availability_zone': 'None', 'num_instances': 10, 'T3': 25.0}, {'instance_type': 'm6a.large', 'availability_zone': 'None', 'num_instances': 20, 'T3': 50.0}, {'instance_type': 'm6a.large', 'availability_zone': 'None', 'num_instances': 20, 'T3': 50.0}, {'instance_type': 'm6a.xlarge', 'availability_zone': 'None', 'num_instances': 20, 'T3': 50.0}, {'instance_type': 'm7i-flex.large', 'availability_zone': 'None', 'num_instances': 8, 'T3': 20.0}, {'instance_type': 'm7i-flex.xlarge', 'availability_zone': 'None', 'num_instances': 16, 'T3': 40.0}, {'instance_type': 'm7i-flex.xlarge', 'availability_zone': 'None', 'num_instances': 6, 'T3': 15.0}]}",eu-west-1
2025-05-22 05:10:00+09:00,1000,2,2,"{'performance': np.float64(19997665.360190403), 'cost': np.float64(34.498799999999996), 'assignable_pod': np.float64(712.0), 'excess_pod': np.float64(-288.0), 'efficiency': np.float64(814.1329162739811), 'nodepool': [{'instance_type': 'c6g.12xlarge', 'availability_zone': 'eu-west-1c', 'num_instances': 1, 'T3': np.float64(50.0)}, {'instance_type': 'c8g.48xlarge', 'availability_zone': 'eu-west-1c', 'num_instances': 4, 'T3': np.float64(5.0)}, {'instance_type': 'm8g.24xlarge', 'availability_zone': 'eu-west-1c', 'num_instances': 1, 'T3': np.float64(10.0)}, {'instance_type': 'r8g.48xlarge', 'availability_zone': 'eu-west-1b', 'num_instances': 2, 'T3': np.float64(10.0)}, {'instance_type': 'x2idn.32xlarge', 'availability_zone': 'eu-west-1c', 'num_instances': 1, 'T3': np.float64(10.0)}]}","{'performance': 33428998.5726604, 'cost': 35.74669999999999, 'actual_pods': 1000.0, 'excess_pods': 0.0, 'efficiency': 935.1632059088087, 'nodepool': [{'instance_type': 'c6a.16xlarge', 'availability_zone': 'None', 'num_instances': 2, 'T3': 5.0}, {'instance_type': 'c6a.2xlarge', 'availability_zone': 'None', 'num_instances': 20, 'T3': 50.0}, {'instance_type': 'c6a.2xlarge', 'availability_zone': 'None', 'num_instances': 20, 'T3': 50.0}, {'instance_type': 'c6a.48xlarge', 'availability_zone': 'None', 'num_instances': 2, 'T3': 5.0}, {'instance_type': 'c6a.4xlarge', 'availability_zone': 'None', 'num_instances': 20, 'T3': 50.0}, {'instance_type': 'c6a.4xlarge', 'availability_zone': 'None', 'num_instances': 9, 'T3': 50.0}, {'instance_type': 'c6a.4xlarge', 'availability_zone': 'None', 'num_instances': 20, 'T3': 50.0}, {'instance_type': 'c6a.8xlarge', 'availability_zone': 'None', 'num_instances': 4, 'T3': 10.0}, {'instance_type': 'c6a.xlarge', 'availability_zone': 'None', 'num_instances': 20, 'T3': 50.0}, {'instance_type': 'c6a.xlarge', 'availability_zone': 'None', 'num_instances': 20, 'T3': 50.0}, {'instance_type': 'c6a.xlarge', 'availability_zone': 'None', 'num_instances': 17, 'T3': 50.0}, {'instance_type': 'c7i-flex.large', 'availability_zone': 'None', 'num_instances': 14, 'T3': 35.0}]}",eu-west-1
2025-05-22 09:20:00+09:00,115,4,2,"{'performance': np.float64(3427175.5373472003), 'cost': np.float64(10.966000000000001), 'assignable_pod': np.float64(120.0), 'excess_pod': np.float64(5.0), 'efficiency': np.float64(2604.3950523946746), 'nodepool': [{'instance_type': 'c8g.48xlarge', 'availability_zone': 'eu-west-1c', 'num_instances': 1, 'T3': np.float64(5.0)}, {'instance_type': 'm8g.24xlarge', 'availability_zone': 'eu-west-1c', 'num_instances': 1, 'T3': np.float64(10.0)}, {'instance_type': 'r8g.48xlarge', 'availability_zone': 'eu-west-1b', 'num_instances': 1, 'T3': np.float64(10.0)}]}","{'performance': 3892907.2997338003, 'cost': 8.016300000000001, 'actual_pods': 115.0, 'excess_pods': 0.0, 'efficiency': 4222.816988357743, 'nodepool': [{'instance_type': 'c6a.16xlarge', 'availability_zone': 'None', 'num_instances': 3, 'T3': 10.0}, {'instance_type': 'c6a.24xlarge', 'availability_zone': 'None', 'num_instances': 2, 'T3': 5.0}, {'instance_type': 'c6a.xlarge', 'availability_zone': 'None', 'num_instances': 19, 'T3': 50.0}]}",eu-west-1
2025-05-22 09:20:00+09:00,1000,1,1,"{'performance': np.float64(28142294.407459203), 'cost': np.float64(22.2209), 'assignable_pod': np.float64(1008.0), 'excess_pod': np.float64(8.0), 'efficiency': np.float64(1256.427186322015), 'nodepool': [{'instance_type': 'c6g.12xlarge', 'availability_zone': 'eu-west-1c', 'num_instances': 1, 'T3': np.float64(50.0)}, {'instance_type': 'c8g.48xlarge', 'availability_zone': 'eu-west-1c', 'num_instances': 3, 'T3': np.float64(5.0)}, {'instance_type': 'r8g.48xlarge', 'availability_zone': 'eu-west-1a', 'num_instances': 1, 'T3': np.float64(10.0)}, {'instance_type': 'r8g.48xlarge', 'availability_zone': 'eu-west-1b', 'num_instances': 1, 'T3': np.float64(10.0)}]}","{'performance': 27859945.093183205, 'cost': 13.2668, 'actual_pods': 1000.0, 'excess_pods': 0.0, 'efficiency': 2099.974756021287, 'nodepool': [{'instance_type': 'c6a.16xlarge', 'availability_zone': 'None', 'num_instances': 4, 'T3': 10.0}, {'instance_type': 'c6a.24xlarge', 'availability_zone': 'None', 'num_instances': 2, 'T3': 5.0}, {'instance_type': 'c6a.4xlarge', 'availability_zone': 'None', 'num_instances': 1, 'T3': 50.0}, {'instance_type': 'c6a.xlarge', 'availability_zone': 'None', 'num_instances': 20, 'T3': 50.0}, {'instance_type': 'c6a.xlarge', 'availability_zone': 'None', 'num_instances': 20, 'T3': 50.0}, {'instance_type': 't2.micro', 'availability_zone': 'None', 'num_instances': 20, 'T3': 50.0}, {'instance_type': 't2.micro', 'availability_zone': 'None', 'num_instances': 20, 'T3': 50.0}, {'instance_type': 't2.micro', 'availability_zone': 'None', 'num_instances': 20, 'T3': 50.0}, {'instance_type': 't3.micro', 'availability_zone': 'None', 'num_instances': 20, 'T3': 50.0}, {'instance_type': 't3.micro', 'availability_zone': 'None', 'num_instances': 20, 'T3': 50.0}, {'instance_type': 't3.micro', 'availability_zone': 'None', 'num_instances': 20, 'T3': 50.0}, {'instance_type': 't3.small', 'availability_zone': 'None', 'num_instances': 20, 'T3': 50.0}, {'instance_type': 't3a.micro', 'availability_zone': 'None', 'num_instances': 20, 'T3': 50.0}, {'instance_type': 't3a.micro', 'availability_zone': 'None', 'num_instances': 20, 'T3': 50.0}, {'instance_type': 't3a.micro', 'availability_zone': 'None', 'num_instances': 20, 'T3': 50.0}, {'instance_type': 't3a.small', 'availability_zone': 'None', 'num_instances': 16, 'T3': 50.0}, {'instance_type': 't3a.small', 'availability_zone': 'None', 'num_instances': 20, 'T3': 50.0}, {'instance_type': 't3a.small', 'availability_zone': 'None', 'num_instances': 20, 'T3': 50.0}, {'instance_type': 't4g.micro', 'availability_zone': 'None', 'num_instances': 20, 'T3': 50.0}, {'instance_type': 't4g.micro', 'availability_zone': 'None', 'num_instances': 20, 'T3': 50.0}, {'instance_type': 't4g.micro', 'availability_zone': 'None', 'num_instances': 20, 'T3': 50.0}, {'instance_type': 't4g.small', 'availability_zone': 'None', 'num_instances': 20, 'T3': 50.0}, {'instance_type': 't4g.small', 'availability_zone': 'None', 'num_instances': 20, 'T3': 50.0}, {'instance_type': 't4g.small', 'availability_zone': 'None', 'num_instances': 20, 'T3': 50.0}]}",eu-west-1
2025-05-22 03:20:00+09:00,115,4,2,"{'performance': np.float64(3427175.5373472003), 'cost': np.float64(10.9643), 'assignable_pod': np.float64(120.0), 'excess_pod': np.float64(5.0), 'efficiency': np.float64(2604.7988603522344), 'nodepool': [{'instance_type': 'c8g.48xlarge', 'availability_zone': 'eu-west-1c', 'num_instances': 1, 'T3': np.float64(5.0)}, {'instance_type': 'm8g.24xlarge', 'availability_zone': 'eu-west-1c', 'num_instances': 1, 'T3': np.float64(10.0)}, {'instance_type': 'r8g.48xlarge', 'availability_zone': 'eu-west-1a', 'num_instances': 1, 'T3': np.float64(10.0)}]}","{'performance': 3870997.8598098, 'cost': 8.0673, 'actual_pods': 115.0, 'excess_pods': 0.0, 'efficiency': 4172.5051696190585, 'nodepool': [{'instance_type': 'c6a.16xlarge', 'availability_zone': 'None', 'num_instances': 2, 'T3': 5.0}, {'instance_type': 'c6a.4xlarge', 'availability_zone': 'None', 'num_instances': 13, 'T3': 50.0}, {'instance_type': 'c6a.xlarge', 'availability_zone': 'None', 'num_instances': 14, 'T3': 35.0}, {'instance_type': 'c6a.xlarge', 'availability_zone': 'None', 'num_instances': 17, 'T3': 50.0}]}",eu-west-1
2025-05-22 03:20:00+09:00,287,1,6,"{'performance': np.float64(7897202.2040502), 'cost': np.float64(8.044), 'assignable_pod': np.float64(293.0), 'excess_pod': np.float64(6.0), 'efficiency': np.float64(3350.6848018705136), 'nodepool': [{'instance_type': 'm6g.8xlarge', 'availability_zone': 'eu-west-1a', 'num_instances': 1, 'T3': np.float64(50.0)}, {'instance_type': 'r7g.12xlarge', 'availability_zone': 'eu-west-1b', 'num_instances': 1, 'T3': np.float64(50.0)}, {'instance_type': 'r7g.8xlarge', 'availability_zone': 'eu-west-1b', 'num_instances': 1, 'T3': np.float64(50.0)}, {'instance_type': 'r8g.48xlarge', 'availability_zone': 'eu-west-1a', 'num_instances': 1, 'T3': np.float64(10.0)}]}","{'performance': 9565324.392385202, 'cost': 8.279599999999999, 'actual_pods': 287.0, 'excess_pods': 0.0, 'efficiency': 4025.3945141625973, 'nodepool': [{'instance_type': 'r6a.2xlarge', 'availability_zone': 'None', 'num_instances': 1, 'T3': 50.0}, {'instance_type': 'r6a.large', 'availability_zone': 'None', 'num_instances': 20, 'T3': 50.0}, {'instance_type': 'r6a.large', 'availability_zone': 'None', 'num_instances': 20, 'T3': 50.0}, {'instance_type': 'r6a.large', 'availability_zone': 'None', 'num_instances': 19, 'T3': 50.0}, {'instance_type': 'r6a.xlarge', 'availability_zone': 'None', 'num_instances': 20, 'T3': 50.0}, {'instance_type': 'r6a.xlarge', 'availability_zone': 'None', 'num_instances': 20, 'T3': 50.0}, {'instance_type': 'r8g.medium', 'availability_zone': 'None', 'num_instances': 1, 'T3': 50.0}]}",eu-west-1
2025-05-22 03:20:00+09:00,439,1,9,"{'performance': np.float64(12331010.053228), 'cost': np.float64(16.7852), 'assignable_pod': np.float64(468.0), 'excess_pod': np.float64(29.0), 'efficiency': np.float64(1569.734771080893), 'nodepool': [{'instance_type': 'r8g.24xlarge', 'availability_zone': 'eu-west-1c', 'num_instances': 2, 'T3': np.float64(5.0)}, {'instance_type': 'r8g.48xlarge', 'availability_zone': 'eu-west-1a', 'num_instances': 1, 'T3': np.float64(10.0)}, {'instance_type': 'x2gd.16xlarge', 'availability_zone': 'eu-west-1b', 'num_instances': 2, 'T3': np.float64(40.0)}]}","{'performance': 14649267.9863502, 'cost': 15.052100000000001, 'actual_pods': 441.0, 'excess_pods': 2.0, 'efficiency': 2206.8877268705737, 'nodepool': [{'instance_type': 'r6a.2xlarge', 'availability_zone': 'None', 'num_instances': 20, 'T3': 50.0}, {'instance_type': 'r6a.2xlarge', 'availability_zone': 'None', 'num_instances': 19, 'T3': 50.0}, {'instance_type': 'r6a.4xlarge', 'availability_zone': 'None', 'num_instances': 8, 'T3': 50.0}, {'instance_type': 'r6a.8xlarge', 'availability_zone': 'None', 'num_instances': 2, 'T3': 5.0}]}",eu-west-1
2025-05-22 03:20:00+09:00,1000,1,4,"{'performance': np.float64(10048832.8514944), 'cost': np.float64(8.5704), 'assignable_pod': np.float64(416.0), 'excess_pod': np.float64(-584.0), 'efficiency': np.float64(2818.5205125440693), 'nodepool': [{'instance_type': 'm6g.12xlarge', 'availability_zone': 'eu-west-1a', 'num_instances': 2, 'T3': np.float64(50.0)}, {'instance_type': 'm6g.16xlarge', 'availability_zone': 'eu-west-1c', 'num_instances': 1, 'T3': np.float64(50.0)}, {'instance_type': 'm6g.8xlarge', 'availability_zone': 'eu-west-1a', 'num_instances': 1, 'T3': np.float64(50.0)}, {'instance_type': 'm8g.24xlarge', 'availability_zone': 'eu-west-1c', 'num_instances': 2, 'T3': np.float64(10.0)}, {'instance_type': 'r7g.8xlarge', 'availability_zone': 'eu-west-1b', 'num_instances': 1, 'T3': np.float64(50.0)}]}","{'performance': 33562897.94888001, 'cost': 21.842200000000005, 'actual_pods': 1000.0, 'excess_pods': 0.0, 'efficiency': 1536.6079400829587, 'nodepool': [{'instance_type': 'm6a.12xlarge', 'availability_zone': 'None', 'num_instances': 2, 'T3': 5.0}, {'instance_type': 'm6a.2xlarge', 'availability_zone': 'None', 'num_instances': 18, 'T3': 45.0}, {'instance_type': 'm6a.2xlarge', 'availability_zone': 'None', 'num_instances': 7, 'T3': 50.0}, {'instance_type': 'm6a.4xlarge', 'availability_zone': 'None', 'num_instances': 14, 'T3': 35.0}, {'instance_type': 'm6a.8xlarge', 'availability_zone': 'None', 'num_instances': 2, 'T3': 5.0}, {'instance_type': 'm6a.8xlarge', 'availability_zone': 'None', 'num_instances': 6, 'T3': 15.0}, {'instance_type': 'm6a.large', 'availability_zone': 'None', 'num_instances': 20, 'T3': 50.0}, {'instance_type': 'm6a.large', 'availability_zone': 'None', 'num_instances': 20, 'T3': 50.0}, {'instance_type': 'm7i-flex.large', 'availability_zone': 'None', 'num_instances': 4, 'T3': 10.0}, {'instance_type': 'm7i-flex.xlarge', 'availability_zone': 'None', 'num_instances': 16, 'T3': 40.0}, {'instance_type': 'm7i-flex.xlarge', 'availability_zone': 'None', 'num_instances': 16, 'T3': 40.0}, {'instance_type': 'm7i-flex.xlarge', 'availability_zone': 'None', 'num_instances': 2, 'T3': 5.0}]}",eu-west-1
2025-05-22 03:20:00+09:00,1000,2,2,"{'performance': np.float64(13952210.878883202), 'cost': np.float64(22.057199999999998), 'assignable_pod': np.float64(498.0), 'excess_pod': np.float64(-502.0), 'efficiency': np.float64(1270.1742609488424), 'nodepool': [{'instance_type': 'c6g.2xlarge', 'availability_zone': 'eu-west-1b', 'num_instances': 2, 'T3': np.float64(50.0)}, {'instance_type': 'c6g.4xlarge', 'availability_zone': 'eu-west-1c', 'num_instances': 1, 'T3': np.float64(50.0)}, {'instance_type': 'c8g.48xlarge', 'availability_zone': 'eu-west-1c', 'num_instances': 3, 'T3': np.float64(5.0)}, {'instance_type': 'r8g.48xlarge', 'availability_zone': 'eu-west-1a', 'num_instances': 2, 'T3': np.float64(10.0)}, {'instance_type': 't3.xlarge', 'availability_zone': 'eu-west-1c', 'num_instances': 1, 'T3': np.float64(50.0)}]}","{'performance': 33430125.672310397, 'cost': 35.785199999999996, 'actual_pods': 1000.0, 'excess_pods': 0.0, 'efficiency': 934.188593952539, 'nodepool': [{'instance_type': 'c6a.16xlarge', 'availability_zone': 'None', 'num_instances': 2, 'T3': 5.0}, {'instance_type': 'c6a.2xlarge', 'availability_zone': 'None', 'num_instances': 20, 'T3': 50.0}, {'instance_type': 'c6a.2xlarge', 'availability_zone': 'None', 'num_instances': 20, 'T3': 50.0}, {'instance_type': 'c6a.48xlarge', 'availability_zone': 'None', 'num_instances': 2, 'T3': 5.0}, {'instance_type': 'c6a.4xlarge', 'availability_zone': 'None', 'num_instances': 20, 'T3': 50.0}, {'instance_type': 'c6a.4xlarge', 'availability_zone': 'None', 'num_instances': 15, 'T3': 50.0}, {'instance_type': 'c6a.4xlarge', 'availability_zone': 'None', 'num_instances': 20, 'T3': 50.0}, {'instance_type': 'c6a.8xlarge', 'availability_zone': 'None', 'num_instances': 2, 'T3': 5.0}, {'instance_type': 'c6a.xlarge', 'availability_zone': 'None', 'num_instances': 14, 'T3': 35.0}, {'instance_type': 'c6a.xlarge', 'availability_zone': 'None', 'num_instances': 20, 'T3': 50.0}, {'instance_type': 'c6a.xlarge', 'availability_zone': 'None', 'num_instances': 14, 'T3': 35.0}, {'instance_type': 'c7i-flex.large', 'availability_zone': 'None', 'num_instances': 16, 'T3': 40.0}]}",eu-west-1
2025-05-22 07:20:00+09:00,115,4,2,"{'performance': np.float64(3427175.5373472003), 'cost': np.float64(10.966000000000001), 'assignable_pod': np.float64(120.0), 'excess_pod': np.float64(5.0), 'efficiency': np.float64(2604.3950523946746), 'nodepool': [{'instance_type': 'c8g.48xlarge', 'availability_zone': 'eu-west-1c', 'num_instances': 1, 'T3': np.float64(5.0)}, {'instance_type': 'm8g.24xlarge', 'availability_zone': 'eu-west-1c', 'num_instances': 1, 'T3': np.float64(10.0)}, {'instance_type': 'r8g.48xlarge', 'availability_zone': 'eu-west-1b', 'num_instances': 1, 'T3': np.float64(10.0)}]}","{'performance': 3892907.2997338003, 'cost': 8.0035, 'actual_pods': 115.0, 'excess_pods': 0.0, 'efficiency': 4229.570540859896, 'nodepool': [{'instance_type': 'c6a.16xlarge', 'availability_zone': 'None', 'num_instances': 3, 'T3': 10.0}, {'instance_type': 'c6a.24xlarge', 'availability_zone': 'None', 'num_instances': 2, 'T3': 5.0}, {'instance_type': 'c6a.xlarge', 'availability_zone': 'None', 'num_instances': 19, 'T3': 50.0}]}",eu-west-1
2025-05-22 07:20:00+09:00,1000,1,1,"{'performance': np.float64(28142294.407459207), 'cost': np.float64(22.2018), 'assignable_pod': np.float64(1008.0), 'excess_pod': np.float64(8.0), 'efficiency': np.float64(1257.5080788288728), 'nodepool': [{'instance_type': 'c6g.12xlarge', 'availability_zone': 'eu-west-1c', 'num_instances': 1, 'T3': np.float64(50.0)}, {'instance_type': 'c8g.48xlarge', 'availability_zone': 'eu-west-1c', 'num_instances': 3, 'T3': np.float64(5.0)}, {'instance_type': 'r8g.48xlarge', 'availability_zone': 'eu-west-1b', 'num_instances': 2, 'T3': np.float64(10.0)}]}","{'performance': 27859945.093183205, 'cost': 13.252399999999998, 'actual_pods': 1000.0, 'excess_pods': 0.0, 'efficiency': 2102.2565794258558, 'nodepool': [{'instance_type': 'c6a.16xlarge', 'availability_zone': 'None', 'num_instances': 4, 'T3': 10.0}, {'instance_type': 'c6a.24xlarge', 'availability_zone': 'None', 'num_instances': 2, 'T3': 5.0}, {'instance_type': 'c6a.4xlarge', 'availability_zone': 'None', 'num_instances': 1, 'T3': 50.0}, {'instance_type': 'c6a.xlarge', 'availability_zone': 'None', 'num_instances': 20, 'T3': 50.0}, {'instance_type': 'c6a.xlarge', 'availability_zone': 'None', 'num_instances': 20, 'T3': 50.0}, {'instance_type': 't2.micro', 'availability_zone': 'None', 'num_instances': 20, 'T3': 50.0}, {'instance_type': 't2.micro', 'availability_zone': 'None', 'num_instances': 20, 'T3': 50.0}, {'instance_type': 't2.micro', 'availability_zone': 'None', 'num_instances': 20, 'T3': 50.0}, {'instance_type': 't3.micro', 'availability_zone': 'None', 'num_instances': 20, 'T3': 50.0}, {'instance_type': 't3.micro', 'availability_zone': 'None', 'num_instances': 20, 'T3': 50.0}, {'instance_type': 't3.micro', 'availability_zone': 'None', 'num_instances': 20, 'T3': 50.0}, {'instance_type': 't3.small', 'availability_zone': 'None', 'num_instances': 20, 'T3': 50.0}, {'instance_type': 't3a.micro', 'availability_zone': 'None', 'num_instances': 20, 'T3': 50.0}, {'instance_type': 't3a.micro', 'availability_zone': 'None', 'num_instances': 20, 'T3': 50.0}, {'instance_type': 't3a.micro', 'availability_zone': 'None', 'num_instances': 20, 'T3': 50.0}, {'instance_type': 't3a.small', 'availability_zone': 'None', 'num_instances': 16, 'T3': 50.0}, {'instance_type': 't3a.small', 'availability_zone': 'None', 'num_instances': 20, 'T3': 50.0}, {'instance_type': 't3a.small', 'availability_zone': 'None', 'num_instances': 20, 'T3': 50.0}, {'instance_type': 't4g.micro', 'availability_zone': 'None', 'num_instances': 20, 'T3': 50.0}, {'instance_type': 't4g.micro', 'availability_zone': 'None', 'num_instances': 20, 'T3': 50.0}, {'instance_type': 't4g.micro', 'availability_zone': 'None', 'num_instances': 20, 'T3': 50.0}, {'instance_type': 't4g.small', 'availability_zone': 'None', 'num_instances': 20, 'T3': 50.0}, {'instance_type': 't4g.small', 'availability_zone': 'None', 'num_instances': 20, 'T3': 50.0}, {'instance_type': 't4g.small', 'availability_zone': 'None', 'num_instances': 20, 'T3': 50.0}]}",eu-west-1
2025-05-22 05:20:00+09:00,115,4,2,"{'performance': np.float64(3427175.5373472003), 'cost': np.float64(10.9607), 'assignable_pod': np.float64(120.0), 'excess_pod': np.float64(5.0), 'efficiency': np.float64(2605.6543965768615), 'nodepool': [{'instance_type': 'c8g.48xlarge', 'availability_zone': 'eu-west-1c', 'num_instances': 1, 'T3': np.float64(5.0)}, {'instance_type': 'm8g.24xlarge', 'availability_zone': 'eu-west-1c', 'num_instances': 1, 'T3': np.float64(10.0)}, {'instance_type': 'r8g.48xlarge', 'availability_zone': 'eu-west-1b', 'num_instances': 1, 'T3': np.float64(10.0)}]}","{'performance': 3871524.6596065997, 'cost': 8.055700000000002, 'actual_pods': 115.0, 'excess_pods': 0.0, 'efficiency': 4179.082118582628, 'nodepool': [{'instance_type': 'c6a.16xlarge', 'availability_zone': 'None', 'num_instances': 2, 'T3': 5.0}, {'instance_type': 'c6a.4xlarge', 'availability_zone': 'None', 'num_instances': 11, 'T3': 50.0}, {'instance_type': 'c6a.xlarge', 'availability_zone': 'None', 'num_instances': 20, 'T3': 50.0}, {'instance_type': 'c6a.xlarge', 'availability_zone': 'None', 'num_instances': 19, 'T3': 50.0}]}",eu-west-1
2025-05-22 05:20:00+09:00,1000,1,1,"{'performance': np.float64(28142294.407459207), 'cost': np.float64(22.2018), 'assignable_pod': np.float64(1008.0), 'excess_pod': np.float64(8.0), 'efficiency': np.float64(1257.5080788288728), 'nodepool': [{'instance_type': 'c6g.12xlarge', 'availability_zone': 'eu-west-1c', 'num_instances': 1, 'T3': np.float64(50.0)}, {'instance_type': 'c8g.48xlarge', 'availability_zone': 'eu-west-1c', 'num_instances': 3, 'T3': np.float64(5.0)}, {'instance_type': 'r8g.48xlarge', 'availability_zone': 'eu-west-1b', 'num_instances': 2, 'T3': np.float64(10.0)}]}","{'performance': 27691458.243916005, 'cost': 13.278899999999997, 'actual_pods': 1000.0, 'excess_pods': 0.0, 'efficiency': 2085.3729031708963, 'nodepool': [{'instance_type': 'c6a.16xlarge', 'availability_zone': 'None', 'num_instances': 2, 'T3': 5.0}, {'instance_type': 'c6a.4xlarge', 'availability_zone': 'None', 'num_instances': 1, 'T3': 50.0}, {'instance_type': 'c6a.4xlarge', 'availability_zone': 'None', 'num_instances': 20, 'T3': 50.0}, {'instance_type': 'c6a.xlarge', 'availability_zone': 'None', 'num_instances': 20, 'T3': 50.0}, {'instance_type': 'c6a.xlarge', 'availability_zone': 'None', 'num_instances': 20, 'T3': 50.0}, {'instance_type': 't2.micro', 'availability_zone': 'None', 'num_instances': 20, 'T3': 50.0}, {'instance_type': 't2.micro', 'availability_zone': 'None', 'num_instances': 20, 'T3': 50.0}, {'instance_type': 't2.micro', 'availability_zone': 'None', 'num_instances': 20, 'T3': 50.0}, {'instance_type': 't3.micro', 'availability_zone': 'None', 'num_instances': 20, 'T3': 50.0}, {'instance_type': 't3.micro', 'availability_zone': 'None', 'num_instances': 20, 'T3': 50.0}, {'instance_type': 't3.micro', 'availability_zone': 'None', 'num_instances': 20, 'T3': 50.0}, {'instance_type': 't3.small', 'availability_zone': 'None', 'num_instances': 20, 'T3': 50.0}, {'instance_type': 't3a.micro', 'availability_zone': 'None', 'num_instances': 20, 'T3': 50.0}, {'instance_type': 't3a.micro', 'availability_zone': 'None', 'num_instances': 20, 'T3': 50.0}, {'instance_type': 't3a.micro', 'availability_zone': 'None', 'num_instances': 20, 'T3': 50.0}, {'instance_type': 't3a.small', 'availability_zone': 'None', 'num_instances': 16, 'T3': 50.0}, {'instance_type': 't3a.small', 'availability_zone': 'None', 'num_instances': 20, 'T3': 50.0}, {'instance_type': 't3a.small', 'availability_zone': 'None', 'num_instances': 20, 'T3': 50.0}, {'instance_type': 't4g.micro', 'availability_zone': 'None', 'num_instances': 20, 'T3': 50.0}, {'instance_type': 't4g.micro', 'availability_zone': 'None', 'num_instances': 20, 'T3': 50.0}, {'instance_type': 't4g.micro', 'availability_zone': 'None', 'num_instances': 20, 'T3': 50.0}, {'instance_type': 't4g.small', 'availability_zone': 'None', 'num_instances': 20, 'T3': 50.0}, {'instance_type': 't4g.small', 'availability_zone': 'None', 'num_instances': 20, 'T3': 50.0}, {'instance_type': 't4g.small', 'availability_zone': 'None', 'num_instances': 20, 'T3': 50.0}]}",eu-west-1
2025-05-22 03:30:00+09:00,1000,1,1,"{'performance': np.float64(27735287.592892807), 'cost': np.float64(18.7093), 'assignable_pod': np.float64(1008.0), 'excess_pod': np.float64(8.0), 'efficiency': np.float64(1470.6678637250184), 'nodepool': [{'instance_type': 'c6g.12xlarge', 'availability_zone': 'eu-west-1c', 'num_instances': 1, 'T3': np.float64(50.0)}, {'instance_type': 'c8g.48xlarge', 'availability_zone': 'eu-west-1c', 'num_instances': 5, 'T3': np.float64(5.0)}]}","{'performance': 27690404.644322407, 'cost': 13.284399999999996, 'actual_pods': 1000.0, 'excess_pods': 0.0, 'efficiency': 2084.430207184548, 'nodepool': [{'instance_type': 'c6a.16xlarge', 'availability_zone': 'None', 'num_instances': 2, 'T3': 5.0}, {'instance_type': 'c6a.4xlarge', 'availability_zone': 'None', 'num_instances': 2, 'T3': 50.0}, {'instance_type': 'c6a.4xlarge', 'availability_zone': 'None', 'num_instances': 20, 'T3': 50.0}, {'instance_type': 'c6a.xlarge', 'availability_zone': 'None', 'num_instances': 16, 'T3': 40.0}, {'instance_type': 'c6a.xlarge', 'availability_zone': 'None', 'num_instances': 20, 'T3': 50.0}, {'instance_type': 't2.micro', 'availability_zone': 'None', 'num_instances': 20, 'T3': 50.0}, {'instance_type': 't2.micro', 'availability_zone': 'None', 'num_instances': 20, 'T3': 50.0}, {'instance_type': 't2.micro', 'availability_zone': 'None', 'num_instances': 20, 'T3': 50.0}, {'instance_type': 't3.micro', 'availability_zone': 'None', 'num_instances': 20, 'T3': 50.0}, {'instance_type': 't3.micro', 'availability_zone': 'None', 'num_instances': 20, 'T3': 50.0}, {'instance_type': 't3.micro', 'availability_zone': 'None', 'num_instances': 20, 'T3': 50.0}, {'instance_type': 't3.small', 'availability_zone': 'None', 'num_instances': 20, 'T3': 50.0}, {'instance_type': 't3a.micro', 'availability_zone': 'None', 'num_instances': 20, 'T3': 50.0}, {'instance_type': 't3a.micro', 'availability_zone': 'None', 'num_instances': 20, 'T3': 50.0}, {'instance_type': 't3a.micro', 'availability_zone': 'None', 'num_instances': 20, 'T3': 50.0}, {'instance_type': 't3a.small', 'availability_zone': 'None', 'num_instances': 16, 'T3': 50.0}, {'instance_type': 't3a.small', 'availability_zone': 'None', 'num_instances': 20, 'T3': 50.0}, {'instance_type': 't3a.small', 'availability_zone': 'None', 'num_instances': 20, 'T3': 50.0}, {'instance_type': 't4g.micro', 'availability_zone': 'None', 'num_instances': 20, 'T3': 50.0}, {'instance_type': 't4g.micro', 'availability_zone': 'None', 'num_instances': 20, 'T3': 50.0}, {'instance_type': 't4g.micro', 'availability_zone': 'None', 'num_instances': 20, 'T3': 50.0}, {'instance_type': 't4g.small', 'availability_zone': 'None', 'num_instances': 20, 'T3': 50.0}, {'instance_type': 't4g.small', 'availability_zone': 'None', 'num_instances': 20, 'T3': 50.0}, {'instance_type': 't4g.small', 'availability_zone': 'None', 'num_instances': 20, 'T3': 50.0}]}",eu-west-1
