pods,cpu,mem,actual_pods,excess_pods,Total Assigned Instances,Total Assignable Pods,Total CPU,Total Memory,cost,performance,nodepool_config
10,1,2,10.0,0.0,10,10.0,10.0,20.0,0.085,196885.9771,"[{'instance_type': 't4g.small', 'availability_zone': 'euw1-az3', 'num_instances': 10, 'T3': 50.0}]"
10,1,4,192.0,182.0,1,192.0,192.0,768.0,4.2076,5903431.0272,"[{'instance_type': 'm6a.48xlarge', 'availability_zone': 'euw1-az2', 'num_instances': 1, 'T3': 10.0}]"
10,2,2,16.0,6.0,2,16.0,32.0,64.0,0.5064,492559.1768,"[{'instance_type': 'c8gd.4xlarge', 'availability_zone': 'euw1-az3', 'num_instances': 2, 'T3': 5.0}]"
17,7,7,22.0,5.0,2,22.0,160.0,320.0,2.6183,677268.8681,"[{'instance_type': 'c8gd.16xlarge', 'availability_zone': 'euw1-az1', 'num_instances': 1, 'T3': 1.0}, {'instance_type': 'c8gd.metal-24xl', 'availability_zone': 'euw1-az1', 'num_instances': 1, 'T3': 1.0}]"
50,1,2,50.0,0.0,50,50.0,50.0,100.0,0.425,984429.8857,"[{'instance_type': 't4g.small', 'availability_zone': 'euw1-az3', 'num_instances': 50, 'T3': 50.0}]"
50,1,4,192.0,142.0,1,192.0,192.0,768.0,4.2076,5903431.0272,"[{'instance_type': 'm6a.48xlarge', 'availability_zone': 'euw1-az2', 'num_instances': 1, 'T3': 10.0}]"
50,2,2,88.0,38.0,6,88.0,176.0,352.0,2.8288,2709075.4724,"[{'instance_type': 'c8gd.4xlarge', 'availability_zone': 'euw1-az3', 'num_instances': 5, 'T3': 5.0}, {'instance_type': 'c8gd.metal-24xl', 'availability_zone': 'euw1-az1', 'num_instances': 1, 'T3': 1.0}]"
75,3,5,78.0,3.0,7,78.0,240.0,480.0,3.8843,2401225.9869,"[{'instance_type': 'c8gd.metal-24xl', 'availability_zone': 'euw1-az1', 'num_instances': 1, 'T3': 1.0}, {'instance_type': 'c8gd.16xlarge', 'availability_zone': 'euw1-az1', 'num_instances': 1, 'T3': 1.0}, {'instance_type': 'c8gd.4xlarge', 'availability_zone': 'euw1-az3', 'num_instances': 5, 'T3': 5.0}]"
100,1,2,100.0,0.0,100,100.0,100.0,200.0,0.855,1968859.7714,"[{'instance_type': 't4g.small', 'availability_zone': 'euw1-az3', 'num_instances': 50, 'T3': 50.0}, {'instance_type': 't4g.small', 'availability_zone': 'euw1-az2', 'num_instances': 50, 'T3': 50.0}]"
100,1,4,192.0,92.0,1,192.0,192.0,768.0,4.2076,5903431.0272,"[{'instance_type': 'm6a.48xlarge', 'availability_zone': 'euw1-az2', 'num_instances': 1, 'T3': 10.0}]"
100,2,2,120.0,20.0,7,120.0,240.0,480.0,3.8843,3694193.826,"[{'instance_type': 'c8gd.4xlarge', 'availability_zone': 'euw1-az3', 'num_instances': 5, 'T3': 5.0}, {'instance_type': 'c8gd.metal-24xl', 'availability_zone': 'euw1-az1', 'num_instances': 1, 'T3': 1.0}, {'instance_type': 'c8gd.16xlarge', 'availability_zone': 'euw1-az1', 'num_instances': 1, 'T3': 1.0}]"
115,4,2,156.0,41.0,9,156.0,624.0,1248.0,10.6223,4802451.9738,"[{'instance_type': 'c8gd.4xlarge', 'availability_zone': 'euw1-az3', 'num_instances': 5, 'T3': 5.0}, {'instance_type': 'c8gd.metal-24xl', 'availability_zone': 'euw1-az1', 'num_instances': 1, 'T3': 1.0}, {'instance_type': 'c8gd.16xlarge', 'availability_zone': 'euw1-az1', 'num_instances': 1, 'T3': 1.0}, {'instance_type': 'c8gd.48xlarge', 'availability_zone': 'euw1-az1', 'num_instances': 1, 'T3': 1.0}, {'instance_type': 'c8gd.48xlarge', 'availability_zone': 'euw1-az3', 'num_instances': 1, 'T3': 1.0}]"
287,1,6,334.0,47.0,12,334.0,334.0,2672.0,9.0,10313901.2888,"[{'instance_type': 'r8gd.large', 'availability_zone': 'euw1-az1', 'num_instances': 1, 'T3': 1.0}, {'instance_type': 'r8gd.2xlarge', 'availability_zone': 'euw1-az3', 'num_instances': 5, 'T3': 5.0}, {'instance_type': 'r8gd.16xlarge', 'availability_zone': 'euw1-az1', 'num_instances': 1, 'T3': 1.0}, {'instance_type': 'r8gd.4xlarge', 'availability_zone': 'euw1-az1', 'num_instances': 1, 'T3': 1.0}, {'instance_type': 'r8gd.xlarge', 'availability_zone': 'euw1-az1', 'num_instances': 1, 'T3': 1.0}, {'instance_type': 'r8gd.12xlarge', 'availability_zone': 'euw1-az3', 'num_instances': 1, 'T3': 1.0}, {'instance_type': 'r8gd.metal-24xl', 'availability_zone': 'euw1-az3', 'num_instances': 1, 'T3': 1.0}, {'instance_type': 'r6a.16xlarge', 'availability_zone': 'euw1-az3', 'num_instances': 1, 'T3': 1.0}]"
400,1,2,440.0,40.0,207,440.0,440.0,880.0,5.7543,11430287.0663,"[{'instance_type': 't4g.small', 'availability_zone': 'euw1-az3', 'num_instances': 50, 'T3': 50.0}, {'instance_type': 't4g.small', 'availability_zone': 'euw1-az2', 'num_instances': 50, 'T3': 50.0}, {'instance_type': 't4g.small', 'availability_zone': 'euw1-az1', 'num_instances': 50, 'T3': 50.0}, {'instance_type': 'c8gd.4xlarge', 'availability_zone': 'euw1-az3', 'num_instances': 5, 'T3': 5.0}, {'instance_type': 't2.small', 'availability_zone': 'euw1-az2', 'num_instances': 50, 'T3': 50.0}, {'instance_type': 'c8gd.metal-24xl', 'availability_zone': 'euw1-az1', 'num_instances': 1, 'T3': 1.0}, {'instance_type': 'c8gd.16xlarge', 'availability_zone': 'euw1-az1', 'num_instances': 1, 'T3': 1.0}]"
400,1,4,576.0,176.0,3,576.0,576.0,2304.0,12.6228,17710293.0816,"[{'instance_type': 'm6a.48xlarge', 'availability_zone': 'euw1-az2', 'num_instances': 3, 'T3': 10.0}]"
400,2,2,424.0,24.0,12,424.0,848.0,1696.0,14.6953,13052818.1852,"[{'instance_type': 'c8gd.4xlarge', 'availability_zone': 'euw1-az3', 'num_instances': 5, 'T3': 5.0}, {'instance_type': 'c8gd.metal-24xl', 'availability_zone': 'euw1-az1', 'num_instances': 1, 'T3': 1.0}, {'instance_type': 'c8gd.16xlarge', 'availability_zone': 'euw1-az1', 'num_instances': 1, 'T3': 1.0}, {'instance_type': 'c8gd.48xlarge', 'availability_zone': 'euw1-az1', 'num_instances': 1, 'T3': 1.0}, {'instance_type': 'c8gd.48xlarge', 'availability_zone': 'euw1-az3', 'num_instances': 1, 'T3': 1.0}, {'instance_type': 'c8gd.8xlarge', 'availability_zone': 'euw1-az3', 'num_instances': 1, 'T3': 1.0}, {'instance_type': 'c8gd.metal-24xl', 'availability_zone': 'euw1-az3', 'num_instances': 1, 'T3': 1.0}, {'instance_type': 'c8gd.24xlarge', 'availability_zone': 'euw1-az3', 'num_instances': 1, 'T3': 5.0}]"
439,1,9,443.0,4.0,13,443.0,504.0,4032.0,13.9203,13660608.7052,"[{'instance_type': 'r8gd.2xlarge', 'availability_zone': 'euw1-az3', 'num_instances': 5, 'T3': 5.0}, {'instance_type': 'r8gd.16xlarge', 'availability_zone': 'euw1-az1', 'num_instances': 1, 'T3': 1.0}, {'instance_type': 'r8gd.4xlarge', 'availability_zone': 'euw1-az1', 'num_instances': 1, 'T3': 1.0}, {'instance_type': 'r8gd.metal-24xl', 'availability_zone': 'euw1-az3', 'num_instances': 1, 'T3': 1.0}, {'instance_type': 'r8gd.12xlarge', 'availability_zone': 'euw1-az3', 'num_instances': 1, 'T3': 1.0}, {'instance_type': 'r6a.16xlarge', 'availability_zone': 'euw1-az3', 'num_instances': 1, 'T3': 1.0}, {'instance_type': 'r8gd.4xlarge', 'availability_zone': 'euw1-az3', 'num_instances': 1, 'T3': 1.0}, {'instance_type': 'r8gd.24xlarge', 'availability_zone': 'euw1-az3', 'num_instances': 1, 'T3': 1.0}, {'instance_type': 'r6a.16xlarge', 'availability_zone': 'euw1-az1', 'num_instances': 1, 'T3': 1.0}]"
1000,1,2,1024.0,24.0,409,1024.0,1024.0,2048.0,14.7923,27464287.9523,"[{'instance_type': 't4g.small', 'availability_zone': 'euw1-az3', 'num_instances': 50, 'T3': 50.0}, {'instance_type': 't4g.small', 'availability_zone': 'euw1-az2', 'num_instances': 50, 'T3': 50.0}, {'instance_type': 't4g.small', 'availability_zone': 'euw1-az1', 'num_instances': 50, 'T3': 50.0}, {'instance_type': 'c8gd.4xlarge', 'availability_zone': 'euw1-az3', 'num_instances': 5, 'T3': 5.0}, {'instance_type': 't2.small', 'availability_zone': 'euw1-az2', 'num_instances': 50, 'T3': 50.0}, {'instance_type': 'c8gd.metal-24xl', 'availability_zone': 'euw1-az1', 'num_instances': 1, 'T3': 1.0}, {'instance_type': 'c8gd.16xlarge', 'availability_zone': 'euw1-az1', 'num_instances': 1, 'T3': 1.0}, {'instance_type': 't3.small', 'availability_zone': 'euw1-az1', 'num_instances': 50, 'T3': 50.0}, {'instance_type': 't3.small', 'availability_zone': 'euw1-az2', 'num_instances': 50, 'T3': 50.0}, {'instance_type': 't2.small', 'availability_zone': 'euw1-az3', 'num_instances': 50, 'T3': 50.0}, {'instance_type': 't2.small', 'availability_zone': 'euw1-az1', 'num_instances': 50, 'T3': 50.0}, {'instance_type': 'c8gd.48xlarge', 'availability_zone': 'euw1-az1', 'num_instances': 1, 'T3': 1.0}, {'instance_type': 'c8gd.48xlarge', 'availability_zone': 'euw1-az3', 'num_instances': 1, 'T3': 1.0}]"
1000,1,4,1152.0,152.0,6,1152.0,1152.0,4608.0,25.2456,35420586.1632,"[{'instance_type': 'm6a.48xlarge', 'availability_zone': 'euw1-az2', 'num_instances': 6, 'T3': 10.0}]"
1000,2,2,1004.0,4.0,36,1004.0,2008.0,4016.0,36.523,30879254.4436,"[{'instance_type': 'c8gd.4xlarge', 'availability_zone': 'euw1-az3', 'num_instances': 5, 'T3': 5.0}, {'instance_type': 'c8gd.metal-24xl', 'availability_zone': 'euw1-az1', 'num_instances': 1, 'T3': 1.0}, {'instance_type': 'c8gd.16xlarge', 'availability_zone': 'euw1-az1', 'num_instances': 1, 'T3': 1.0}, {'instance_type': 'c8gd.48xlarge', 'availability_zone': 'euw1-az1', 'num_instances': 1, 'T3': 1.0}, {'instance_type': 'c8gd.48xlarge', 'availability_zone': 'euw1-az3', 'num_instances': 1, 'T3': 1.0}, {'instance_type': 'c8gd.8xlarge', 'availability_zone': 'euw1-az3', 'num_instances': 1, 'T3': 1.0}, {'instance_type': 'c8gd.metal-24xl', 'availability_zone': 'euw1-az3', 'num_instances': 1, 'T3': 1.0}, {'instance_type': 'c8gd.24xlarge', 'availability_zone': 'euw1-az3', 'num_instances': 5, 'T3': 5.0}, {'instance_type': 'c8gd.2xlarge', 'availability_zone': 'euw1-az3', 'num_instances': 5, 'T3': 5.0}, {'instance_type': 'c6a.8xlarge', 'availability_zone': 'euw1-az1', 'num_instances': 1, 'T3': 1.0}, {'instance_type': 'c8gd.2xlarge', 'availability_zone': 'euw1-az1', 'num_instances': 1, 'T3': 1.0}, {'instance_type': 'c6a.2xlarge', 'availability_zone': 'euw1-az2', 'num_instances': 5, 'T3': 5.0}, {'instance_type': 'c8g.metal-48xl', 'availability_zone': 'euw1-az1', 'num_instances': 1, 'T3': 1.0}, {'instance_type': 'c8gd.24xlarge', 'availability_zone': 'euw1-az1', 'num_instances': 1, 'T3': 1.0}, {'instance_type': 'c8gd.metal-48xl', 'availability_zone': 'euw1-az1', 'num_instances': 1, 'T3': 1.0}, {'instance_type': 'c8g.12xlarge', 'availability_zone': 'euw1-az1', 'num_instances': 1, 'T3': 1.0}, {'instance_type': 'c8gd.8xlarge', 'availability_zone': 'euw1-az1', 'num_instances': 1, 'T3': 1.0}, {'instance_type': 'c6a.16xlarge', 'availability_zone': 'euw1-az1', 'num_instances': 1, 'T3': 1.0}, {'instance_type': 'c8g.4xlarge', 'availability_zone': 'euw1-az1', 'num_instances': 2, 'T3': 30.0}]"
