pods,cpu,mem,alpha,cost,performance,perf_per_cost,actual_pods,excess_pods,iterations,explored_alphas,explored_podcount,nodepool_config,workload_intensity
10,1,2,0.2361,0.0411,200973.4703,4889865.4571,10.0,0.0,10,"[np.float64(0.3819660112501051), np.float64(0.6180339887498949), np.float64(0.2360679774997897), np.float64(0.1458980337503154), np.float64(0.29179606750063086), np.float64(0.20162612375115663), np.float64(0.25735421375199785), np.float64(0.2705098312484227), np.float64(0.278640450004206), np.float64(0.2836654487448475), np.float64(0.28677106875998937), np.float64(0.288690447485489)]","[3278.0, 721179.0, 10.0, 10.0, 16.0, 10.0, 10.0, 10.0, 10.0, 10.0, 10.0, 16.0]","[{'instance_type': 'c6gd.2xlarge', 'availability_zone': 'us-east-1d', 'num_instances': 1, 'T3': 50.0}, {'instance_type': 't2.small', 'availability_zone': 'us-east-1c', 'num_instances': 2, 'T3': 50.0}]",default
10,1,2,0.0132,4.5726,441983373.6101,96659094.0843,192.0,182.0,10,"[np.float64(0.3819660112501051), np.float64(0.6180339887498949), np.float64(0.2360679774997897), np.float64(0.1458980337503154), np.float64(0.09016994374947422), np.float64(0.05572809000084119), np.float64(0.03444185374863301), np.float64(0.021286236252208175), np.float64(0.013155617496424831), np.float64(0.008130618755783343), np.float64(0.01626123751156669), np.float64(0.018180616237066318)]","[414106.0, 1221539.0, 72148.0, 60144.0, 46252.0, 36936.0, 10192.0, 416.0, 192.0, 10.0, 192.0, 320.0]","[{'instance_type': 'r8gn.48xlarge', 'availability_zone': 'us-east-1d', 'num_instances': 1, 'T3': 1.0}]",network
10,1,2,0.005,0.0411,399148.9004,9711652.0779,10.0,0.0,10,"[np.float64(0.3819660112501051), np.float64(0.6180339887498949), np.float64(0.2360679774997897), np.float64(0.1458980337503154), np.float64(0.09016994374947422), np.float64(0.05572809000084119), np.float64(0.03444185374863301), np.float64(0.021286236252208175), np.float64(0.013155617496424831), np.float64(0.008130618755783343), np.float64(0.005024998740641487), np.float64(0.003105620015141856)]","[679332.0, 1238891.0, 268400.0, 245004.0, 220708.0, 188168.0, 108768.0, 43664.0, 13696.0, 192.0, 10.0, 10.0]","[{'instance_type': 'c6gd.2xlarge', 'availability_zone': 'us-east-1d', 'num_instances': 1, 'T3': 50.0}, {'instance_type': 't2.small', 'availability_zone': 'us-east-1c', 'num_instances': 2, 'T3': 50.0}]",disk
10,1,2,0.0445,2.1289,102972605.3491,48368925.4306,96.0,86.0,10,"[np.float64(0.3819660112501051), np.float64(0.6180339887498949), np.float64(0.2360679774997897), np.float64(0.1458980337503154), np.float64(0.09016994374947422), np.float64(0.05572809000084119), np.float64(0.03444185374863301), np.float64(0.021286236252208175), np.float64(0.042572472504416356), np.float64(0.047597471245057844), np.float64(0.0394668524892745), np.float64(0.04449185122991599)]","[22446.0, 743635.0, 17968.0, 15472.0, 10176.0, 640.0, 10.0, 10.0, 10.0, 320.0, 10.0, 96.0]","[{'instance_type': 'm6idn.24xlarge', 'availability_zone': 'us-east-1c', 'num_instances': 1, 'T3': 1.0}]",disk_network
10,1,4,0.1803,0.1024,309827.0312,3025654.6016,10.0,0.0,10,"[np.float64(0.3819660112501051), np.float64(0.6180339887498949), np.float64(0.2360679774997897), np.float64(0.1458980337503154), np.float64(0.09016994374947422), np.float64(0.18033988749894847), np.float64(0.20162612375115666), np.float64(0.16718427000252362), np.float64(0.18847050625473183), np.float64(0.1934955049953733), np.float64(0.18536488623958997), np.float64(0.19038988498023143)]","[239042.0, 1018343.0, 3520.0, 10.0, 10.0, 10.0, 64.0, 10.0, 10.0, 32.0, 10.0, 10.0]","[{'instance_type': 'm8g.xlarge', 'availability_zone': 'us-east-1f', 'num_instances': 2, 'T3': 15.0}, {'instance_type': 'r8g.medium', 'availability_zone': 'us-east-1d', 'num_instances': 2, 'T3': 35.0}]",default
10,1,4,0.0132,4.5726,441983373.6101,96659094.0843,192.0,182.0,10,"[np.float64(0.3819660112501051), np.float64(0.6180339887498949), np.float64(0.2360679774997897), np.float64(0.1458980337503154), np.float64(0.09016994374947422), np.float64(0.05572809000084119), np.float64(0.03444185374863301), np.float64(0.021286236252208175), np.float64(0.013155617496424831), np.float64(0.008130618755783343), np.float64(0.01626123751156669), np.float64(0.018180616237066318)]","[310219.0, 1051039.0, 64268.0, 50824.0, 36408.0, 27344.0, 8448.0, 384.0, 192.0, 10.0, 192.0, 288.0]","[{'instance_type': 'r8gn.48xlarge', 'availability_zone': 'us-east-1d', 'num_instances': 1, 'T3': 1.0}]",network
10,1,4,0.0031,0.0798,389418.9233,4879936.3817,10.0,0.0,10,"[np.float64(0.3819660112501051), np.float64(0.6180339887498949), np.float64(0.2360679774997897), np.float64(0.1458980337503154), np.float64(0.09016994374947422), np.float64(0.05572809000084119), np.float64(0.03444185374863301), np.float64(0.021286236252208175), np.float64(0.013155617496424831), np.float64(0.008130618755783343), np.float64(0.005024998740641487), np.float64(0.003105620015141856)]","[952337.0, 1131068.0, 484713.0, 236858.0, 204070.0, 188868.0, 163980.0, 95800.0, 37376.0, 11808.0, 9600.0, 10.0]","[{'instance_type': 'c6gd.2xlarge', 'availability_zone': 'us-east-1d', 'num_instances': 2, 'T3': 50.0}, {'instance_type': 't3a.large', 'availability_zone': 'us-east-1b', 'num_instances': 1, 'T3': 50.0}]",disk
10,1,4,0.0213,2.1289,102972605.3491,48368925.4306,96.0,86.0,10,"[np.float64(0.3819660112501051), np.float64(0.6180339887498949), np.float64(0.2360679774997897), np.float64(0.1458980337503154), np.float64(0.09016994374947422), np.float64(0.05572809000084119), np.float64(0.03444185374863301), np.float64(0.021286236252208175), np.float64(0.013155617496424831), np.float64(0.026311234992849666), np.float64(0.01818061623706632), np.float64(0.02320561497770781)]","[261330.0, 1028845.0, 23664.0, 18448.0, 15520.0, 15216.0, 7296.0, 96.0, 10.0, 640.0, 10.0, 416.0]","[{'instance_type': 'm6idn.24xlarge', 'availability_zone': 'us-east-1c', 'num_instances': 1, 'T3': 1.0}]",disk_network
10,2,2,0.1459,0.0921,236143.62,2563991.5309,12.0,2.0,10,"[np.float64(0.3819660112501051), np.float64(0.6180339887498949), np.float64(0.2360679774997897), np.float64(0.1458980337503154), np.float64(0.09016994374947422), np.float64(0.18033988749894847), np.float64(0.20162612375115666), np.float64(0.16718427000252362), np.float64(0.18847050625473183), np.float64(0.1934955049953733), np.float64(0.19660112501051516), np.float64(0.1985205037360148)]","[119058.0, 571342.0, 1368.0, 12.0, 12.0, 12.0, 200.0, 12.0, 12.0, 12.0, 12.0, 12.0]","[{'instance_type': 'c6gd.2xlarge', 'availability_zone': 'us-east-1d', 'num_instances': 3, 'T3': 50.0}]",default
10,2,2,0.0132,4.5726,220991686.805,48329547.0422,96.0,86.0,10,"[np.float64(0.3819660112501051), np.float64(0.6180339887498949), np.float64(0.2360679774997897), np.float64(0.1458980337503154), np.float64(0.09016994374947422), np.float64(0.05572809000084119), np.float64(0.03444185374863301), np.float64(0.021286236252208175), np.float64(0.013155617496424831), np.float64(0.008130618755783343), np.float64(0.01626123751156669), np.float64(0.018180616237066318)]","[159330.0, 590283.0, 35236.0, 29320.0, 22398.0, 16348.0, 1632.0, 160.0, 96.0, 12.0, 96.0, 96.0]","[{'instance_type': 'r8gn.48xlarge', 'availability_zone': 'us-east-1d', 'num_instances': 1, 'T3': 1.0}]",network
10,2,2,0.0081,2.3105,174262199.9141,75421856.7038,96.0,86.0,10,"[np.float64(0.3819660112501051), np.float64(0.6180339887498949), np.float64(0.2360679774997897), np.float64(0.1458980337503154), np.float64(0.09016994374947422), np.float64(0.05572809000084119), np.float64(0.03444185374863301), np.float64(0.021286236252208175), np.float64(0.013155617496424831), np.float64(0.008130618755783343), np.float64(0.005024998740641487), np.float64(0.010049997481282975)]","[347843.0, 619105.0, 139038.0, 122718.0, 112038.0, 94116.0, 55060.0, 23080.0, 6848.0, 96.0, 12.0, 6432.0]","[{'instance_type': 'c8gd.metal-48xl', 'availability_zone': 'us-east-1b', 'num_instances': 1, 'T3': 1.0}]",disk
10,2,2,0.0263,2.1289,51486302.6746,24184462.7153,48.0,38.0,10,"[np.float64(0.3819660112501051), np.float64(0.6180339887498949), np.float64(0.2360679774997897), np.float64(0.1458980337503154), np.float64(0.09016994374947422), np.float64(0.05572809000084119), np.float64(0.03444185374863301), np.float64(0.021286236252208175), np.float64(0.013155617496424831), np.float64(0.026311234992849666), np.float64(0.029416855007991523), np.float64(0.02439185626735003)]","[130030.0, 577173.0, 10664.0, 8960.0, 7736.0, 5568.0, 320.0, 12.0, 12.0, 48.0, 272.0, 12.0]","[{'instance_type': 'm6idn.24xlarge', 'availability_zone': 'us-east-1c', 'num_instances': 1, 'T3': 1.0}]",disk_network
17,7,7,0.2361,0.52,334735.9812,643723.0408,17.0,0.0,10,"[np.float64(0.3819660112501051), np.float64(0.6180339887498949), np.float64(0.2360679774997897), np.float64(0.1458980337503154), np.float64(0.29179606750063086), np.float64(0.32623792124926393), np.float64(0.3475241575014721), np.float64(0.36067977499789694), np.float64(0.36881039375368024), np.float64(0.37383539249432174), np.float64(0.3769410125094636), np.float64(0.3719160137688221)]","[59.0, 57391.0, 17.0, 17.0, 17.0, 17.0, 17.0, 17.0, 17.0, 17.0, 59.0, 17.0]","[{'instance_type': 'c6gd.2xlarge', 'availability_zone': 'us-east-1d', 'num_instances': 8, 'T3': 50.0}, {'instance_type': 'g5g.16xlarge', 'availability_zone': 'us-east-1c', 'num_instances': 1, 'T3': 1.0}]",default
17,7,7,0.0557,2.2629,2585804.3485,1142694.9262,18.0,1.0,10,"[np.float64(0.3819660112501051), np.float64(0.6180339887498949), np.float64(0.2360679774997897), np.float64(0.1458980337503154), np.float64(0.09016994374947422), np.float64(0.05572809000084119), np.float64(0.03444185374863301), np.float64(0.06888370749726604), np.float64(0.04759747124505785), np.float64(0.06075308874148269), np.float64(0.06385870875662454), np.float64(0.058833710015983046)]","[150971.0, 164100.0, 89603.0, 14367.0, 439.0, 18.0, 17.0, 36.0, 18.0, 18.0, 36.0, 18.0]","[{'instance_type': 'c6in.32xlarge', 'availability_zone': 'us-east-1d', 'num_instances': 1, 'T3': 1.0}]",network
17,7,7,0.0213,0.604,800110.1478,1324685.6751,18.0,1.0,10,"[np.float64(0.3819660112501051), np.float64(0.6180339887498949), np.float64(0.2360679774997897), np.float64(0.1458980337503154), np.float64(0.09016994374947422), np.float64(0.05572809000084119), np.float64(0.03444185374863301), np.float64(0.021286236252208175), np.float64(0.013155617496424831), np.float64(0.026311234992849666), np.float64(0.029416855007991523), np.float64(0.031336233733491155)]","[152426.0, 164376.0, 113123.0, 43290.0, 10601.0, 2591.0, 90.0, 18.0, 18.0, 18.0, 18.0, 18.0]","[{'instance_type': 'c6gd.16xlarge', 'availability_zone': 'us-east-1c', 'num_instances': 2, 'T3': 10.0}]",disk
17,7,7,0.2148,3.8619,3217893.9172,833241.1293,18.0,1.0,10,"[np.float64(0.3819660112501051), np.float64(0.6180339887498949), np.float64(0.2360679774997897), np.float64(0.1458980337503154), np.float64(0.09016994374947422), np.float64(0.18033988749894847), np.float64(0.20162612375115666), np.float64(0.2147817412475815), np.float64(0.22291236000336484), np.float64(0.22793735874400634), np.float64(0.219806739988223), np.float64(0.22483173872886447)]","[9557.0, 120406.0, 62.0, 17.0, 17.0, 17.0, 17.0, 18.0, 18.0, 31.0, 18.0, 31.0]","[{'instance_type': 'm6idn.32xlarge', 'availability_zone': 'us-east-1b', 'num_instances': 1, 'T3': 1.0}]",disk_network
50,1,2,0.2361,0.1946,988118.8703,5077692.0364,50.0,0.0,10,"[np.float64(0.3819660112501051), np.float64(0.6180339887498949), np.float64(0.2360679774997897), np.float64(0.1458980337503154), np.float64(0.29179606750063086), np.float64(0.20162612375115663), np.float64(0.25735421375199785), np.float64(0.2705098312484227), np.float64(0.278640450004206), np.float64(0.2836654487448475), np.float64(0.28677106875998937), np.float64(0.288690447485489)]","[3278.0, 721179.0, 50.0, 50.0, 56.0, 50.0, 50.0, 50.0, 50.0, 50.0, 50.0, 56.0]","[{'instance_type': 'c6gd.2xlarge', 'availability_zone': 'us-east-1d', 'num_instances': 6, 'T3': 50.0}, {'instance_type': 't2.small', 'availability_zone': 'us-east-1c', 'num_instances': 2, 'T3': 50.0}]",default
50,1,2,0.0132,4.5726,441983373.6101,96659094.0843,192.0,142.0,10,"[np.float64(0.3819660112501051), np.float64(0.6180339887498949), np.float64(0.2360679774997897), np.float64(0.1458980337503154), np.float64(0.09016994374947422), np.float64(0.05572809000084119), np.float64(0.03444185374863301), np.float64(0.021286236252208175), np.float64(0.013155617496424831), np.float64(0.008130618755783343), np.float64(0.01626123751156669), np.float64(0.018180616237066318)]","[414106.0, 1221539.0, 72148.0, 60144.0, 46252.0, 36936.0, 10192.0, 416.0, 192.0, 50.0, 192.0, 320.0]","[{'instance_type': 'r8gn.48xlarge', 'availability_zone': 'us-east-1d', 'num_instances': 1, 'T3': 1.0}]",network
50,1,2,0.0081,2.3105,348524399.8281,150843713.4075,192.0,142.0,10,"[np.float64(0.3819660112501051), np.float64(0.6180339887498949), np.float64(0.2360679774997897), np.float64(0.1458980337503154), np.float64(0.09016994374947422), np.float64(0.05572809000084119), np.float64(0.03444185374863301), np.float64(0.021286236252208175), np.float64(0.013155617496424831), np.float64(0.008130618755783343), np.float64(0.005024998740641487), np.float64(0.010049997481282975)]","[679332.0, 1238891.0, 268400.0, 245004.0, 220708.0, 188168.0, 108768.0, 43664.0, 13696.0, 192.0, 50.0, 12864.0]","[{'instance_type': 'c8gd.metal-48xl', 'availability_zone': 'us-east-1b', 'num_instances': 1, 'T3': 1.0}]",disk
50,1,2,0.0426,2.1289,102972605.3491,48368925.4306,96.0,46.0,10,"[np.float64(0.3819660112501051), np.float64(0.6180339887498949), np.float64(0.2360679774997897), np.float64(0.1458980337503154), np.float64(0.09016994374947422), np.float64(0.05572809000084119), np.float64(0.03444185374863301), np.float64(0.021286236252208175), np.float64(0.042572472504416356), np.float64(0.047597471245057844), np.float64(0.0394668524892745), np.float64(0.04449185122991599)]","[22446.0, 743635.0, 17968.0, 15472.0, 10176.0, 640.0, 50.0, 50.0, 96.0, 320.0, 50.0, 96.0]","[{'instance_type': 'm6idn.24xlarge', 'availability_zone': 'us-east-1c', 'num_instances': 1, 'T3': 1.0}]",disk_network
50,1,4,0.1459,0.4048,1639536.484,4050238.3498,64.0,14.0,10,"[np.float64(0.3819660112501051), np.float64(0.6180339887498949), np.float64(0.2360679774997897), np.float64(0.1458980337503154), np.float64(0.09016994374947422), np.float64(0.18033988749894847), np.float64(0.20162612375115666), np.float64(0.2147817412475815), np.float64(0.19349550499537332), np.float64(0.20665112249179815), np.float64(0.19852050373601482), np.float64(0.2035455024766563)]","[239042.0, 1018343.0, 3520.0, 64.0, 50.0, 64.0, 64.0, 256.0, 64.0, 192.0, 64.0, 192.0]","[{'instance_type': 'm7g.metal', 'availability_zone': 'us-east-1f', 'num_instances': 1, 'T3': 1.0}]",default
50,1,4,0.0132,4.5726,441983373.6101,96659094.0843,192.0,142.0,10,"[np.float64(0.3819660112501051), np.float64(0.6180339887498949), np.float64(0.2360679774997897), np.float64(0.1458980337503154), np.float64(0.09016994374947422), np.float64(0.05572809000084119), np.float64(0.03444185374863301), np.float64(0.021286236252208175), np.float64(0.013155617496424831), np.float64(0.008130618755783343), np.float64(0.01626123751156669), np.float64(0.018180616237066318)]","[310219.0, 1051039.0, 64268.0, 50824.0, 36408.0, 27344.0, 8448.0, 384.0, 192.0, 50.0, 192.0, 288.0]","[{'instance_type': 'r8gn.48xlarge', 'availability_zone': 'us-east-1d', 'num_instances': 1, 'T3': 1.0}]",network
50,1,4,0.0031,0.3141,1373056.0134,4371397.6867,50.0,0.0,10,"[np.float64(0.3819660112501051), np.float64(0.6180339887498949), np.float64(0.2360679774997897), np.float64(0.1458980337503154), np.float64(0.09016994374947422), np.float64(0.05572809000084119), np.float64(0.03444185374863301), np.float64(0.021286236252208175), np.float64(0.013155617496424831), np.float64(0.008130618755783343), np.float64(0.005024998740641487), np.float64(0.003105620015141856)]","[952337.0, 1131068.0, 484713.0, 236858.0, 204070.0, 188868.0, 163980.0, 95800.0, 37376.0, 11808.0, 9600.0, 50.0]","[{'instance_type': 'c6gd.2xlarge', 'availability_zone': 'us-east-1d', 'num_instances': 4, 'T3': 50.0}, {'instance_type': 'r6g.8xlarge', 'availability_zone': 'us-east-1f', 'num_instances': 1, 'T3': 40.0}, {'instance_type': 't3a.large', 'availability_zone': 'us-east-1b', 'num_instances': 1, 'T3': 50.0}]",disk
50,1,4,0.0213,2.1289,102972605.3491,48368925.4306,96.0,46.0,10,"[np.float64(0.3819660112501051), np.float64(0.6180339887498949), np.float64(0.2360679774997897), np.float64(0.1458980337503154), np.float64(0.09016994374947422), np.float64(0.05572809000084119), np.float64(0.03444185374863301), np.float64(0.021286236252208175), np.float64(0.013155617496424831), np.float64(0.026311234992849666), np.float64(0.01818061623706632), np.float64(0.02320561497770781)]","[261330.0, 1028845.0, 23664.0, 18448.0, 15520.0, 15216.0, 7296.0, 96.0, 50.0, 640.0, 50.0, 416.0]","[{'instance_type': 'm6idn.24xlarge', 'availability_zone': 'us-east-1c', 'num_instances': 1, 'T3': 1.0}]",disk_network
50,2,2,0.1459,0.3991,1023289.02,2563991.5309,52.0,2.0,10,"[np.float64(0.3819660112501051), np.float64(0.6180339887498949), np.float64(0.2360679774997897), np.float64(0.1458980337503154), np.float64(0.09016994374947422), np.float64(0.18033988749894847), np.float64(0.20162612375115666), np.float64(0.16718427000252362), np.float64(0.18847050625473183), np.float64(0.1934955049953733), np.float64(0.19660112501051516), np.float64(0.1985205037360148)]","[119058.0, 571342.0, 1368.0, 52.0, 52.0, 52.0, 200.0, 52.0, 52.0, 52.0, 52.0, 52.0]","[{'instance_type': 'c6gd.2xlarge', 'availability_zone': 'us-east-1d', 'num_instances': 13, 'T3': 50.0}]",default
50,2,2,0.0132,4.5726,220991686.805,48329547.0422,96.0,46.0,10,"[np.float64(0.3819660112501051), np.float64(0.6180339887498949), np.float64(0.2360679774997897), np.float64(0.1458980337503154), np.float64(0.09016994374947422), np.float64(0.05572809000084119), np.float64(0.03444185374863301), np.float64(0.021286236252208175), np.float64(0.013155617496424831), np.float64(0.008130618755783343), np.float64(0.01626123751156669), np.float64(0.018180616237066318)]","[159330.0, 590283.0, 35236.0, 29320.0, 22398.0, 16348.0, 1632.0, 160.0, 96.0, 52.0, 96.0, 96.0]","[{'instance_type': 'r8gn.48xlarge', 'availability_zone': 'us-east-1d', 'num_instances': 1, 'T3': 1.0}]",network
50,2,2,0.0081,2.3105,174262199.9141,75421856.7038,96.0,46.0,10,"[np.float64(0.3819660112501051), np.float64(0.6180339887498949), np.float64(0.2360679774997897), np.float64(0.1458980337503154), np.float64(0.09016994374947422), np.float64(0.05572809000084119), np.float64(0.03444185374863301), np.float64(0.021286236252208175), np.float64(0.013155617496424831), np.float64(0.008130618755783343), np.float64(0.005024998740641487), np.float64(0.010049997481282975)]","[347843.0, 619105.0, 139038.0, 122718.0, 112038.0, 94116.0, 55060.0, 23080.0, 6848.0, 96.0, 52.0, 6432.0]","[{'instance_type': 'c8gd.metal-48xl', 'availability_zone': 'us-east-1b', 'num_instances': 1, 'T3': 1.0}]",disk
50,2,2,0.0244,2.1596,51565017.2146,23877114.8428,52.0,2.0,10,"[np.float64(0.3819660112501051), np.float64(0.6180339887498949), np.float64(0.2360679774997897), np.float64(0.1458980337503154), np.float64(0.09016994374947422), np.float64(0.05572809000084119), np.float64(0.03444185374863301), np.float64(0.021286236252208175), np.float64(0.042572472504416356), np.float64(0.02941685500799152), np.float64(0.026311234992849663), np.float64(0.02439185626735003)]","[130030.0, 577173.0, 10664.0, 8960.0, 7736.0, 5568.0, 320.0, 52.0, 3808.0, 272.0, 112.0, 52.0]","[{'instance_type': 'c6gd.2xlarge', 'availability_zone': 'us-east-1d', 'num_instances': 1, 'T3': 50.0}, {'instance_type': 'm6idn.24xlarge', 'availability_zone': 'us-east-1c', 'num_instances': 1, 'T3': 1.0}]",disk_network
75,3,5,0.1459,1.0472,1477291.9284,1410706.5779,75.0,0.0,10,"[np.float64(0.3819660112501051), np.float64(0.6180339887498949), np.float64(0.2360679774997897), np.float64(0.1458980337503154), np.float64(0.09016994374947422), np.float64(0.18033988749894847), np.float64(0.20162612375115666), np.float64(0.16718427000252362), np.float64(0.18847050625473183), np.float64(0.1934955049953733), np.float64(0.18536488623958997), np.float64(0.19038988498023143)]","[115809.0, 370487.0, 642.0, 75.0, 75.0, 75.0, 84.0, 75.0, 75.0, 84.0, 75.0, 75.0]","[{'instance_type': 'c6gd.2xlarge', 'availability_zone': 'us-east-1d', 'num_instances': 6, 'T3': 50.0}, {'instance_type': 'g5g.16xlarge', 'availability_zone': 'us-east-1c', 'num_instances': 1, 'T3': 1.0}, {'instance_type': 'g5g.16xlarge', 'availability_zone': 'us-east-1d', 'num_instances': 2, 'T3': 10.0}]",default
75,3,5,0.0132,4.7568,147563934.8234,31021681.5555,76.0,1.0,10,"[np.float64(0.3819660112501051), np.float64(0.6180339887498949), np.float64(0.2360679774997897), np.float64(0.1458980337503154), np.float64(0.09016994374947422), np.float64(0.05572809000084119), np.float64(0.03444185374863301), np.float64(0.021286236252208175), np.float64(0.013155617496424831), np.float64(0.008130618755783343), np.float64(0.01626123751156669), np.float64(0.018180616237066318)]","[141952.0, 380839.0, 23121.0, 19710.0, 15255.0, 12318.0, 3401.0, 138.0, 76.0, 75.0, 76.0, 106.0]","[{'instance_type': 'c6gd.2xlarge', 'availability_zone': 'us-east-1d', 'num_instances': 6, 'T3': 50.0}, {'instance_type': 'r8gn.48xlarge', 'availability_zone': 'us-east-1d', 'num_instances': 1, 'T3': 1.0}]",network
75,3,5,0.0081,2.6125,123642494.6552,47327270.6814,85.0,10.0,10,"[np.float64(0.3819660112501051), np.float64(0.6180339887498949), np.float64(0.2360679774997897), np.float64(0.1458980337503154), np.float64(0.09016994374947422), np.float64(0.05572809000084119), np.float64(0.03444185374863301), np.float64(0.021286236252208175), np.float64(0.013155617496424831), np.float64(0.008130618755783343), np.float64(0.005024998740641487), np.float64(0.010049997481282975)]","[187674.0, 377481.0, 84358.0, 79307.0, 70906.0, 58108.0, 30206.0, 10071.0, 4352.0, 85.0, 75.0, 1088.0]","[{'instance_type': 'c6gd.16xlarge', 'availability_zone': 'us-east-1c', 'num_instances': 1, 'T3': 10.0}, {'instance_type': 'c8gd.metal-48xl', 'availability_zone': 'us-east-1b', 'num_instances': 1, 'T3': 1.0}]",disk
75,3,5,0.0232,6.0215,94430912.1734,15682290.488,76.0,1.0,10,"[np.float64(0.3819660112501051), np.float64(0.6180339887498949), np.float64(0.2360679774997897), np.float64(0.1458980337503154), np.float64(0.09016994374947422), np.float64(0.05572809000084119), np.float64(0.03444185374863301), np.float64(0.021286236252208175), np.float64(0.013155617496424831), np.float64(0.026311234992849666), np.float64(0.01818061623706632), np.float64(0.02320561497770781)]","[122957.0, 374260.0, 6748.0, 5906.0, 5138.0, 4748.0, 1438.0, 76.0, 75.0, 180.0, 75.0, 76.0]","[{'instance_type': 'c6gd.2xlarge', 'availability_zone': 'us-east-1d', 'num_instances': 1, 'T3': 50.0}, {'instance_type': 'm6idn.24xlarge', 'availability_zone': 'us-east-1c', 'num_instances': 1, 'T3': 1.0}, {'instance_type': 'm6idn.32xlarge', 'availability_zone': 'us-east-1b', 'num_instances': 1, 'T3': 1.0}]",disk_network
100,1,2,0.2361,0.3892,1976237.7406,5077692.0364,100.0,0.0,10,"[np.float64(0.3819660112501051), np.float64(0.6180339887498949), np.float64(0.2360679774997897), np.float64(0.1458980337503154), np.float64(0.29179606750063086), np.float64(0.20162612375115663), np.float64(0.25735421375199785), np.float64(0.2229123600033648), np.float64(0.244198596255573), np.float64(0.23104297875914817), np.float64(0.2391735975149315), np.float64(0.24109297624043116)]","[3278.0, 721179.0, 100.0, 100.0, 104.0, 100.0, 104.0, 100.0, 104.0, 100.0, 100.0, 100.0]","[{'instance_type': 'c6gd.2xlarge', 'availability_zone': 'us-east-1d', 'num_instances': 12, 'T3': 50.0}, {'instance_type': 't2.small', 'availability_zone': 'us-east-1c', 'num_instances': 4, 'T3': 50.0}]",default
100,1,2,0.0132,4.5726,441983373.6101,96659094.0843,192.0,92.0,10,"[np.float64(0.3819660112501051), np.float64(0.6180339887498949), np.float64(0.2360679774997897), np.float64(0.1458980337503154), np.float64(0.09016994374947422), np.float64(0.05572809000084119), np.float64(0.03444185374863301), np.float64(0.021286236252208175), np.float64(0.013155617496424831), np.float64(0.008130618755783343), np.float64(0.01626123751156669), np.float64(0.018180616237066318)]","[414106.0, 1221539.0, 72148.0, 60144.0, 46252.0, 36936.0, 10192.0, 416.0, 192.0, 100.0, 192.0, 320.0]","[{'instance_type': 'r8gn.48xlarge', 'availability_zone': 'us-east-1d', 'num_instances': 1, 'T3': 1.0}]",network
100,1,2,0.0081,2.3105,348524399.8281,150843713.4075,192.0,92.0,10,"[np.float64(0.3819660112501051), np.float64(0.6180339887498949), np.float64(0.2360679774997897), np.float64(0.1458980337503154), np.float64(0.09016994374947422), np.float64(0.05572809000084119), np.float64(0.03444185374863301), np.float64(0.021286236252208175), np.float64(0.013155617496424831), np.float64(0.008130618755783343), np.float64(0.005024998740641487), np.float64(0.010049997481282975)]","[679332.0, 1238891.0, 268400.0, 245004.0, 220708.0, 188168.0, 108768.0, 43664.0, 13696.0, 192.0, 100.0, 12864.0]","[{'instance_type': 'c8gd.metal-48xl', 'availability_zone': 'us-east-1b', 'num_instances': 1, 'T3': 1.0}]",disk
100,1,2,0.0426,2.1497,103059694.1297,47941430.9577,100.0,0.0,10,"[np.float64(0.3819660112501051), np.float64(0.6180339887498949), np.float64(0.2360679774997897), np.float64(0.1458980337503154), np.float64(0.09016994374947422), np.float64(0.05572809000084119), np.float64(0.03444185374863301), np.float64(0.06888370749726604), np.float64(0.04759747124505785), np.float64(0.042572472504416356), np.float64(0.0394668524892745), np.float64(0.044491851229915995)]","[22446.0, 743635.0, 17968.0, 15472.0, 10176.0, 640.0, 100.0, 4416.0, 320.0, 100.0, 100.0, 100.0]","[{'instance_type': 'm6idn.24xlarge', 'availability_zone': 'us-east-1c', 'num_instances': 1, 'T3': 1.0}, {'instance_type': 't2.small', 'availability_zone': 'us-east-1c', 'num_instances': 4, 'T3': 50.0}]",disk_network
100,1,4,0.1803,0.6169,2391466.9008,3876587.6168,100.0,0.0,10,"[np.float64(0.3819660112501051), np.float64(0.6180339887498949), np.float64(0.2360679774997897), np.float64(0.1458980337503154), np.float64(0.09016994374947422), np.float64(0.18033988749894847), np.float64(0.20162612375115666), np.float64(0.16718427000252362), np.float64(0.18847050625473183), np.float64(0.1934955049953733), np.float64(0.19660112501051516), np.float64(0.1915761262698737)]","[239042.0, 1018343.0, 3520.0, 100.0, 100.0, 100.0, 192.0, 100.0, 100.0, 100.0, 192.0, 100.0]","[{'instance_type': 'm7g.metal', 'availability_zone': 'us-east-1f', 'num_instances': 1, 'T3': 1.0}, {'instance_type': 'm8g.xlarge', 'availability_zone': 'us-east-1f', 'num_instances': 1, 'T3': 15.0}, {'instance_type': 'r6g.8xlarge', 'availability_zone': 'us-east-1f', 'num_instances': 1, 'T3': 40.0}]",default
100,1,4,0.0132,4.5726,441983373.6101,96659094.0843,192.0,92.0,10,"[np.float64(0.3819660112501051), np.float64(0.6180339887498949), np.float64(0.2360679774997897), np.float64(0.1458980337503154), np.float64(0.09016994374947422), np.float64(0.05572809000084119), np.float64(0.03444185374863301), np.float64(0.021286236252208175), np.float64(0.013155617496424831), np.float64(0.008130618755783343), np.float64(0.01626123751156669), np.float64(0.018180616237066318)]","[310219.0, 1051039.0, 64268.0, 50824.0, 36408.0, 27344.0, 8448.0, 384.0, 192.0, 100.0, 192.0, 288.0]","[{'instance_type': 'r8gn.48xlarge', 'availability_zone': 'us-east-1d', 'num_instances': 1, 'T3': 1.0}]",network
100,1,4,0.0031,0.5494,2061899.9951,3753003.2673,100.0,0.0,10,"[np.float64(0.3819660112501051), np.float64(0.6180339887498949), np.float64(0.2360679774997897), np.float64(0.1458980337503154), np.float64(0.09016994374947422), np.float64(0.05572809000084119), np.float64(0.03444185374863301), np.float64(0.021286236252208175), np.float64(0.013155617496424831), np.float64(0.008130618755783343), np.float64(0.005024998740641487), np.float64(0.003105620015141856)]","[952337.0, 1131068.0, 484713.0, 236858.0, 204070.0, 188868.0, 163980.0, 95800.0, 37376.0, 11808.0, 9600.0, 100.0]","[{'instance_type': 'c6gd.2xlarge', 'availability_zone': 'us-east-1d', 'num_instances': 1, 'T3': 50.0}, {'instance_type': 'r6g.8xlarge', 'availability_zone': 'us-east-1f', 'num_instances': 3, 'T3': 40.0}]",disk
100,1,4,0.0213,2.1596,103051319.8891,47717781.0192,100.0,0.0,10,"[np.float64(0.3819660112501051), np.float64(0.6180339887498949), np.float64(0.2360679774997897), np.float64(0.1458980337503154), np.float64(0.09016994374947422), np.float64(0.05572809000084119), np.float64(0.03444185374863301), np.float64(0.021286236252208175), np.float64(0.013155617496424831), np.float64(0.026311234992849666), np.float64(0.01818061623706632), np.float64(0.02320561497770781)]","[261330.0, 1028845.0, 23664.0, 18448.0, 15520.0, 15216.0, 7296.0, 100.0, 100.0, 640.0, 100.0, 416.0]","[{'instance_type': 'c6gd.2xlarge', 'availability_zone': 'us-east-1d', 'num_instances': 1, 'T3': 50.0}, {'instance_type': 'm6idn.24xlarge', 'availability_zone': 'us-east-1c', 'num_instances': 1, 'T3': 1.0}]",disk_network
100,2,2,0.1459,0.7675,1967863.5,2563991.5309,100.0,0.0,10,"[np.float64(0.3819660112501051), np.float64(0.6180339887498949), np.float64(0.2360679774997897), np.float64(0.1458980337503154), np.float64(0.09016994374947422), np.float64(0.18033988749894847), np.float64(0.20162612375115666), np.float64(0.16718427000252362), np.float64(0.18847050625473183), np.float64(0.1934955049953733), np.float64(0.19660112501051516), np.float64(0.1985205037360148)]","[119058.0, 571342.0, 1368.0, 100.0, 100.0, 100.0, 200.0, 100.0, 100.0, 100.0, 100.0, 100.0]","[{'instance_type': 'c6gd.2xlarge', 'availability_zone': 'us-east-1d', 'num_instances': 25, 'T3': 50.0}]",default
100,2,2,0.0132,4.6033,221070401.345,48024330.6639,100.0,0.0,10,"[np.float64(0.3819660112501051), np.float64(0.6180339887498949), np.float64(0.2360679774997897), np.float64(0.1458980337503154), np.float64(0.09016994374947422), np.float64(0.05572809000084119), np.float64(0.03444185374863301), np.float64(0.021286236252208175), np.float64(0.013155617496424831), np.float64(0.008130618755783343), np.float64(0.01626123751156669), np.float64(0.018180616237066318)]","[159330.0, 590283.0, 35236.0, 29320.0, 22398.0, 16348.0, 1632.0, 160.0, 100.0, 100.0, 100.0, 100.0]","[{'instance_type': 'c6gd.2xlarge', 'availability_zone': 'us-east-1d', 'num_instances': 1, 'T3': 50.0}, {'instance_type': 'r8gn.48xlarge', 'availability_zone': 'us-east-1d', 'num_instances': 1, 'T3': 1.0}]",network
100,2,2,0.0081,2.3412,174440002.1691,74508799.833,100.0,0.0,10,"[np.float64(0.3819660112501051), np.float64(0.6180339887498949), np.float64(0.2360679774997897), np.float64(0.1458980337503154), np.float64(0.09016994374947422), np.float64(0.05572809000084119), np.float64(0.03444185374863301), np.float64(0.021286236252208175), np.float64(0.013155617496424831), np.float64(0.008130618755783343), np.float64(0.005024998740641487), np.float64(0.010049997481282975)]","[347843.0, 619105.0, 139038.0, 122718.0, 112038.0, 94116.0, 55060.0, 23080.0, 6848.0, 100.0, 100.0, 6432.0]","[{'instance_type': 'c6gd.2xlarge', 'availability_zone': 'us-east-1d', 'num_instances': 1, 'T3': 50.0}, {'instance_type': 'c8gd.metal-48xl', 'availability_zone': 'us-east-1b', 'num_instances': 1, 'T3': 1.0}]",disk
100,2,2,0.0244,4.3549,103051319.8891,23663303.3799,100.0,0.0,10,"[np.float64(0.3819660112501051), np.float64(0.6180339887498949), np.float64(0.2360679774997897), np.float64(0.1458980337503154), np.float64(0.09016994374947422), np.float64(0.05572809000084119), np.float64(0.03444185374863301), np.float64(0.021286236252208175), np.float64(0.042572472504416356), np.float64(0.02941685500799152), np.float64(0.026311234992849663), np.float64(0.02439185626735003)]","[130030.0, 577173.0, 10664.0, 8960.0, 7736.0, 5568.0, 320.0, 100.0, 3808.0, 272.0, 112.0, 100.0]","[{'instance_type': 'c6gd.2xlarge', 'availability_zone': 'us-east-1d', 'num_instances': 1, 'T3': 50.0}, {'instance_type': 'm6idn.24xlarge', 'availability_zone': 'us-east-1b', 'num_instances': 1, 'T3': 1.0}, {'instance_type': 'm6idn.24xlarge', 'availability_zone': 'us-east-1c', 'num_instances': 1, 'T3': 1.0}]",disk_network
115,4,2,0.2361,1.7974,2282721.66,1270013.1635,116.0,1.0,10,"[np.float64(0.3819660112501051), np.float64(0.6180339887498949), np.float64(0.2360679774997897), np.float64(0.1458980337503154), np.float64(0.29179606750063086), np.float64(0.20162612375115663), np.float64(0.25735421375199785), np.float64(0.2229123600033648), np.float64(0.244198596255573), np.float64(0.23104297875914817), np.float64(0.2391735975149315), np.float64(0.24109297624043116)]","[25181.0, 261767.0, 116.0, 116.0, 792.0, 116.0, 316.0, 116.0, 200.0, 116.0, 116.0, 116.0]","[{'instance_type': 'c6gd.2xlarge', 'availability_zone': 'us-east-1b', 'num_instances': 8, 'T3': 50.0}, {'instance_type': 'c6gd.2xlarge', 'availability_zone': 'us-east-1d', 'num_instances': 50, 'T3': 50.0}]",default
115,4,2,0.0182,5.6164,111833990.5825,19912041.625,116.0,1.0,10,"[np.float64(0.3819660112501051), np.float64(0.6180339887498949), np.float64(0.2360679774997897), np.float64(0.1458980337503154), np.float64(0.09016994374947422), np.float64(0.05572809000084119), np.float64(0.03444185374863301), np.float64(0.021286236252208175), np.float64(0.013155617496424831), np.float64(0.026311234992849666), np.float64(0.01818061623706632), np.float64(0.016261237511566686)]","[44379.0, 273182.0, 16100.0, 13448.0, 10858.0, 4806.0, 560.0, 116.0, 116.0, 120.0, 116.0, 116.0]","[{'instance_type': 'c6gd.2xlarge', 'availability_zone': 'us-east-1d', 'num_instances': 34, 'T3': 50.0}, {'instance_type': 'r8gn.48xlarge', 'availability_zone': 'us-east-1d', 'num_instances': 1, 'T3': 1.0}]",network
115,4,2,0.0081,3.5799,110067590.8596,30745995.9383,116.0,1.0,10,"[np.float64(0.3819660112501051), np.float64(0.6180339887498949), np.float64(0.2360679774997897), np.float64(0.1458980337503154), np.float64(0.09016994374947422), np.float64(0.05572809000084119), np.float64(0.03444185374863301), np.float64(0.021286236252208175), np.float64(0.013155617496424831), np.float64(0.008130618755783343), np.float64(0.005024998740641487), np.float64(0.010049997481282975)]","[89433.0, 277010.0, 63467.0, 58271.0, 49298.0, 31934.0, 14164.0, 4880.0, 816.0, 116.0, 116.0, 116.0]","[{'instance_type': 'c6gd.16xlarge', 'availability_zone': 'us-east-1c', 'num_instances': 4, 'T3': 10.0}, {'instance_type': 'c6gd.2xlarge', 'availability_zone': 'us-east-1d', 'num_instances': 2, 'T3': 50.0}, {'instance_type': 'c8gd.metal-48xl', 'availability_zone': 'us-east-1b', 'num_instances': 1, 'T3': 1.0}]",disk
115,4,2,0.0294,10.6652,123231200.0092,11554513.7465,116.0,1.0,10,"[np.float64(0.3819660112501051), np.float64(0.6180339887498949), np.float64(0.2360679774997897), np.float64(0.1458980337503154), np.float64(0.09016994374947422), np.float64(0.05572809000084119), np.float64(0.03444185374863301), np.float64(0.021286236252208175), np.float64(0.042572472504416356), np.float64(0.02941685500799152), np.float64(0.026311234992849663), np.float64(0.031336233733491155)]","[30667.0, 265992.0, 4728.0, 3952.0, 3820.0, 2288.0, 136.0, 116.0, 192.0, 116.0, 116.0, 116.0]","[{'instance_type': 'c6gd.2xlarge', 'availability_zone': 'us-east-1d', 'num_instances': 6, 'T3': 50.0}, {'instance_type': 'm6idn.24xlarge', 'availability_zone': 'us-east-1a', 'num_instances': 1, 'T3': 1.0}, {'instance_type': 'm6idn.24xlarge', 'availability_zone': 'us-east-1b', 'num_instances': 1, 'T3': 1.0}, {'instance_type': 'm6idn.24xlarge', 'availability_zone': 'us-east-1c', 'num_instances': 1, 'T3': 1.0}, {'instance_type': 'm6idn.32xlarge', 'availability_zone': 'us-east-1b', 'num_instances': 1, 'T3': 1.0}]",disk_network
287,1,6,0.1459,1.5561,5652293.22,3632345.749,288.0,1.0,10,"[np.float64(0.3819660112501051), np.float64(0.6180339887498949), np.float64(0.2360679774997897), np.float64(0.1458980337503154), np.float64(0.09016994374947422), np.float64(0.18033988749894847), np.float64(0.20162612375115666), np.float64(0.2147817412475815), np.float64(0.22291236000336484), np.float64(0.20975674250694), np.float64(0.21788736126272334), np.float64(0.21980673998822298)]","[148298.0, 743969.0, 3200.0, 288.0, 288.0, 288.0, 288.0, 288.0, 3200.0, 288.0, 288.0, 288.0]","[{'instance_type': 'r6g.8xlarge', 'availability_zone': 'us-east-1f', 'num_instances': 9, 'T3': 40.0}]",default
287,1,6,0.0132,6.4668,552478585.2215,85433071.2596,288.0,1.0,10,"[np.float64(0.3819660112501051), np.float64(0.6180339887498949), np.float64(0.2360679774997897), np.float64(0.1458980337503154), np.float64(0.09016994374947422), np.float64(0.05572809000084119), np.float64(0.03444185374863301), np.float64(0.021286236252208175), np.float64(0.013155617496424831), np.float64(0.008130618755783343), np.float64(0.01626123751156669), np.float64(0.018180616237066318)]","[207591.0, 781903.0, 51737.0, 42539.0, 31193.0, 24756.0, 8682.0, 384.0, 288.0, 288.0, 288.0, 288.0]","[{'instance_type': 'r8gn.48xlarge', 'availability_zone': 'us-east-1d', 'num_instances': 1, 'T3': 1.0}, {'instance_type': 'r8gn.metal-24xl', 'availability_zone': 'us-east-1b', 'num_instances': 1, 'T3': 1.0}]",network
287,1,6,0.0031,3.786,358420502.9838,94669969.0924,288.0,1.0,10,"[np.float64(0.3819660112501051), np.float64(0.6180339887498949), np.float64(0.2360679774997897), np.float64(0.1458980337503154), np.float64(0.09016994374947422), np.float64(0.05572809000084119), np.float64(0.03444185374863301), np.float64(0.021286236252208175), np.float64(0.013155617496424831), np.float64(0.008130618755783343), np.float64(0.005024998740641487), np.float64(0.003105620015141856)]","[674436.0, 917643.0, 338381.0, 184666.0, 163756.0, 149801.0, 125572.0, 64794.0, 20524.0, 9696.0, 9600.0, 288.0]","[{'instance_type': 'r6g.8xlarge', 'availability_zone': 'us-east-1f', 'num_instances': 3, 'T3': 40.0}, {'instance_type': 'r8gd.48xlarge', 'availability_zone': 'us-east-1d', 'num_instances': 1, 'T3': 50.0}]",disk
287,1,6,0.0263,6.3233,230657661.1949,36477418.6255,288.0,1.0,10,"[np.float64(0.3819660112501051), np.float64(0.6180339887498949), np.float64(0.2360679774997897), np.float64(0.1458980337503154), np.float64(0.09016994374947422), np.float64(0.05572809000084119), np.float64(0.03444185374863301), np.float64(0.021286236252208175), np.float64(0.013155617496424831), np.float64(0.026311234992849666), np.float64(0.029416855007991523), np.float64(0.02439185626735003)]","[169227.0, 754491.0, 22529.0, 17836.0, 14860.0, 14474.0, 7146.0, 288.0, 288.0, 288.0, 3584.0, 288.0]","[{'instance_type': 'r5dn.24xlarge', 'availability_zone': 'us-east-1d', 'num_instances': 2, 'T3': 35.0}, {'instance_type': 'r6idn.24xlarge', 'availability_zone': 'us-east-1d', 'num_instances': 1, 'T3': 1.0}]",disk_network
400,1,2,0.2361,1.535,7871454.0,5127983.0619,400.0,0.0,10,"[np.float64(0.3819660112501051), np.float64(0.6180339887498949), np.float64(0.2360679774997897), np.float64(0.1458980337503154), np.float64(0.29179606750063086), np.float64(0.32623792124926393), np.float64(0.2705098312484227), np.float64(0.3049516849970557), np.float64(0.3130823037528391), np.float64(0.31810730249348057), np.float64(0.32121292250862243), np.float64(0.32313230123412207)]","[3278.0, 721179.0, 400.0, 400.0, 400.0, 800.0, 400.0, 400.0, 400.0, 400.0, 400.0, 800.0]","[{'instance_type': 'c6gd.2xlarge', 'availability_zone': 'us-east-1d', 'num_instances': 50, 'T3': 50.0}]",default
400,1,2,0.0132,5.3708,446076529.6901,83055881.7476,400.0,0.0,10,"[np.float64(0.3819660112501051), np.float64(0.6180339887498949), np.float64(0.2360679774997897), np.float64(0.1458980337503154), np.float64(0.09016994374947422), np.float64(0.05572809000084119), np.float64(0.03444185374863301), np.float64(0.021286236252208175), np.float64(0.013155617496424831), np.float64(0.008130618755783343), np.float64(0.01626123751156669), np.float64(0.011236238770925201)]","[414106.0, 1221539.0, 72148.0, 60144.0, 46252.0, 36936.0, 10192.0, 416.0, 400.0, 400.0, 400.0, 400.0]","[{'instance_type': 'c6gd.2xlarge', 'availability_zone': 'us-east-1d', 'num_instances': 26, 'T3': 50.0}, {'instance_type': 'r8gn.48xlarge', 'availability_zone': 'us-east-1d', 'num_instances': 1, 'T3': 1.0}]",network
400,1,2,0.0081,5.1874,697760008.6764,134510546.4542,400.0,0.0,10,"[np.float64(0.3819660112501051), np.float64(0.6180339887498949), np.float64(0.2360679774997897), np.float64(0.1458980337503154), np.float64(0.09016994374947422), np.float64(0.05572809000084119), np.float64(0.03444185374863301), np.float64(0.021286236252208175), np.float64(0.013155617496424831), np.float64(0.008130618755783343), np.float64(0.005024998740641487), np.float64(0.010049997481282975)]","[679332.0, 1238891.0, 268400.0, 245004.0, 220708.0, 188168.0, 108768.0, 43664.0, 13696.0, 400.0, 400.0, 12864.0]","[{'instance_type': 'c6gd.2xlarge', 'availability_zone': 'us-east-1d', 'num_instances': 2, 'T3': 50.0}, {'instance_type': 'c8gd.metal-48xl', 'availability_zone': 'us-east-1b', 'num_instances': 1, 'T3': 1.0}, {'instance_type': 'c8gd.metal-48xl', 'availability_zone': 'us-east-1d', 'num_instances': 1, 'T3': 1.0}]",disk
400,1,2,0.0426,8.4931,390581911.0078,45988144.6124,400.0,0.0,10,"[np.float64(0.3819660112501051), np.float64(0.6180339887498949), np.float64(0.2360679774997897), np.float64(0.1458980337503154), np.float64(0.09016994374947422), np.float64(0.05572809000084119), np.float64(0.03444185374863301), np.float64(0.06888370749726604), np.float64(0.04759747124505785), np.float64(0.042572472504416356), np.float64(0.0394668524892745), np.float64(0.044491851229915995)]","[22446.0, 743635.0, 17968.0, 15472.0, 10176.0, 640.0, 400.0, 4416.0, 416.0, 400.0, 400.0, 416.0]","[{'instance_type': 'c6gd.2xlarge', 'availability_zone': 'us-east-1d', 'num_instances': 10, 'T3': 50.0}, {'instance_type': 'm6idn.24xlarge', 'availability_zone': 'us-east-1b', 'num_instances': 1, 'T3': 1.0}, {'instance_type': 'm6idn.24xlarge', 'availability_zone': 'us-east-1c', 'num_instances': 1, 'T3': 1.0}, {'instance_type': 'm6idn.32xlarge', 'availability_zone': 'us-east-1b', 'num_instances': 1, 'T3': 1.0}]",disk_network
400,1,4,0.1428,2.2566,8234720.444,3649171.5164,400.0,0.0,10,"[np.float64(0.3819660112501051), np.float64(0.6180339887498949), np.float64(0.2360679774997897), np.float64(0.1458980337503154), np.float64(0.09016994374947422), np.float64(0.05572809000084119), np.float64(0.11145618000168239), np.float64(0.12461179749810723), np.float64(0.13274241625389058), np.float64(0.13776741499453207), np.float64(0.1408730350096739), np.float64(0.14279241373517354)]","[239042.0, 1018343.0, 3520.0, 416.0, 400.0, 400.0, 400.0, 400.0, 400.0, 400.0, 400.0, 400.0]","[{'instance_type': 'c6gd.2xlarge', 'availability_zone': 'us-east-1d', 'num_instances': 4, 'T3': 50.0}, {'instance_type': 'm7g.metal', 'availability_zone': 'us-east-1f', 'num_instances': 1, 'T3': 1.0}, {'instance_type': 'r6g.8xlarge', 'availability_zone': 'us-east-1f', 'num_instances': 10, 'T3': 40.0}]",default
400,1,4,0.0132,5.7328,446066427.2501,77809521.9177,400.0,0.0,10,"[np.float64(0.3819660112501051), np.float64(0.6180339887498949), np.float64(0.2360679774997897), np.float64(0.1458980337503154), np.float64(0.09016994374947422), np.float64(0.05572809000084119), np.float64(0.03444185374863301), np.float64(0.021286236252208175), np.float64(0.013155617496424831), np.float64(0.008130618755783343), np.float64(0.01626123751156669), np.float64(0.011236238770925201)]","[310219.0, 1051039.0, 64268.0, 50824.0, 36408.0, 27344.0, 8448.0, 480.0, 400.0, 400.0, 400.0, 400.0]","[{'instance_type': 'c6gd.2xlarge', 'availability_zone': 'us-east-1d', 'num_instances': 4, 'T3': 50.0}, {'instance_type': 'r6g.8xlarge', 'availability_zone': 'us-east-1f', 'num_instances': 6, 'T3': 40.0}, {'instance_type': 'r8gn.48xlarge', 'availability_zone': 'us-east-1d', 'num_instances': 1, 'T3': 1.0}]",network
400,1,4,0.005,163.365,17826820262.1901,109122641.0932,9600.0,9200.0,10,"[np.float64(0.3819660112501051), np.float64(0.6180339887498949), np.float64(0.2360679774997897), np.float64(0.1458980337503154), np.float64(0.09016994374947422), np.float64(0.05572809000084119), np.float64(0.03444185374863301), np.float64(0.021286236252208175), np.float64(0.013155617496424831), np.float64(0.008130618755783343), np.float64(0.005024998740641487), np.float64(0.003105620015141856)]","[952337.0, 1131068.0, 484713.0, 236858.0, 204070.0, 188868.0, 163980.0, 95800.0, 37376.0, 11808.0, 9600.0, 400.0]","[{'instance_type': 'r8gd.48xlarge', 'availability_zone': 'us-east-1d', 'num_instances': 50, 'T3': 50.0}]",disk
400,1,4,0.0213,10.481,491980225.5569,46940198.9845,416.0,16.0,10,"[np.float64(0.3819660112501051), np.float64(0.6180339887498949), np.float64(0.2360679774997897), np.float64(0.1458980337503154), np.float64(0.09016994374947422), np.float64(0.05572809000084119), np.float64(0.03444185374863301), np.float64(0.021286236252208175), np.float64(0.013155617496424831), np.float64(0.026311234992849666), np.float64(0.01818061623706632), np.float64(0.02320561497770781)]","[261330.0, 1028845.0, 23664.0, 18448.0, 15520.0, 15216.0, 7296.0, 416.0, 400.0, 640.0, 400.0, 416.0]","[{'instance_type': 'm6idn.24xlarge', 'availability_zone': 'us-east-1a', 'num_instances': 1, 'T3': 1.0}, {'instance_type': 'm6idn.24xlarge', 'availability_zone': 'us-east-1b', 'num_instances': 1, 'T3': 1.0}, {'instance_type': 'm6idn.24xlarge', 'availability_zone': 'us-east-1c', 'num_instances': 1, 'T3': 1.0}, {'instance_type': 'm6idn.32xlarge', 'availability_zone': 'us-east-1b', 'num_instances': 1, 'T3': 1.0}]",disk_network
400,2,2,0.1459,3.175,7871454.0,2479198.1102,400.0,0.0,10,"[np.float64(0.3819660112501051), np.float64(0.6180339887498949), np.float64(0.2360679774997897), np.float64(0.1458980337503154), np.float64(0.09016994374947422), np.float64(0.18033988749894847), np.float64(0.20162612375115666), np.float64(0.2147817412475815), np.float64(0.22291236000336484), np.float64(0.20975674250694), np.float64(0.21788736126272334), np.float64(0.21286236252208188)]","[119058.0, 571342.0, 1368.0, 400.0, 400.0, 400.0, 400.0, 400.0, 632.0, 400.0, 600.0, 400.0]","[{'instance_type': 'c6gd.2xlarge', 'availability_zone': 'us-east-1b', 'num_instances': 50, 'T3': 50.0}, {'instance_type': 'c6gd.2xlarge', 'availability_zone': 'us-east-1d', 'num_instances': 50, 'T3': 50.0}]",default
400,2,2,0.0182,10.2033,353569358.6658,34652451.527,400.0,0.0,10,"[np.float64(0.3819660112501051), np.float64(0.6180339887498949), np.float64(0.2360679774997897), np.float64(0.1458980337503154), np.float64(0.09016994374947422), np.float64(0.05572809000084119), np.float64(0.03444185374863301), np.float64(0.021286236252208175), np.float64(0.013155617496424831), np.float64(0.026311234992849666), np.float64(0.01818061623706632), np.float64(0.016261237511566686)]","[159330.0, 590283.0, 35236.0, 29320.0, 22398.0, 16348.0, 1632.0, 400.0, 400.0, 400.0, 400.0, 400.0]","[{'instance_type': 'c6gd.2xlarge', 'availability_zone': 'us-east-1d', 'num_instances': 48, 'T3': 50.0}, {'instance_type': 'c6in.32xlarge', 'availability_zone': 'us-east-1d', 'num_instances': 1, 'T3': 1.0}, {'instance_type': 'r8gn.48xlarge', 'availability_zone': 'us-east-1d', 'num_instances': 1, 'T3': 1.0}, {'instance_type': 'r8gn.metal-24xl', 'availability_zone': 'us-east-1b', 'num_instances': 1, 'T3': 1.0}]",network
400,2,2,0.0081,11.2652,697760008.6764,61939424.8372,400.0,0.0,10,"[np.float64(0.3819660112501051), np.float64(0.6180339887498949), np.float64(0.2360679774997897), np.float64(0.1458980337503154), np.float64(0.09016994374947422), np.float64(0.05572809000084119), np.float64(0.03444185374863301), np.float64(0.021286236252208175), np.float64(0.013155617496424831), np.float64(0.008130618755783343), np.float64(0.005024998740641487), np.float64(0.010049997481282975)]","[347843.0, 619105.0, 139038.0, 122718.0, 112038.0, 94116.0, 55060.0, 23080.0, 6848.0, 400.0, 400.0, 6432.0]","[{'instance_type': 'c6gd.2xlarge', 'availability_zone': 'us-east-1d', 'num_instances': 4, 'T3': 50.0}, {'instance_type': 'c8gd.48xlarge', 'availability_zone': 'us-east-1d', 'num_instances': 2, 'T3': 15.0}, {'instance_type': 'c8gd.metal-48xl', 'availability_zone': 'us-east-1b', 'num_instances': 1, 'T3': 1.0}, {'instance_type': 'c8gd.metal-48xl', 'availability_zone': 'us-east-1d', 'num_instances': 1, 'T3': 1.0}]",disk
400,2,2,0.0294,17.747,387965618.8492,21860912.7655,400.0,0.0,10,"[np.float64(0.3819660112501051), np.float64(0.6180339887498949), np.float64(0.2360679774997897), np.float64(0.1458980337503154), np.float64(0.09016994374947422), np.float64(0.05572809000084119), np.float64(0.03444185374863301), np.float64(0.021286236252208175), np.float64(0.042572472504416356), np.float64(0.02941685500799152), np.float64(0.026311234992849663), np.float64(0.031336233733491155)]","[130030.0, 577173.0, 10664.0, 8960.0, 7736.0, 5568.0, 432.0, 400.0, 3808.0, 400.0, 400.0, 400.0]","[{'instance_type': 'c6gd.2xlarge', 'availability_zone': 'us-east-1d', 'num_instances': 20, 'T3': 50.0}, {'instance_type': 'm6idn.24xlarge', 'availability_zone': 'us-east-1a', 'num_instances': 1, 'T3': 1.0}, {'instance_type': 'm6idn.24xlarge', 'availability_zone': 'us-east-1b', 'num_instances': 1, 'T3': 1.0}, {'instance_type': 'm6idn.24xlarge', 'availability_zone': 'us-east-1c', 'num_instances': 1, 'T3': 1.0}, {'instance_type': 'm6idn.32xlarge', 'availability_zone': 'us-east-1a', 'num_instances': 1, 'T3': 1.0}, {'instance_type': 'm6idn.32xlarge', 'availability_zone': 'us-east-1b', 'num_instances': 1, 'T3': 1.0}, {'instance_type': 'r6idn.24xlarge', 'availability_zone': 'us-east-1d', 'num_instances': 1, 'T3': 1.0}]",disk_network
439,1,9,0.1459,2.7664,8792456.12,3178302.5304,448.0,9.0,10,"[np.float64(0.3819660112501051), np.float64(0.6180339887498949), np.float64(0.2360679774997897), np.float64(0.1458980337503154), np.float64(0.09016994374947422), np.float64(0.18033988749894847), np.float64(0.12461179749810725), np.float64(0.15905365124674029), np.float64(0.16718427000252362), np.float64(0.1722092687431651), np.float64(0.16407864998738178), np.float64(0.16910364872802325)]","[226062.0, 635545.0, 13283.0, 448.0, 448.0, 2820.0, 448.0, 448.0, 448.0, 2820.0, 448.0, 452.0]","[{'instance_type': 'r6g.8xlarge', 'availability_zone': 'us-east-1f', 'num_instances': 16, 'T3': 40.0}]",default
439,1,9,0.0031,16.6155,869217296.7962,52313640.6847,595.0,156.0,10,"[np.float64(0.3819660112501051), np.float64(0.6180339887498949), np.float64(0.2360679774997897), np.float64(0.1458980337503154), np.float64(0.09016994374947422), np.float64(0.05572809000084119), np.float64(0.03444185374863301), np.float64(0.021286236252208175), np.float64(0.013155617496424831), np.float64(0.008130618755783343), np.float64(0.005024998740641487), np.float64(0.003105620015141856)]","[713051.0, 715418.0, 683869.0, 512183.0, 266476.0, 94820.0, 38267.0, 31009.0, 25115.0, 21426.0, 10030.0, 595.0]","[{'instance_type': 'r6idn.24xlarge', 'availability_zone': 'us-east-1d', 'num_instances': 1, 'T3': 1.0}, {'instance_type': 'r8gn.24xlarge', 'availability_zone': 'us-east-1b', 'num_instances': 1, 'T3': 1.0}, {'instance_type': 'r8gn.24xlarge', 'availability_zone': 'us-east-1d', 'num_instances': 1, 'T3': 1.0}, {'instance_type': 'r8gn.48xlarge', 'availability_zone': 'us-east-1d', 'num_instances': 1, 'T3': 1.0}, {'instance_type': 'r8gn.metal-24xl', 'availability_zone': 'us-east-1b', 'num_instances': 1, 'T3': 1.0}, {'instance_type': 'r8gn.metal-24xl', 'availability_zone': 'us-east-1d', 'num_instances': 1, 'T3': 1.0}]",network
439,1,9,0.0031,450.7933,26272932483.864,58281550.5108,22591.0,22152.0,10,"[np.float64(0.3819660112501051), np.float64(0.6180339887498949), np.float64(0.2360679774997897), np.float64(0.1458980337503154), np.float64(0.09016994374947422), np.float64(0.05572809000084119), np.float64(0.03444185374863301), np.float64(0.021286236252208175), np.float64(0.013155617496424831), np.float64(0.008130618755783343), np.float64(0.005024998740641487), np.float64(0.003105620015141856)]","[713046.0, 714982.0, 690708.0, 580838.0, 398324.0, 231044.0, 129657.0, 115560.0, 105704.0, 91067.0, 69313.0, 22591.0]","[{'instance_type': 'r5dn.24xlarge', 'availability_zone': 'us-east-1d', 'num_instances': 35, 'T3': 35.0}, {'instance_type': 'r6id.24xlarge', 'availability_zone': 'us-east-1c', 'num_instances': 1, 'T3': 1.0}, {'instance_type': 'r6id.32xlarge', 'availability_zone': 'us-east-1a', 'num_instances': 1, 'T3': 1.0}, {'instance_type': 'r6id.32xlarge', 'availability_zone': 'us-east-1b', 'num_instances': 5, 'T3': 5.0}, {'instance_type': 'r6id.32xlarge', 'availability_zone': 'us-east-1c', 'num_instances': 5, 'T3': 5.0}, {'instance_type': 'r6id.32xlarge', 'availability_zone': 'us-east-1d', 'num_instances': 15, 'T3': 15.0}, {'instance_type': 'r6idn.24xlarge', 'availability_zone': 'us-east-1d', 'num_instances': 1, 'T3': 1.0}, {'instance_type': 'r6idn.32xlarge', 'availability_zone': 'us-east-1d', 'num_instances': 1, 'T3': 1.0}, {'instance_type': 'r7gd.16xlarge', 'availability_zone': 'us-east-1b', 'num_instances': 50, 'T3': 50.0}, {'instance_type': 'r7gd.16xlarge', 'availability_zone': 'us-east-1d', 'num_instances': 50, 'T3': 50.0}, {'instance_type': 'r8gd.24xlarge', 'availability_zone': 'us-east-1f', 'num_instances': 1, 'T3': 1.0}, {'instance_type': 'r8gd.24xlarge', 'availability_zone': 'us-east-1d', 'num_instances': 25, 'T3': 25.0}, {'instance_type': 'r8gd.48xlarge', 'availability_zone': 'us-east-1d', 'num_instances': 50, 'T3': 50.0}, {'instance_type': 'r8gd.metal-24xl', 'availability_zone': 'us-east-1d', 'num_instances': 1, 'T3': 1.0}]",disk
439,1,9,0.0182,10.3582,322465159.9182,31131389.6158,453.0,14.0,10,"[np.float64(0.3819660112501051), np.float64(0.6180339887498949), np.float64(0.2360679774997897), np.float64(0.1458980337503154), np.float64(0.09016994374947422), np.float64(0.05572809000084119), np.float64(0.03444185374863301), np.float64(0.021286236252208175), np.float64(0.013155617496424831), np.float64(0.026311234992849666), np.float64(0.01818061623706632), np.float64(0.016261237511566686)]","[244424.0, 642708.0, 30791.0, 15520.0, 14477.0, 12622.0, 8856.0, 3173.0, 448.0, 6853.0, 453.0, 453.0]","[{'instance_type': 'r5dn.24xlarge', 'availability_zone': 'us-east-1d', 'num_instances': 4, 'T3': 35.0}, {'instance_type': 'r6g.8xlarge', 'availability_zone': 'us-east-1f', 'num_instances': 1, 'T3': 40.0}, {'instance_type': 'r6idn.24xlarge', 'availability_zone': 'us-east-1d', 'num_instances': 1, 'T3': 1.0}]",disk_network
1000,1,2,0.2361,4.0275,19678635.0,4886067.0391,1000.0,0.0,10,"[np.float64(0.3819660112501051), np.float64(0.6180339887498949), np.float64(0.2360679774997897), np.float64(0.1458980337503154), np.float64(0.29179606750063086), np.float64(0.32623792124926393), np.float64(0.3475241575014721), np.float64(0.3130823037528391), np.float64(0.33436854000504723), np.float64(0.32121292250862243), np.float64(0.32934354126440574), np.float64(0.33126291998990537)]","[3278.0, 721179.0, 1000.0, 1000.0, 1000.0, 1000.0, 1904.0, 1000.0, 1264.0, 1000.0, 1000.0, 1264.0]","[{'instance_type': 'c6gd.2xlarge', 'availability_zone': 'us-east-1b', 'num_instances': 50, 'T3': 50.0}, {'instance_type': 'c6gd.2xlarge', 'availability_zone': 'us-east-1c', 'num_instances': 25, 'T3': 50.0}, {'instance_type': 'c6gd.2xlarge', 'availability_zone': 'us-east-1d', 'num_instances': 50, 'T3': 50.0}]",default
1000,1,2,0.0182,11.0191,711074444.3316,64531081.8789,1000.0,0.0,10,"[np.float64(0.3819660112501051), np.float64(0.6180339887498949), np.float64(0.2360679774997897), np.float64(0.1458980337503154), np.float64(0.09016994374947422), np.float64(0.05572809000084119), np.float64(0.03444185374863301), np.float64(0.021286236252208175), np.float64(0.013155617496424831), np.float64(0.026311234992849666), np.float64(0.01818061623706632), np.float64(0.016261237511566686)]","[414106.0, 1221539.0, 72148.0, 60144.0, 46252.0, 36936.0, 10192.0, 1000.0, 1000.0, 2016.0, 1000.0, 1000.0]","[{'instance_type': 'c6gd.2xlarge', 'availability_zone': 'us-east-1b', 'num_instances': 23, 'T3': 50.0}, {'instance_type': 'c6gd.2xlarge', 'availability_zone': 'us-east-1d', 'num_instances': 50, 'T3': 50.0}, {'instance_type': 'c6in.32xlarge', 'availability_zone': 'us-east-1d', 'num_instances': 1, 'T3': 1.0}, {'instance_type': 'r8gn.48xlarge', 'availability_zone': 'us-east-1d', 'num_instances': 1, 'T3': 1.0}, {'instance_type': 'r8gn.metal-24xl', 'availability_zone': 'us-east-1b', 'num_instances': 1, 'T3': 1.0}]",network
1000,1,2,0.0081,14.4526,1765380687.7881,122149695.4035,1024.0,24.0,10,"[np.float64(0.3819660112501051), np.float64(0.6180339887498949), np.float64(0.2360679774997897), np.float64(0.1458980337503154), np.float64(0.09016994374947422), np.float64(0.05572809000084119), np.float64(0.03444185374863301), np.float64(0.021286236252208175), np.float64(0.013155617496424831), np.float64(0.008130618755783343), np.float64(0.005024998740641487), np.float64(0.010049997481282975)]","[679332.0, 1238891.0, 268400.0, 245004.0, 220708.0, 188168.0, 108768.0, 43664.0, 13696.0, 1024.0, 1000.0, 12864.0]","[{'instance_type': 'c6gd.16xlarge', 'availability_zone': 'us-east-1c', 'num_instances': 1, 'T3': 10.0}, {'instance_type': 'c8gd.48xlarge', 'availability_zone': 'us-east-1d', 'num_instances': 3, 'T3': 15.0}, {'instance_type': 'c8gd.metal-48xl', 'availability_zone': 'us-east-1b', 'num_instances': 1, 'T3': 1.0}, {'instance_type': 'c8gd.metal-48xl', 'availability_zone': 'us-east-1d', 'num_instances': 1, 'T3': 1.0}]",disk
1000,1,2,0.0476,18.5145,779866964.6983,42121956.5583,1000.0,0.0,10,"[np.float64(0.3819660112501051), np.float64(0.6180339887498949), np.float64(0.2360679774997897), np.float64(0.1458980337503154), np.float64(0.09016994374947422), np.float64(0.05572809000084119), np.float64(0.03444185374863301), np.float64(0.06888370749726604), np.float64(0.04759747124505785), np.float64(0.042572472504416356), np.float64(0.0507030912601997), np.float64(0.05262246998569933)]","[22446.0, 743635.0, 17968.0, 15472.0, 10176.0, 1024.0, 1000.0, 4416.0, 1000.0, 1000.0, 1000.0, 1000.0]","[{'instance_type': 'c6gd.2xlarge', 'availability_zone': 'us-east-1d', 'num_instances': 45, 'T3': 50.0}, {'instance_type': 'm6idn.24xlarge', 'availability_zone': 'us-east-1a', 'num_instances': 1, 'T3': 1.0}, {'instance_type': 'm6idn.24xlarge', 'availability_zone': 'us-east-1b', 'num_instances': 1, 'T3': 1.0}, {'instance_type': 'm6idn.24xlarge', 'availability_zone': 'us-east-1c', 'num_instances': 1, 'T3': 1.0}, {'instance_type': 'm6idn.32xlarge', 'availability_zone': 'us-east-1a', 'num_instances': 1, 'T3': 1.0}, {'instance_type': 'm6idn.32xlarge', 'availability_zone': 'us-east-1b', 'num_instances': 1, 'T3': 1.0}, {'instance_type': 'r6idn.24xlarge', 'availability_zone': 'us-east-1d', 'num_instances': 1, 'T3': 1.0}]",disk_network
1000,1,4,0.1803,5.8855,22279177.664,3785434.9952,1000.0,0.0,10,"[np.float64(0.3819660112501051), np.float64(0.6180339887498949), np.float64(0.2360679774997897), np.float64(0.1458980337503154), np.float64(0.09016994374947422), np.float64(0.18033988749894847), np.float64(0.20162612375115666), np.float64(0.2147817412475815), np.float64(0.19349550499537332), np.float64(0.20665112249179815), np.float64(0.20975674250694), np.float64(0.20473174376629852)]","[239042.0, 1018343.0, 3520.0, 1000.0, 1000.0, 1000.0, 1000.0, 1024.0, 1000.0, 1000.0, 1024.0, 1000.0]","[{'instance_type': 'm7g.metal', 'availability_zone': 'us-east-1f', 'num_instances': 1, 'T3': 1.0}, {'instance_type': 'm8g.metal-48xl', 'availability_zone': 'us-east-1c', 'num_instances': 1, 'T3': 1.0}, {'instance_type': 'm8g.xlarge', 'availability_zone': 'us-east-1f', 'num_instances': 2, 'T3': 15.0}, {'instance_type': 'r6g.8xlarge', 'availability_zone': 'us-east-1f', 'num_instances': 23, 'T3': 40.0}]",default
1000,1,4,0.0182,15.2645,877240860.1511,57469347.8431,1000.0,0.0,10,"[np.float64(0.3819660112501051), np.float64(0.6180339887498949), np.float64(0.2360679774997897), np.float64(0.1458980337503154), np.float64(0.09016994374947422), np.float64(0.05572809000084119), np.float64(0.03444185374863301), np.float64(0.021286236252208175), np.float64(0.013155617496424831), np.float64(0.026311234992849666), np.float64(0.01818061623706632), np.float64(0.016261237511566686)]","[310219.0, 1051039.0, 64268.0, 50824.0, 36408.0, 27344.0, 8448.0, 1000.0, 1000.0, 1120.0, 1000.0, 1000.0]","[{'instance_type': 'c6gd.2xlarge', 'availability_zone': 'us-east-1d', 'num_instances': 2, 'T3': 50.0}, {'instance_type': 'm6idn.24xlarge', 'availability_zone': 'us-east-1b', 'num_instances': 1, 'T3': 1.0}, {'instance_type': 'm6idn.24xlarge', 'availability_zone': 'us-east-1c', 'num_instances': 1, 'T3': 1.0}, {'instance_type': 'r6g.8xlarge', 'availability_zone': 'us-east-1f', 'num_instances': 13, 'T3': 40.0}, {'instance_type': 'r8gn.48xlarge', 'availability_zone': 'us-east-1d', 'num_instances': 1, 'T3': 1.0}, {'instance_type': 'r8gn.metal-24xl', 'availability_zone': 'us-east-1b', 'num_instances': 1, 'T3': 1.0}, {'instance_type': 'r8gn.metal-24xl', 'availability_zone': 'us-east-1d', 'num_instances': 1, 'T3': 1.0}]",network
1000,1,4,0.005,163.365,17826820262.1901,109122641.0932,9600.0,8600.0,10,"[np.float64(0.3819660112501051), np.float64(0.6180339887498949), np.float64(0.2360679774997897), np.float64(0.1458980337503154), np.float64(0.09016994374947422), np.float64(0.05572809000084119), np.float64(0.03444185374863301), np.float64(0.021286236252208175), np.float64(0.013155617496424831), np.float64(0.008130618755783343), np.float64(0.005024998740641487), np.float64(0.003105620015141856)]","[952337.0, 1131068.0, 484713.0, 236858.0, 204070.0, 188868.0, 163980.0, 95800.0, 37376.0, 11808.0, 9600.0, 1000.0]","[{'instance_type': 'r8gd.48xlarge', 'availability_zone': 'us-east-1d', 'num_instances': 50, 'T3': 50.0}]",disk
1000,1,4,0.0232,23.3332,973572610.5829,41724778.8809,1000.0,0.0,10,"[np.float64(0.3819660112501051), np.float64(0.6180339887498949), np.float64(0.2360679774997897), np.float64(0.1458980337503154), np.float64(0.09016994374947422), np.float64(0.05572809000084119), np.float64(0.03444185374863301), np.float64(0.021286236252208175), np.float64(0.013155617496424831), np.float64(0.026311234992849666), np.float64(0.01818061623706632), np.float64(0.02320561497770781)]","[261330.0, 1028845.0, 23664.0, 18448.0, 15520.0, 15216.0, 7296.0, 1000.0, 1000.0, 1024.0, 1000.0, 1000.0]","[{'instance_type': 'c6gd.2xlarge', 'availability_zone': 'us-east-1d', 'num_instances': 2, 'T3': 50.0}, {'instance_type': 'm6idn.24xlarge', 'availability_zone': 'us-east-1a', 'num_instances': 1, 'T3': 1.0}, {'instance_type': 'm6idn.24xlarge', 'availability_zone': 'us-east-1b', 'num_instances': 1, 'T3': 1.0}, {'instance_type': 'm6idn.24xlarge', 'availability_zone': 'us-east-1c', 'num_instances': 1, 'T3': 1.0}, {'instance_type': 'm6idn.32xlarge', 'availability_zone': 'us-east-1a', 'num_instances': 1, 'T3': 1.0}, {'instance_type': 'm6idn.32xlarge', 'availability_zone': 'us-east-1b', 'num_instances': 1, 'T3': 1.0}, {'instance_type': 'r5dn.24xlarge', 'availability_zone': 'us-east-1d', 'num_instances': 3, 'T3': 35.0}, {'instance_type': 'r6g.8xlarge', 'availability_zone': 'us-east-1f', 'num_instances': 2, 'T3': 40.0}, {'instance_type': 'r6idn.24xlarge', 'availability_zone': 'us-east-1d', 'num_instances': 1, 'T3': 1.0}]",disk_network
1000,2,2,0.1459,8.565,19686425.3936,2298473.4844,1000.0,0.0,10,"[np.float64(0.3819660112501051), np.float64(0.6180339887498949), np.float64(0.2360679774997897), np.float64(0.1458980337503154), np.float64(0.09016994374947422), np.float64(0.18033988749894847), np.float64(0.20162612375115666), np.float64(0.2147817412475815), np.float64(0.22291236000336484), np.float64(0.20975674250694), np.float64(0.21788736126272334), np.float64(0.21286236252208188)]","[119058.0, 571342.0, 1368.0, 1000.0, 1000.0, 1000.0, 1000.0, 1000.0, 1016.0, 1000.0, 1016.0, 1000.0]","[{'instance_type': 'c6gd.16xlarge', 'availability_zone': 'us-east-1c', 'num_instances': 2, 'T3': 10.0}, {'instance_type': 'c6gd.2xlarge', 'availability_zone': 'us-east-1b', 'num_instances': 50, 'T3': 50.0}, {'instance_type': 'c6gd.2xlarge', 'availability_zone': 'us-east-1c', 'num_instances': 46, 'T3': 50.0}, {'instance_type': 'c6gd.2xlarge', 'availability_zone': 'us-east-1d', 'num_instances': 50, 'T3': 50.0}, {'instance_type': 'g5g.16xlarge', 'availability_zone': 'us-east-1c', 'num_instances': 1, 'T3': 1.0}, {'instance_type': 'g5g.16xlarge', 'availability_zone': 'us-east-1d', 'num_instances': 10, 'T3': 10.0}]",default
1000,2,2,0.0232,34.2925,955348288.1985,27858811.3494,1000.0,0.0,10,"[np.float64(0.3819660112501051), np.float64(0.6180339887498949), np.float64(0.2360679774997897), np.float64(0.1458980337503154), np.float64(0.09016994374947422), np.float64(0.05572809000084119), np.float64(0.03444185374863301), np.float64(0.021286236252208175), np.float64(0.013155617496424831), np.float64(0.026311234992849666), np.float64(0.01818061623706632), np.float64(0.02320561497770781)]","[159330.0, 590283.0, 35236.0, 29320.0, 22398.0, 16348.0, 1632.0, 1000.0, 1000.0, 1008.0, 1000.0, 1000.0]","[{'instance_type': 'c6gd.2xlarge', 'availability_zone': 'us-east-1d', 'num_instances': 2, 'T3': 50.0}, {'instance_type': 'c6gn.16xlarge', 'availability_zone': 'us-east-1f', 'num_instances': 3, 'T3': 5.0}, {'instance_type': 'c6in.32xlarge', 'availability_zone': 'us-east-1a', 'num_instances': 1, 'T3': 1.0}, {'instance_type': 'c6in.32xlarge', 'availability_zone': 'us-east-1d', 'num_instances': 1, 'T3': 1.0}, {'instance_type': 'c7gn.16xlarge', 'availability_zone': 'us-east-1d', 'num_instances': 15, 'T3': 15.0}, {'instance_type': 'm6idn.24xlarge', 'availability_zone': 'us-east-1b', 'num_instances': 1, 'T3': 1.0}, {'instance_type': 'm6idn.24xlarge', 'availability_zone': 'us-east-1c', 'num_instances': 1, 'T3': 1.0}, {'instance_type': 'r8gn.48xlarge', 'availability_zone': 'us-east-1d', 'num_instances': 1, 'T3': 1.0}, {'instance_type': 'r8gn.metal-24xl', 'availability_zone': 'us-east-1b', 'num_instances': 1, 'T3': 1.0}, {'instance_type': 'r8gn.metal-24xl', 'availability_zone': 'us-east-1d', 'num_instances': 1, 'T3': 1.0}]",network
1000,2,2,0.0081,29.555,1754356947.9744,59359057.6205,1000.0,0.0,10,"[np.float64(0.3819660112501051), np.float64(0.6180339887498949), np.float64(0.2360679774997897), np.float64(0.1458980337503154), np.float64(0.09016994374947422), np.float64(0.05572809000084119), np.float64(0.03444185374863301), np.float64(0.021286236252208175), np.float64(0.013155617496424831), np.float64(0.008130618755783343), np.float64(0.005024998740641487), np.float64(0.010049997481282975)]","[347843.0, 619105.0, 139038.0, 122718.0, 112038.0, 94116.0, 55060.0, 23080.0, 6848.0, 1000.0, 1000.0, 6432.0]","[{'instance_type': 'c6gd.16xlarge', 'availability_zone': 'us-east-1c', 'num_instances': 1, 'T3': 10.0}, {'instance_type': 'c6gd.2xlarge', 'availability_zone': 'us-east-1d', 'num_instances': 2, 'T3': 50.0}, {'instance_type': 'c8gd.48xlarge', 'availability_zone': 'us-east-1d', 'num_instances': 8, 'T3': 15.0}, {'instance_type': 'c8gd.metal-48xl', 'availability_zone': 'us-east-1b', 'num_instances': 1, 'T3': 1.0}, {'instance_type': 'c8gd.metal-48xl', 'availability_zone': 'us-east-1d', 'num_instances': 1, 'T3': 1.0}]",disk
1000,2,2,0.0325,44.2284,851760497.6998,19258225.4321,1000.0,0.0,10,"[np.float64(0.3819660112501051), np.float64(0.6180339887498949), np.float64(0.2360679774997897), np.float64(0.1458980337503154), np.float64(0.09016994374947422), np.float64(0.05572809000084119), np.float64(0.03444185374863301), np.float64(0.021286236252208175), np.float64(0.042572472504416356), np.float64(0.02941685500799152), np.float64(0.03754747376377487), np.float64(0.03252247502313338)]","[130030.0, 577173.0, 10664.0, 8960.0, 7736.0, 5568.0, 1008.0, 1000.0, 3808.0, 1000.0, 2160.0, 1000.0]","[{'instance_type': 'c6gd.2xlarge', 'availability_zone': 'us-east-1d', 'num_instances': 2, 'T3': 50.0}, {'instance_type': 'm6idn.24xlarge', 'availability_zone': 'us-east-1a', 'num_instances': 1, 'T3': 1.0}, {'instance_type': 'm6idn.24xlarge', 'availability_zone': 'us-east-1b', 'num_instances': 1, 'T3': 1.0}, {'instance_type': 'm6idn.24xlarge', 'availability_zone': 'us-east-1c', 'num_instances': 1, 'T3': 1.0}, {'instance_type': 'm6idn.32xlarge', 'availability_zone': 'us-east-1a', 'num_instances': 1, 'T3': 1.0}, {'instance_type': 'm6idn.32xlarge', 'availability_zone': 'us-east-1b', 'num_instances': 1, 'T3': 1.0}, {'instance_type': 'r5dn.24xlarge', 'availability_zone': 'us-east-1d', 'num_instances': 14, 'T3': 35.0}, {'instance_type': 'r6idn.24xlarge', 'availability_zone': 'us-east-1d', 'num_instances': 1, 'T3': 1.0}]",disk_network
