time,pods,cpu,memory,karpenter,kubecaps
2025-05-21 17:40:00+09:00,10,1,2,"{'performance': np.float64(385375.1046336001), 'cost': np.float64(0.1696), 'assignable_pod': np.float64(16.0), 'excess_pod': np.float64(6.0), 'efficiency': np.float64(142016.1794787736)}","{'performance': 184033.6735, 'cost': 0.047999999999999994, 'actual_pods': 10.0, 'excess_pods': 0.0, 'efficiency': 383403.4864583334}"
2025-05-21 17:40:00+09:00,10,1,4,"{'performance': np.float64(309364.100352), 'cost': np.float64(0.1943), 'assignable_pod': np.float64(16.0), 'excess_pod': np.float64(6.0), 'efficiency': np.float64(99512.38431291816)}","{'performance': 289845.006812, 'cost': 0.11499999999999999, 'actual_pods': 10.0, 'excess_pods': 0.0, 'efficiency': 252039.1363582609}"
2025-05-21 17:40:00+09:00,10,2,2,"{'performance': np.float64(309501.7072), 'cost': np.float64(0.337), 'assignable_pod': np.float64(16.0), 'excess_pod': np.float64(6.0), 'efficiency': np.float64(57400.16824925816)}","{'performance': 333711.74889399996, 'cost': 0.21100000000000002, 'actual_pods': 10.0, 'excess_pods': 0.0, 'efficiency': 158157.226963981}"
2025-05-21 17:40:00+09:00,50,1,2,"{'performance': np.float64(1553926.921856), 'cost': np.float64(0.677), 'assignable_pod': np.float64(64.0), 'excess_pod': np.float64(14.0), 'efficiency': np.float64(35864.26610635155)}","{'performance': 921765.281828, 'cost': 0.26999999999999996, 'actual_pods': 50.0, 'excess_pods': 0.0, 'efficiency': 68278.90976503704}"
2025-05-21 18:00:00+09:00,17,7,7,"{'performance': np.float64(753882.5382462), 'cost': np.float64(2.0331), 'assignable_pod': np.float64(27.0), 'excess_pod': np.float64(10.0), 'efficiency': np.float64(13733.49834764645)}","{'performance': 621719.1108504, 'cost': 1.5194, 'actual_pods': 18.0, 'excess_pods': 1.0, 'efficiency': 22732.62511701987}"
2025-05-21 18:00:00+09:00,75,3,5,"{'performance': np.float64(2175749.6743648), 'cost': np.float64(2.5472), 'assignable_pod': np.float64(80.0), 'excess_pod': np.float64(5.0), 'efficiency': np.float64(10677.163524481784)}","{'performance': 2556780.4958614, 'cost': 2.7024, 'actual_pods': 75.0, 'excess_pods': 0.0, 'efficiency': 12614.863310940398}"
2025-05-21 18:00:00+09:00,1000,1,2,"{'performance': np.float64(27971018.999875203), 'cost': np.float64(11.502), 'assignable_pod': np.float64(1008.0), 'excess_pod': np.float64(8.0), 'efficiency': np.float64(2412.539278872411)}","{'performance': 32360433.597220786, 'cost': 11.013699999999998, 'actual_pods': 1000.0, 'excess_pods': 0.0, 'efficiency': 2938.1982074344487}"
2025-05-21 18:00:00+09:00,1000,2,2,"{'performance': np.float64(14870895.668556802), 'cost': np.float64(13.164200000000001), 'assignable_pod': np.float64(532.0), 'excess_pod': np.float64(-468.0), 'efficiency': np.float64(2123.3961355085503)}","{'performance': 33983466.6112736, 'cost': 23.6528, 'actual_pods': 1000.0, 'excess_pods': 0.0, 'efficiency': 1436.7629460898331}"
2025-05-21 17:50:00+09:00,50,1,4,"{'performance': np.float64(1553926.921856), 'cost': np.float64(0.677), 'assignable_pod': np.float64(64.0), 'excess_pod': np.float64(14.0), 'efficiency': np.float64(35864.26610635155)}","{'performance': 1667066.0948440004, 'cost': 0.5934, 'actual_pods': 50.0, 'excess_pods': 0.0, 'efficiency': 56186.92601429054}"
2025-05-21 17:50:00+09:00,50,2,2,"{'performance': np.float64(2680471.2470976003), 'cost': np.float64(2.0331), 'assignable_pod': np.float64(96.0), 'excess_pod': np.float64(46.0), 'efficiency': np.float64(13733.498347646451)}","{'performance': 1666466.5050568, 'cost': 1.0985, 'actual_pods': 50.0, 'excess_pods': 0.0, 'efficiency': 30340.76477117524}"
2025-05-21 17:50:00+09:00,100,1,2,"{'performance': np.float64(5360942.4941952005), 'cost': np.float64(2.0331), 'assignable_pod': np.float64(192.0), 'excess_pod': np.float64(92.0), 'efficiency': np.float64(13733.498347646451)}","{'performance': 2441178.25568, 'cost': 0.75, 'actual_pods': 100.0, 'excess_pods': 0.0, 'efficiency': 32549.043409066668}"
2025-05-21 17:50:00+09:00,100,1,4,"{'performance': np.float64(5360942.4941952005), 'cost': np.float64(2.0331), 'assignable_pod': np.float64(192.0), 'excess_pod': np.float64(92.0), 'efficiency': np.float64(13733.498347646451)}","{'performance': 3334132.189688001, 'cost': 1.1868, 'actual_pods': 100.0, 'excess_pods': 0.0, 'efficiency': 28093.46300714527}"
2025-05-21 17:50:00+09:00,100,2,2,"{'performance': np.float64(2873158.7994144005), 'cost': np.float64(2.2027), 'assignable_pod': np.float64(104.0), 'excess_pod': np.float64(4.0), 'efficiency': np.float64(12542.119633834003)}","{'performance': 3411018.7441879995, 'cost': 2.2922000000000002, 'actual_pods': 100.0, 'excess_pods': 0.0, 'efficiency': 14880.982218776717}"
2025-05-21 17:50:00+09:00,400,1,2,"{'performance': np.float64(11340888.402790401), 'cost': np.float64(4.814400000000001), 'assignable_pod': np.float64(416.0), 'excess_pod': np.float64(16.0), 'efficiency': np.float64(5662.543820257177)}","{'performance': 10810066.5587408, 'cost': 3.6295000000000006, 'actual_pods': 400.0, 'excess_pods': 0.0, 'efficiency': 7445.9750370166685}"
2025-05-21 17:50:00+09:00,400,1,4,"{'performance': np.float64(11499120.7094144), 'cost': np.float64(4.4836), 'assignable_pod': np.float64(416.0), 'excess_pod': np.float64(16.0), 'efficiency': np.float64(6165.161274408614)}","{'performance': 13336528.758752003, 'cost': 4.7472, 'actual_pods': 400.0, 'excess_pods': 0.0, 'efficiency': 7023.365751786318}"
2025-05-21 17:50:00+09:00,400,2,2,"{'performance': np.float64(11305038.252840001), 'cost': np.float64(9.468900000000001), 'assignable_pod': np.float64(408.0), 'excess_pod': np.float64(8.0), 'efficiency': np.float64(2926.2561744547006)}","{'performance': 13718293.705221597, 'cost': 9.397200000000002, 'actual_pods': 400.0, 'excess_pods': 0.0, 'efficiency': 3649.5694742108276}"
2025-05-21 18:10:00+09:00,115,4,2,"{'performance': np.float64(4020706.8706464004), 'cost': np.float64(6.0993), 'assignable_pod': np.float64(144.0), 'excess_pod': np.float64(29.0), 'efficiency': np.float64(4577.832782548818)}","{'performance': 3949235.3818649994, 'cost': 5.3951, 'actual_pods': 115.0, 'excess_pods': 0.0, 'efficiency': 6365.253143335376}"
2025-05-21 18:10:00+09:00,287,1,6,"{'performance': np.float64(7935782.408528801), 'cost': np.float64(3.7387), 'assignable_pod': np.float64(298.0), 'excess_pod': np.float64(11.0), 'efficiency': np.float64(7122.834758204544)}","{'performance': 9569448.324307198, 'cost': 4.5286, 'actual_pods': 288.0, 'excess_pods': 1.0, 'efficiency': 7337.201591234964}"
2025-05-21 18:10:00+09:00,439,1,9,"{'performance': np.float64(11963267.2016896), 'cost': np.float64(11.1523), 'assignable_pod': np.float64(448.0), 'excess_pod': np.float64(9.0), 'efficiency': np.float64(2394.4586706188725)}","{'performance': 14547777.132033397, 'cost': 7.7326999999999995, 'actual_pods': 439.0, 'excess_pods': 0.0, 'efficiency': 4285.494651558111}"
2025-05-21 18:10:00+09:00,1000,1,4,"{'performance': np.float64(30320471.520832002), 'cost': np.float64(13.6369), 'assignable_pod': np.float64(1088.0), 'excess_pod': np.float64(88.0), 'efficiency': np.float64(2043.5788516408552)}","{'performance': 33341321.89688001, 'cost': 11.868000000000002, 'actual_pods': 1000.0, 'excess_pods': 0.0, 'efficiency': 2809.346300714527}"
