region,region_name,run,elapsed_s,peak_memory_mb,avg_memory_mb,peak_cpu_pct,avg_cpu_pct
us-east-1,N. Virginia,1,2.3638,199.46,176.29,1.59,1.07
us-east-1,N. Virginia,2,2.3369,168.51,168.51,1.50,1.07
us-east-1,N. Virginia,3,2.1415,168.51,168.51,1.53,1.02
us-east-1,N. Virginia,4,1.4975,168.51,168.51,15.25,5.86
us-east-1,N. Virginia,5,1.5974,168.51,168.51,20.29,5.98
us-east-1,N. Virginia,6,1.8620,168.51,168.51,1.52,0.99
us-east-1,N. Virginia,7,1.7219,168.51,168.51,14.64,4.64
us-east-1,N. Virginia,8,1.6320,168.51,168.51,1.36,0.90
us-east-1,N. Virginia,9,1.5438,168.51,168.51,1.25,0.82
us-east-1,N. Virginia,10,1.6698,168.51,168.51,1.46,1.00
us-east-1,N. Virginia,11,1.8423,168.51,168.51,1.32,0.96
us-east-1,N. Virginia,12,1.8891,168.51,168.51,1.46,0.96
us-east-1,N. Virginia,13,1.7707,168.51,168.51,1.42,0.97
us-east-1,N. Virginia,14,1.8177,168.51,168.51,1.53,0.94
us-east-1,N. Virginia,15,1.3896,168.51,168.51,1.28,0.78
us-east-1,N. Virginia,16,1.4237,168.51,168.51,1.32,0.81
us-east-1,N. Virginia,17,1.4175,168.51,168.51,1.32,0.81
us-east-1,N. Virginia,18,1.7974,168.51,168.51,1.43,0.91
us-east-1,N. Virginia,19,1.6760,168.51,168.51,1.26,0.90
us-east-1,N. Virginia,20,1.6521,168.51,168.51,1.40,0.93
us-east-1,N. Virginia,21,1.7766,168.51,168.51,1.49,0.95
us-east-1,N. Virginia,22,1.5113,168.51,168.51,14.76,5.70
us-east-1,N. Virginia,23,1.6910,168.51,168.51,1.31,0.95
us-east-1,N. Virginia,24,1.6974,168.51,168.51,1.43,0.96
us-east-1,N. Virginia,25,1.6186,168.51,168.51,1.34,0.97
us-east-1,N. Virginia,26,1.5998,168.51,168.51,1.50,0.96
us-east-1,N. Virginia,27,2.1583,168.51,168.51,1.40,1.03
us-east-1,N. Virginia,28,2.3890,168.51,168.51,1.53,1.07
us-east-1,N. Virginia,29,2.3819,168.51,168.51,1.53,1.07
us-east-1,N. Virginia,30,2.3788,168.51,168.51,1.50,1.06
us-east-1,N. Virginia,31,2.3992,168.51,168.51,16.98,4.46
us-east-1,N. Virginia,32,2.4059,168.51,168.51,1.57,1.06
us-east-1,N. Virginia,33,2.4109,168.51,168.51,1.57,1.07
us-east-1,N. Virginia,34,1.7198,168.51,168.51,14.17,4.43
us-east-1,N. Virginia,35,1.5507,168.51,168.51,1.26,0.83
us-east-1,N. Virginia,36,1.5236,168.51,168.51,1.29,0.81
us-east-1,N. Virginia,37,1.6424,168.51,168.51,1.36,0.96
us-east-1,N. Virginia,38,1.6217,168.51,168.51,11.41,3.78
us-east-1,N. Virginia,39,1.7633,168.51,168.51,1.38,0.99
us-east-1,N. Virginia,40,1.6496,168.51,168.51,1.35,0.97
us-east-1,N. Virginia,41,1.9816,168.51,168.51,1.25,0.90
us-east-1,N. Virginia,42,1.7711,168.51,168.51,1.49,0.94
us-east-1,N. Virginia,43,1.6614,168.51,168.51,1.39,0.91
us-east-1,N. Virginia,44,1.5598,168.51,168.51,1.28,0.85
us-east-1,N. Virginia,45,1.6879,168.51,168.51,1.31,0.91
us-east-1,N. Virginia,46,1.5518,168.51,168.51,1.30,0.81
us-east-1,N. Virginia,47,1.4401,168.51,168.51,1.28,0.77
us-east-1,N. Virginia,48,1.4499,168.51,168.51,1.32,0.79
us-east-1,N. Virginia,49,1.6500,168.51,168.51,1.52,0.89
us-east-1,N. Virginia,50,1.4517,168.51,168.51,13.79,5.36
us-east-1,N. Virginia,51,1.5152,168.51,168.51,1.24,0.81
us-east-1,N. Virginia,52,1.6549,168.51,168.51,1.34,0.94
us-east-1,N. Virginia,53,1.6847,168.51,168.51,1.45,0.97
us-east-1,N. Virginia,54,1.6107,168.51,168.51,1.43,0.97
us-east-1,N. Virginia,55,1.7925,168.51,168.51,1.52,0.92
us-east-1,N. Virginia,56,1.7619,168.51,168.51,1.39,0.98
us-east-1,N. Virginia,57,2.3701,168.51,168.51,1.53,1.06
us-east-1,N. Virginia,58,1.8479,168.51,168.51,1.52,0.98
us-east-1,N. Virginia,59,1.3942,168.51,168.51,16.37,6.25
us-east-1,N. Virginia,60,1.4460,168.51,168.51,1.34,0.83
us-east-1,N. Virginia,61,1.3499,168.51,168.51,1.37,0.90
us-east-1,N. Virginia,62,1.4595,168.51,168.51,13.81,5.40
us-east-1,N. Virginia,63,1.5128,168.51,168.51,1.36,0.80
us-east-1,N. Virginia,64,1.6701,168.51,168.51,1.41,0.92
us-east-1,N. Virginia,65,1.5798,168.51,168.51,16.26,4.97
us-east-1,N. Virginia,66,1.5361,168.51,168.51,1.31,0.80
us-east-1,N. Virginia,67,1.4681,168.51,168.51,1.22,0.79
us-east-1,N. Virginia,68,1.5013,168.51,168.51,1.26,0.81
us-east-1,N. Virginia,69,1.6190,168.51,168.51,1.29,0.91
us-east-1,N. Virginia,70,1.8908,168.51,168.51,1.53,0.98
us-east-1,N. Virginia,71,1.6576,168.51,168.51,17.08,5.21
us-east-1,N. Virginia,72,1.7079,168.51,168.51,1.52,0.96
us-east-1,N. Virginia,73,1.5471,168.51,168.51,1.28,0.89
us-east-1,N. Virginia,74,1.8581,168.51,168.51,1.50,1.02
us-east-1,N. Virginia,75,1.8195,168.51,168.51,1.39,0.99
us-east-1,N. Virginia,76,2.0753,168.51,168.51,1.56,1.03
us-east-1,N. Virginia,77,2.3665,168.51,168.51,1.57,1.07
us-east-1,N. Virginia,78,2.3656,168.51,168.51,1.50,1.06
us-east-1,N. Virginia,79,2.0765,168.51,168.51,1.46,0.98
us-east-1,N. Virginia,80,1.5404,168.51,168.51,1.28,0.83
us-east-1,N. Virginia,81,1.5107,168.51,168.51,1.26,0.78
us-east-1,N. Virginia,82,1.5340,168.51,168.51,1.32,0.82
us-east-1,N. Virginia,83,1.6075,168.51,168.51,1.36,0.88
us-east-1,N. Virginia,84,1.4765,168.51,168.51,1.28,0.78
us-east-1,N. Virginia,85,1.6695,168.51,168.51,1.39,0.89
us-east-1,N. Virginia,86,1.9457,168.51,168.51,1.50,0.98
us-east-1,N. Virginia,87,1.6863,168.51,168.51,1.43,0.95
us-east-1,N. Virginia,88,1.7663,168.51,168.51,15.14,4.76
us-east-1,N. Virginia,89,1.8086,168.51,168.51,1.50,0.95
us-east-1,N. Virginia,90,1.3967,168.51,168.51,1.32,0.80
us-east-1,N. Virginia,91,1.5387,168.51,168.51,14.47,5.64
us-east-1,N. Virginia,92,1.5384,168.51,168.51,1.31,0.81
us-east-1,N. Virginia,93,1.7540,168.51,168.51,1.39,0.96
us-east-1,N. Virginia,94,1.6382,168.51,168.51,14.37,4.47
us-east-1,N. Virginia,95,1.6882,168.51,168.51,1.33,0.95
us-east-1,N. Virginia,96,1.6817,168.51,168.51,1.36,0.90
us-east-1,N. Virginia,97,1.7528,168.51,168.51,1.47,0.97
us-east-1,N. Virginia,98,2.4209,168.51,168.51,1.52,1.03
us-east-1,N. Virginia,99,2.4005,168.51,168.51,1.46,1.06
us-east-1,N. Virginia,100,2.4126,168.51,168.51,1.60,1.09
us-west-2,Oregon,1,2.0913,214.34,202.94,1.35,0.90
us-west-2,Oregon,2,2.1115,195.34,195.34,1.34,0.89
us-west-2,Oregon,3,2.1063,195.34,195.34,1.38,0.92
us-west-2,Oregon,4,1.4798,195.34,195.34,1.14,0.69
us-west-2,Oregon,5,1.5475,195.34,195.34,1.21,0.79
us-west-2,Oregon,6,1.6241,195.34,195.34,1.29,0.84
us-west-2,Oregon,7,1.6969,195.34,195.34,1.25,0.80
us-west-2,Oregon,8,1.7993,195.34,194.66,1.37,0.83
us-west-2,Oregon,9,1.6912,194.43,194.43,1.36,0.83
us-west-2,Oregon,10,1.4852,194.43,194.43,1.28,0.73
us-west-2,Oregon,11,1.4574,194.43,194.43,1.23,0.73
us-west-2,Oregon,12,1.8999,194.43,194.43,1.42,0.83
us-west-2,Oregon,13,2.1106,194.43,194.43,9.67,2.86
us-west-2,Oregon,14,2.1241,194.43,194.43,1.37,0.91
us-west-2,Oregon,15,2.0975,194.43,194.43,1.41,0.90
us-west-2,Oregon,16,2.1057,194.43,194.43,1.33,0.89
us-west-2,Oregon,17,2.0944,194.43,194.43,1.37,0.90
us-west-2,Oregon,18,2.0856,194.43,194.43,1.38,0.90
us-west-2,Oregon,19,2.1261,194.43,194.43,1.36,0.91
us-west-2,Oregon,20,2.0993,194.43,194.43,1.32,0.92
us-west-2,Oregon,21,2.1254,194.43,194.43,1.35,0.91
us-west-2,Oregon,22,2.1099,194.43,194.43,1.33,0.90
us-west-2,Oregon,23,1.7141,194.43,194.43,9.25,3.16
us-west-2,Oregon,24,1.3625,194.43,194.43,1.20,0.69
us-west-2,Oregon,25,1.4549,194.43,194.43,13.64,5.26
us-west-2,Oregon,26,1.3461,194.43,194.43,1.23,0.72
us-west-2,Oregon,27,1.3300,194.43,194.43,1.31,0.69
us-west-2,Oregon,28,1.3140,194.43,194.43,13.40,5.18
us-west-2,Oregon,29,1.4174,194.43,194.43,1.27,0.66
us-west-2,Oregon,30,1.4684,194.43,194.43,1.22,0.62
us-west-2,Oregon,31,1.4029,194.43,194.43,1.19,0.67
us-west-2,Oregon,32,1.4211,194.43,194.43,1.09,0.62
us-west-2,Oregon,33,1.5472,194.43,194.43,1.25,0.81
us-west-2,Oregon,34,1.6027,194.43,194.43,1.32,0.83
us-west-2,Oregon,35,1.5439,194.43,194.43,1.28,0.79
us-west-2,Oregon,36,1.4931,194.43,194.43,1.27,0.67
us-west-2,Oregon,37,1.5590,194.43,194.43,1.36,0.79
us-west-2,Oregon,38,1.5008,194.43,194.43,1.29,0.74
us-west-2,Oregon,39,1.4532,194.43,194.43,1.24,0.76
us-west-2,Oregon,40,1.5830,194.43,194.43,1.28,0.82
us-west-2,Oregon,41,1.4133,194.43,194.43,1.36,0.76
us-west-2,Oregon,42,1.4498,194.43,194.43,1.22,0.72
us-west-2,Oregon,43,1.5522,194.43,194.43,1.28,0.78
us-west-2,Oregon,44,1.9448,194.43,194.43,1.25,0.83
us-west-2,Oregon,45,2.1404,194.43,194.43,1.40,0.92
us-west-2,Oregon,46,1.8538,194.43,194.43,11.61,3.74
us-west-2,Oregon,47,1.8622,194.43,194.43,1.38,0.84
us-west-2,Oregon,48,1.8734,194.43,194.43,1.41,0.83
us-west-2,Oregon,49,1.9564,194.43,194.43,14.31,4.40
us-west-2,Oregon,50,2.1067,194.43,194.43,1.31,0.89
us-west-2,Oregon,51,2.1118,194.43,194.43,10.57,3.01
us-west-2,Oregon,52,2.1145,194.43,194.43,1.34,0.92
us-west-2,Oregon,53,2.1376,194.43,194.43,1.32,0.92
us-west-2,Oregon,54,2.1193,194.43,194.43,1.34,0.90
us-west-2,Oregon,55,1.8939,194.43,194.43,1.31,0.82
us-west-2,Oregon,56,1.5162,194.43,194.43,1.22,0.73
us-west-2,Oregon,57,1.6118,194.43,194.43,1.25,0.79
us-west-2,Oregon,58,1.6997,194.43,194.43,1.39,0.83
us-west-2,Oregon,59,1.5702,194.43,194.43,1.25,0.84
us-west-2,Oregon,60,1.9094,194.43,194.43,1.32,0.86
us-west-2,Oregon,61,1.5095,194.43,194.43,1.07,0.69
us-west-2,Oregon,62,1.4586,194.43,194.43,1.12,0.65
us-west-2,Oregon,63,1.3849,194.43,194.43,15.68,5.89
us-west-2,Oregon,64,1.4786,194.43,194.43,1.29,0.69
us-west-2,Oregon,65,1.4409,194.43,194.43,1.08,0.70
us-west-2,Oregon,66,1.6588,194.43,194.43,1.32,0.83
us-west-2,Oregon,67,1.4511,194.43,194.43,1.11,0.67
us-west-2,Oregon,68,1.4863,194.43,194.43,1.22,0.63
us-west-2,Oregon,69,1.4959,194.43,194.43,1.18,0.69
us-west-2,Oregon,70,1.6432,194.43,194.43,1.28,0.82
us-west-2,Oregon,71,1.6541,194.43,194.43,1.39,0.83
us-west-2,Oregon,72,1.5156,194.43,194.43,1.25,0.80
us-west-2,Oregon,73,1.6668,194.43,194.43,1.22,0.83
us-west-2,Oregon,74,2.1021,194.43,194.43,1.36,0.90
us-west-2,Oregon,75,2.1059,194.43,194.43,10.06,2.93
us-west-2,Oregon,76,2.0898,194.43,194.43,12.75,3.46
us-west-2,Oregon,77,1.9779,194.43,194.43,1.37,0.89
us-west-2,Oregon,78,1.4949,194.43,194.43,1.25,0.78
us-west-2,Oregon,79,1.5124,194.43,194.43,19.28,7.19
us-west-2,Oregon,80,1.6172,194.43,194.43,1.21,0.83
us-west-2,Oregon,81,1.4440,194.43,194.43,25.34,9.17
us-west-2,Oregon,82,1.7468,194.43,194.43,14.67,4.48
us-west-2,Oregon,83,2.1388,194.43,194.43,1.32,0.92
us-west-2,Oregon,84,2.1268,194.43,194.43,12.57,3.44
us-west-2,Oregon,85,2.1084,194.43,194.43,1.37,0.92
us-west-2,Oregon,86,2.1113,194.43,194.43,1.35,0.91
us-west-2,Oregon,87,2.1152,194.43,194.43,1.33,0.92
us-west-2,Oregon,88,1.7453,194.43,194.43,1.39,0.83
us-west-2,Oregon,89,1.7405,194.43,194.43,1.41,0.85
us-west-2,Oregon,90,1.6218,194.43,194.43,1.34,0.82
us-west-2,Oregon,91,1.4015,194.43,194.43,1.22,0.65
us-west-2,Oregon,92,1.5839,194.43,194.43,1.29,0.79
us-west-2,Oregon,93,1.4409,194.43,194.43,14.80,5.66
us-west-2,Oregon,94,1.5167,194.43,194.43,1.30,0.76
us-west-2,Oregon,95,1.5337,194.43,194.43,1.33,0.80
us-west-2,Oregon,96,1.5022,194.43,194.43,1.31,0.71
us-west-2,Oregon,97,1.4170,194.43,194.43,1.21,0.76
us-west-2,Oregon,98,1.6175,194.43,194.43,1.32,0.80
us-west-2,Oregon,99,1.5412,194.43,194.43,1.25,0.77
us-west-2,Oregon,100,1.5939,194.43,194.43,1.14,0.75
eu-west-1,Ireland,1,1.3364,212.57,205.92,1.49,0.82
eu-west-1,Ireland,2,1.2940,202.60,202.60,1.43,0.83
eu-west-1,Ireland,3,1.3305,202.41,202.41,1.46,0.82
eu-west-1,Ireland,4,1.3229,202.41,202.41,1.43,0.83
eu-west-1,Ireland,5,1.3005,202.41,202.41,1.41,0.82
eu-west-1,Ireland,6,1.3265,202.41,202.41,1.31,0.82
eu-west-1,Ireland,7,1.3313,202.41,202.41,1.34,0.83
eu-west-1,Ireland,8,1.2550,202.41,202.41,1.36,0.79
eu-west-1,Ireland,9,1.3183,202.41,202.41,10.44,4.32
eu-west-1,Ireland,10,1.3408,202.41,202.41,1.50,0.82
eu-west-1,Ireland,11,1.3029,202.41,202.41,1.31,0.84
eu-west-1,Ireland,12,1.3387,202.41,201.74,1.38,0.83
eu-west-1,Ireland,13,1.3414,201.41,201.41,1.33,0.78
eu-west-1,Ireland,14,1.2486,201.41,201.41,15.59,5.98
eu-west-1,Ireland,15,1.3141,201.41,201.41,1.43,0.83
eu-west-1,Ireland,16,1.3147,201.41,201.41,1.43,0.81
eu-west-1,Ireland,17,1.3217,201.41,201.41,1.43,0.82
eu-west-1,Ireland,18,1.3574,201.41,201.41,1.35,0.82
eu-west-1,Ireland,19,1.3417,201.41,201.41,11.00,4.50
eu-west-1,Ireland,20,1.3200,201.41,201.41,1.31,0.79
eu-west-1,Ireland,21,1.2473,201.41,201.41,13.84,5.40
eu-west-1,Ireland,22,1.3372,201.41,201.41,1.46,0.82
eu-west-1,Ireland,23,1.3195,201.41,201.41,13.22,5.21
eu-west-1,Ireland,24,1.3524,201.41,201.41,1.50,0.83
eu-west-1,Ireland,25,1.3244,201.41,201.41,1.50,0.83
eu-west-1,Ireland,26,1.3213,201.41,201.41,1.43,0.82
eu-west-1,Ireland,27,1.3273,201.41,201.41,14.03,5.50
eu-west-1,Ireland,28,1.3618,201.41,201.41,1.46,0.83
eu-west-1,Ireland,29,1.3235,201.41,201.41,1.46,0.83
eu-west-1,Ireland,30,1.3311,201.41,201.41,1.46,0.82
eu-west-1,Ireland,31,1.0108,201.41,201.41,1.21,0.76
eu-west-1,Ireland,32,1.1052,201.41,201.41,1.41,0.82
eu-west-1,Ireland,33,0.9717,201.41,201.41,1.35,0.67
eu-west-1,Ireland,34,1.0392,201.41,201.41,1.28,0.84
eu-west-1,Ireland,35,1.1951,201.41,201.41,1.32,0.80
eu-west-1,Ireland,36,1.3371,201.41,201.41,1.46,0.82
eu-west-1,Ireland,37,1.3371,201.41,201.41,15.03,5.83
eu-west-1,Ireland,38,1.3246,201.41,201.41,1.43,0.82
eu-west-1,Ireland,39,1.3253,201.41,201.41,1.43,0.83
eu-west-1,Ireland,40,1.3327,201.41,201.41,1.46,0.83
eu-west-1,Ireland,41,1.3498,201.41,201.41,1.46,0.82
eu-west-1,Ireland,42,1.3124,201.41,201.41,1.50,0.83
eu-west-1,Ireland,43,1.3527,201.41,201.41,1.50,0.82
eu-west-1,Ireland,44,1.2983,201.41,201.41,1.39,0.82
eu-west-1,Ireland,45,1.3410,201.41,201.41,1.53,0.83
eu-west-1,Ireland,46,1.2953,201.41,201.41,1.39,0.84
eu-west-1,Ireland,47,1.3278,201.41,201.41,1.46,0.83
eu-west-1,Ireland,48,1.3161,201.41,201.41,1.43,0.82
eu-west-1,Ireland,49,1.3247,201.41,201.41,1.46,0.82
eu-west-1,Ireland,50,1.3086,201.41,201.41,1.39,0.82
eu-west-1,Ireland,51,1.3224,201.41,201.41,1.43,0.83
eu-west-1,Ireland,52,1.3258,201.41,201.41,1.43,0.82
eu-west-1,Ireland,53,1.3279,201.41,201.41,1.50,0.82
eu-west-1,Ireland,54,1.3268,201.41,201.41,1.46,0.83
eu-west-1,Ireland,55,1.3107,201.41,201.41,11.89,4.77
eu-west-1,Ireland,56,1.3145,201.41,201.41,1.43,0.83
eu-west-1,Ireland,57,1.3373,201.41,201.41,1.43,0.81
eu-west-1,Ireland,58,1.3289,201.41,201.41,1.46,0.82
eu-west-1,Ireland,59,1.3289,201.41,201.41,1.46,0.82
eu-west-1,Ireland,60,1.3211,201.41,201.41,1.43,0.84
eu-west-1,Ireland,61,1.3288,201.41,201.41,10.87,4.44
eu-west-1,Ireland,62,1.3199,201.41,201.41,1.46,0.82
eu-west-1,Ireland,63,1.3119,201.41,201.41,10.81,4.42
eu-west-1,Ireland,64,1.3417,201.41,201.41,9.11,3.85
eu-west-1,Ireland,65,1.3344,201.41,201.41,1.50,0.84
eu-west-1,Ireland,66,1.3173,201.41,201.41,1.50,0.83
eu-west-1,Ireland,67,1.3115,201.41,201.41,1.50,0.84
eu-west-1,Ireland,68,1.3193,201.41,201.41,1.46,0.82
eu-west-1,Ireland,69,1.1782,201.41,201.41,1.50,0.84
eu-west-1,Ireland,70,1.1142,201.41,201.41,1.42,0.80
eu-west-1,Ireland,71,1.0211,201.41,201.41,1.18,0.77
eu-west-1,Ireland,72,1.0915,201.41,201.41,1.25,0.79
eu-west-1,Ireland,73,1.0653,201.41,201.41,1.32,0.82
eu-west-1,Ireland,74,0.9946,201.41,201.41,1.28,0.64
eu-west-1,Ireland,75,0.9807,201.41,201.41,22.68,11.98
eu-west-1,Ireland,76,1.0098,201.41,201.41,1.25,0.75
eu-west-1,Ireland,77,0.8328,201.41,201.41,12.71,6.90
eu-west-1,Ireland,78,0.8727,201.41,201.41,1.06,0.53
eu-west-1,Ireland,79,0.8697,201.41,201.41,1.04,0.52
eu-west-1,Ireland,80,0.8539,201.41,201.41,1.11,0.55
eu-west-1,Ireland,81,0.9158,201.41,201.41,1.14,0.57
eu-west-1,Ireland,82,0.9520,201.41,201.41,1.25,0.62
eu-west-1,Ireland,83,0.8848,201.41,201.41,1.03,0.52
eu-west-1,Ireland,84,0.8156,201.41,201.41,1.07,0.53
eu-west-1,Ireland,85,0.8602,201.41,201.41,1.14,0.57
eu-west-1,Ireland,86,0.8953,201.41,201.41,1.14,0.57
eu-west-1,Ireland,87,0.8635,201.41,201.41,1.11,0.55
eu-west-1,Ireland,88,0.8990,201.41,201.41,1.14,0.57
eu-west-1,Ireland,89,0.7872,201.41,201.41,1.07,0.53
eu-west-1,Ireland,90,0.9928,201.41,201.41,1.24,0.62
eu-west-1,Ireland,91,0.9807,201.41,201.41,1.24,0.62
eu-west-1,Ireland,92,1.0181,201.41,201.41,1.21,0.76
eu-west-1,Ireland,93,1.0231,201.41,201.41,1.39,0.81
eu-west-1,Ireland,94,0.9280,201.41,201.41,1.30,0.65
eu-west-1,Ireland,95,1.0638,201.41,201.41,17.47,6.65
eu-west-1,Ireland,96,1.0333,201.41,201.41,13.33,5.22
eu-west-1,Ireland,97,0.9956,201.41,201.41,1.24,0.62
eu-west-1,Ireland,98,1.0352,201.41,201.41,1.28,0.77
eu-west-1,Ireland,99,1.3430,201.41,201.41,1.43,0.81
eu-west-1,Ireland,100,1.3389,201.41,201.41,1.43,0.81
ap-northeast-1,Tokyo,1,1.3673,213.09,212.08,1.26,0.78
ap-northeast-1,Tokyo,2,1.3342,209.42,209.42,1.34,0.80
ap-northeast-1,Tokyo,3,1.3400,209.42,209.42,1.31,0.79
ap-northeast-1,Tokyo,4,1.2892,209.42,209.42,1.27,0.78
ap-northeast-1,Tokyo,5,1.3337,209.42,209.42,1.35,0.79
ap-northeast-1,Tokyo,6,1.4150,209.42,209.42,1.39,0.78
ap-northeast-1,Tokyo,7,1.5564,209.42,209.42,1.52,0.87
ap-northeast-1,Tokyo,8,1.4485,209.42,209.42,1.25,0.83
ap-northeast-1,Tokyo,9,1.4740,209.42,209.42,13.10,5.18
ap-northeast-1,Tokyo,10,1.4589,209.42,209.42,1.49,0.81
ap-northeast-1,Tokyo,11,1.4607,209.42,209.42,13.09,5.18
ap-northeast-1,Tokyo,12,1.4682,209.42,209.42,14.62,5.68
ap-northeast-1,Tokyo,13,1.4548,209.42,209.42,1.49,0.84
ap-northeast-1,Tokyo,14,1.4379,209.42,209.42,1.53,0.84
ap-northeast-1,Tokyo,15,1.4708,209.42,209.42,1.52,0.84
ap-northeast-1,Tokyo,16,1.4592,209.42,209.42,1.51,0.83
ap-northeast-1,Tokyo,17,1.4718,209.42,209.42,1.46,0.83
ap-northeast-1,Tokyo,18,1.4569,209.42,209.42,1.53,0.83
ap-northeast-1,Tokyo,19,1.4587,209.42,209.42,1.50,0.83
ap-northeast-1,Tokyo,20,1.4803,209.42,209.42,14.82,5.75
ap-northeast-1,Tokyo,21,1.4746,209.42,209.42,13.30,5.26
ap-northeast-1,Tokyo,22,1.4759,209.42,209.42,1.50,0.82
ap-northeast-1,Tokyo,23,1.4744,209.42,209.42,1.52,0.83
ap-northeast-1,Tokyo,24,1.4664,209.42,209.42,1.48,0.82
ap-northeast-1,Tokyo,25,1.4330,209.42,209.42,1.46,0.83
ap-northeast-1,Tokyo,26,1.2837,209.42,209.42,1.43,0.83
ap-northeast-1,Tokyo,27,1.1047,209.42,209.42,26.16,9.45
ap-northeast-1,Tokyo,28,1.1223,209.42,209.42,1.28,0.75
ap-northeast-1,Tokyo,29,1.1603,209.42,209.42,1.32,0.80
ap-northeast-1,Tokyo,30,1.1853,209.42,209.42,1.35,0.82
ap-northeast-1,Tokyo,31,1.1294,209.42,209.42,1.21,0.76
ap-northeast-1,Tokyo,32,1.2361,209.42,209.42,1.21,0.77
ap-northeast-1,Tokyo,33,1.4611,209.42,209.42,1.50,0.82
ap-northeast-1,Tokyo,34,1.4621,209.42,209.42,1.52,0.84
ap-northeast-1,Tokyo,35,1.4582,209.42,209.42,1.50,0.83
ap-northeast-1,Tokyo,36,1.4546,209.42,209.42,1.46,0.81
ap-northeast-1,Tokyo,37,1.4519,209.42,209.42,9.57,4.01
ap-northeast-1,Tokyo,38,1.4693,209.42,209.42,1.48,0.82
ap-northeast-1,Tokyo,39,1.4653,209.42,209.42,1.48,0.82
ap-northeast-1,Tokyo,40,1.4850,209.42,209.42,10.49,4.31
ap-northeast-1,Tokyo,41,1.4558,209.42,209.42,1.53,0.83
ap-northeast-1,Tokyo,42,1.4599,209.42,209.42,1.50,0.81
ap-northeast-1,Tokyo,43,1.4778,209.42,209.42,1.48,0.84
ap-northeast-1,Tokyo,44,1.4761,209.42,209.42,1.50,0.83
ap-northeast-1,Tokyo,45,1.4718,209.42,209.42,12.03,4.84
ap-northeast-1,Tokyo,46,1.4489,209.42,209.42,1.50,0.83
ap-northeast-1,Tokyo,47,1.4711,209.42,209.42,1.52,0.85
ap-northeast-1,Tokyo,48,1.4350,209.42,209.42,1.50,0.83
ap-northeast-1,Tokyo,49,1.4722,209.42,209.42,1.53,0.84
ap-northeast-1,Tokyo,50,1.4598,209.42,209.42,11.56,4.66
ap-northeast-1,Tokyo,51,1.4724,209.42,209.42,23.27,8.57
ap-northeast-1,Tokyo,52,1.4360,209.42,209.42,1.46,0.83
ap-northeast-1,Tokyo,53,1.4527,209.42,209.42,11.81,4.76
ap-northeast-1,Tokyo,54,1.4630,209.42,209.42,1.53,0.83
ap-northeast-1,Tokyo,55,1.4609,209.42,209.42,1.50,0.81
ap-northeast-1,Tokyo,56,1.4622,209.42,209.42,10.08,4.17
ap-northeast-1,Tokyo,57,1.4796,209.42,209.42,1.51,0.83
ap-northeast-1,Tokyo,58,1.4635,209.42,209.42,1.53,0.83
ap-northeast-1,Tokyo,59,1.4644,209.42,209.42,1.50,0.82
ap-northeast-1,Tokyo,60,1.4700,209.42,209.42,1.51,0.83
ap-northeast-1,Tokyo,61,1.4722,209.42,209.42,1.53,0.83
ap-northeast-1,Tokyo,62,1.4510,209.42,209.42,1.50,0.83
ap-northeast-1,Tokyo,63,1.4586,209.42,209.42,11.42,4.63
ap-northeast-1,Tokyo,64,1.4617,209.42,209.42,10.77,4.40
ap-northeast-1,Tokyo,65,1.4586,209.42,209.42,1.50,0.82
ap-northeast-1,Tokyo,66,1.4580,209.42,209.42,14.85,5.78
ap-northeast-1,Tokyo,67,1.4574,209.42,209.42,1.49,0.82
ap-northeast-1,Tokyo,68,1.4527,209.42,209.42,1.53,0.84
ap-northeast-1,Tokyo,69,1.4585,209.42,209.42,10.38,4.29
ap-northeast-1,Tokyo,70,1.4671,209.42,209.42,1.48,0.82
ap-northeast-1,Tokyo,71,1.4600,209.42,209.42,13.62,5.36
ap-northeast-1,Tokyo,72,1.4577,209.42,209.42,1.48,0.80
ap-northeast-1,Tokyo,73,1.4872,209.42,209.42,1.46,0.83
ap-northeast-1,Tokyo,74,1.4518,209.42,209.42,1.52,0.84
ap-northeast-1,Tokyo,75,1.4581,209.42,209.42,1.55,0.85
ap-northeast-1,Tokyo,76,1.4904,209.42,209.42,1.53,0.84
ap-northeast-1,Tokyo,77,1.4458,209.42,209.42,1.50,0.85
ap-northeast-1,Tokyo,78,1.4558,209.42,209.42,1.50,0.81
ap-northeast-1,Tokyo,79,1.4564,209.42,209.42,1.50,0.82
ap-northeast-1,Tokyo,80,1.4861,209.42,209.42,1.50,0.83
ap-northeast-1,Tokyo,81,1.4525,209.42,209.42,11.56,4.68
ap-northeast-1,Tokyo,82,1.4665,209.42,209.42,1.48,0.84
ap-northeast-1,Tokyo,83,1.4446,209.42,209.42,1.46,0.81
ap-northeast-1,Tokyo,84,1.4694,209.42,209.42,1.49,0.82
ap-northeast-1,Tokyo,85,1.4698,209.42,209.42,1.48,0.82
ap-northeast-1,Tokyo,86,1.4758,209.42,209.42,1.53,0.82
ap-northeast-1,Tokyo,87,1.4603,209.42,209.42,1.44,0.83
ap-northeast-1,Tokyo,88,1.4506,209.42,209.42,12.76,5.07
ap-northeast-1,Tokyo,89,1.5031,209.42,209.42,1.50,0.81
ap-northeast-1,Tokyo,90,1.4704,209.42,209.42,1.52,0.82
ap-northeast-1,Tokyo,91,1.4709,209.42,209.42,1.47,0.83
ap-northeast-1,Tokyo,92,1.4813,209.42,209.42,1.52,0.82
ap-northeast-1,Tokyo,93,1.4531,209.42,209.42,1.53,0.83
ap-northeast-1,Tokyo,94,1.4599,209.42,209.42,1.46,0.83
ap-northeast-1,Tokyo,95,1.4756,209.42,209.42,1.46,0.82
ap-northeast-1,Tokyo,96,1.4574,209.42,209.42,1.57,0.85
ap-northeast-1,Tokyo,97,1.4824,209.42,209.42,1.50,0.83
ap-northeast-1,Tokyo,98,1.4740,209.42,209.42,1.52,0.83
ap-northeast-1,Tokyo,99,1.4669,209.42,209.42,1.50,0.83
ap-northeast-1,Tokyo,100,1.4627,209.42,209.42,10.51,4.34
