pods,cpu,mem,cost,performance,perf_per_cost,actual_pods,excess_pods,nodepool_config
1,1,1,0.0149,20353.6113,1366014.1802,1.0,0.0,"[{'instance_type': 't3.medium', 'availability_zone': 'usw2-az4', 'num_instances': 1, 'T3': np.float64(50.0), 'CoreMark': np.float64(20353.611285714283)}]"
5,1,1,0.1012,154257.62,1524284.7827,5.0,0.0,"[{'instance_type': 'c7a.large', 'availability_zone': 'usw2-az1', 'num_instances': 1, 'T3': np.float64(30.0), 'CoreMark': np.float64(33476.00218181819)}, {'instance_type': 'c7a.large', 'availability_zone': 'usw2-az4', 'num_instances': 1, 'T3': np.float64(25.0), 'CoreMark': np.float64(33476.00218181819)}, {'instance_type': 't3.medium', 'availability_zone': 'usw2-az1', 'num_instances': 1, 'T3': np.float64(50.0), 'CoreMark': np.float64(20353.611285714283)}]"
6,1,1,0.1211,200856.0131,1658596.3096,6.0,0.0,"[{'instance_type': 'c7a.large', 'availability_zone': 'usw2-az4', 'num_instances': 1, 'T3': np.float64(25.0), 'CoreMark': np.float64(33476.00218181819)}, {'instance_type': 'c7a.xlarge', 'availability_zone': 'usw2-az2', 'num_instances': 1, 'T3': np.float64(20.0), 'CoreMark': np.float64(33476.00218181819)}]"
10,1,1,0.1965,241563.2357,1229329.4436,10.0,0.0,"[{'instance_type': 'c7a.large', 'availability_zone': 'usw2-az4', 'num_instances': 2, 'T3': np.float64(25.0), 'CoreMark': np.float64(33476.00218181819)}, {'instance_type': 'c7a.xlarge', 'availability_zone': 'usw2-az1', 'num_instances': 1, 'T3': np.float64(40.0), 'CoreMark': np.float64(33476.00218181819)}, {'instance_type': 't3.medium', 'availability_zone': 'usw2-az1', 'num_instances': 1, 'T3': np.float64(50.0), 'CoreMark': np.float64(20353.611285714283)}, {'instance_type': 't3.medium', 'availability_zone': 'usw2-az4', 'num_instances': 1, 'T3': np.float64(50.0), 'CoreMark': np.float64(20353.611285714283)}]"
14,1,1,0.2796,375467.2444,1342872.834,14.0,0.0,"[{'instance_type': 'c7a.large', 'availability_zone': 'usw2-az2', 'num_instances': 1, 'T3': np.float64(15.0), 'CoreMark': np.float64(33476.00218181819)}, {'instance_type': 'c7a.large', 'availability_zone': 'usw2-az3', 'num_instances': 2, 'T3': np.float64(15.0), 'CoreMark': np.float64(33476.00218181819)}, {'instance_type': 'c7a.large', 'availability_zone': 'usw2-az4', 'num_instances': 1, 'T3': np.float64(25.0), 'CoreMark': np.float64(33476.00218181819)}, {'instance_type': 'c7a.xlarge', 'availability_zone': 'usw2-az1', 'num_instances': 1, 'T3': np.float64(40.0), 'CoreMark': np.float64(33476.00218181819)}, {'instance_type': 't3.medium', 'availability_zone': 'usw2-az1', 'num_instances': 1, 'T3': np.float64(50.0), 'CoreMark': np.float64(20353.611285714283)}, {'instance_type': 't3.medium', 'availability_zone': 'usw2-az4', 'num_instances': 1, 'T3': np.float64(50.0), 'CoreMark': np.float64(20353.611285714283)}]"
15,1,1,0.3031,288161.6287,950714.7105,15.0,0.0,"[{'instance_type': 'c7a.large', 'availability_zone': 'usw2-az3', 'num_instances': 2, 'T3': np.float64(15.0), 'CoreMark': np.float64(33476.00218181819)}, {'instance_type': 'c7a.large', 'availability_zone': 'usw2-az4', 'num_instances': 3, 'T3': np.float64(25.0), 'CoreMark': np.float64(33476.00218181819)}, {'instance_type': 'c7a.xlarge', 'availability_zone': 'usw2-az1', 'num_instances': 1, 'T3': np.float64(40.0), 'CoreMark': np.float64(33476.00218181819)}, {'instance_type': 't3.medium', 'availability_zone': 'usw2-az1', 'num_instances': 1, 'T3': np.float64(50.0), 'CoreMark': np.float64(20353.611285714283)}]"
17,1,1,0.3419,288161.6287,842824.3017,17.0,0.0,"[{'instance_type': 'c7a.large', 'availability_zone': 'usw2-az1', 'num_instances': 1, 'T3': np.float64(30.0), 'CoreMark': np.float64(33476.00218181819)}, {'instance_type': 'c7a.large', 'availability_zone': 'usw2-az2', 'num_instances': 2, 'T3': np.float64(15.0), 'CoreMark': np.float64(33476.00218181819)}, {'instance_type': 'c7a.large', 'availability_zone': 'usw2-az3', 'num_instances': 1, 'T3': np.float64(15.0), 'CoreMark': np.float64(33476.00218181819)}, {'instance_type': 'c7a.large', 'availability_zone': 'usw2-az4', 'num_instances': 4, 'T3': np.float64(25.0), 'CoreMark': np.float64(33476.00218181819)}, {'instance_type': 't3.medium', 'availability_zone': 'usw2-az1', 'num_instances': 1, 'T3': np.float64(50.0), 'CoreMark': np.float64(20353.611285714283)}]"
20,1,1,0.4055,288161.6287,710632.8699,20.0,0.0,"[{'instance_type': 'c7a.large', 'availability_zone': 'usw2-az1', 'num_instances': 2, 'T3': np.float64(30.0), 'CoreMark': np.float64(33476.00218181819)}, {'instance_type': 'c7a.large', 'availability_zone': 'usw2-az2', 'num_instances': 1, 'T3': np.float64(15.0), 'CoreMark': np.float64(33476.00218181819)}, {'instance_type': 'c7a.large', 'availability_zone': 'usw2-az3', 'num_instances': 3, 'T3': np.float64(15.0), 'CoreMark': np.float64(33476.00218181819)}, {'instance_type': 'c7a.large', 'availability_zone': 'usw2-az4', 'num_instances': 3, 'T3': np.float64(25.0), 'CoreMark': np.float64(33476.00218181819)}, {'instance_type': 't3.medium', 'availability_zone': 'usw2-az1', 'num_instances': 2, 'T3': np.float64(50.0), 'CoreMark': np.float64(20353.611285714283)}]"
25,1,1,0.5064,555969.6462,1097886.3471,25.0,0.0,"[{'instance_type': 'c7a.large', 'availability_zone': 'usw2-az1', 'num_instances': 1, 'T3': np.float64(30.0), 'CoreMark': np.float64(33476.00218181819)}, {'instance_type': 'c7a.large', 'availability_zone': 'usw2-az2', 'num_instances': 1, 'T3': np.float64(15.0), 'CoreMark': np.float64(33476.00218181819)}, {'instance_type': 'c7a.large', 'availability_zone': 'usw2-az3', 'num_instances': 2, 'T3': np.float64(15.0), 'CoreMark': np.float64(33476.00218181819)}, {'instance_type': 'c7a.large', 'availability_zone': 'usw2-az4', 'num_instances': 4, 'T3': np.float64(25.0), 'CoreMark': np.float64(33476.00218181819)}, {'instance_type': 'c7a.xlarge', 'availability_zone': 'usw2-az1', 'num_instances': 1, 'T3': np.float64(40.0), 'CoreMark': np.float64(33476.00218181819)}, {'instance_type': 'c7a.xlarge', 'availability_zone': 'usw2-az2', 'num_instances': 1, 'T3': np.float64(20.0), 'CoreMark': np.float64(33476.00218181819)}, {'instance_type': 't3.medium', 'availability_zone': 'usw2-az1', 'num_instances': 1, 'T3': np.float64(50.0), 'CoreMark': np.float64(20353.611285714283)}]"
30,1,1,0.6099,442419.2488,725396.3744,30.0,0.0,"[{'instance_type': 'c7a.large', 'availability_zone': 'usw2-az1', 'num_instances': 2, 'T3': np.float64(30.0), 'CoreMark': np.float64(33476.00218181819)}, {'instance_type': 'c7a.large', 'availability_zone': 'usw2-az2', 'num_instances': 3, 'T3': np.float64(15.0), 'CoreMark': np.float64(33476.00218181819)}, {'instance_type': 'c7a.large', 'availability_zone': 'usw2-az3', 'num_instances': 4, 'T3': np.float64(15.0), 'CoreMark': np.float64(33476.00218181819)}, {'instance_type': 'c7a.large', 'availability_zone': 'usw2-az4', 'num_instances': 3, 'T3': np.float64(25.0), 'CoreMark': np.float64(33476.00218181819)}, {'instance_type': 'c7a.xlarge', 'availability_zone': 'usw2-az2', 'num_instances': 1, 'T3': np.float64(20.0), 'CoreMark': np.float64(33476.00218181819)}, {'instance_type': 't3.medium', 'availability_zone': 'usw2-az1', 'num_instances': 1, 'T3': np.float64(50.0), 'CoreMark': np.float64(20353.611285714283)}, {'instance_type': 't3.medium', 'availability_zone': 'usw2-az2', 'num_instances': 1, 'T3': np.float64(50.0), 'CoreMark': np.float64(20353.611285714283)}]"
35,1,1,0.6687,368246.0467,550689.4672,35.0,0.0,"[{'instance_type': 'c7a.large', 'availability_zone': 'usw2-az1', 'num_instances': 2, 'T3': np.float64(30.0), 'CoreMark': np.float64(33476.00218181819)}, {'instance_type': 'c7a.large', 'availability_zone': 'usw2-az2', 'num_instances': 3, 'T3': np.float64(15.0), 'CoreMark': np.float64(33476.00218181819)}, {'instance_type': 'c7a.large', 'availability_zone': 'usw2-az3', 'num_instances': 2, 'T3': np.float64(15.0), 'CoreMark': np.float64(33476.00218181819)}, {'instance_type': 'c7a.large', 'availability_zone': 'usw2-az4', 'num_instances': 4, 'T3': np.float64(25.0), 'CoreMark': np.float64(33476.00218181819)}, {'instance_type': 't3.medium', 'availability_zone': 'usw2-az1', 'num_instances': 4, 'T3': np.float64(50.0), 'CoreMark': np.float64(20353.611285714283)}, {'instance_type': 't3.medium', 'availability_zone': 'usw2-az3', 'num_instances': 3, 'T3': np.float64(50.0), 'CoreMark': np.float64(20353.611285714283)}, {'instance_type': 't3.medium', 'availability_zone': 'usw2-az4', 'num_instances': 2, 'T3': np.float64(50.0), 'CoreMark': np.float64(20353.611285714283)}, {'instance_type': 't4g.large', 'availability_zone': 'usw2-az4', 'num_instances': 2, 'T3': np.float64(50.0), 'CoreMark': np.float64(19688.597714285715)}]"
40,1,1,0.8195,689873.6549,841822.6418,40.0,0.0,"[{'instance_type': 'c7a.large', 'availability_zone': 'usw2-az1', 'num_instances': 4, 'T3': np.float64(30.0), 'CoreMark': np.float64(33476.00218181819)}, {'instance_type': 'c7a.large', 'availability_zone': 'usw2-az2', 'num_instances': 3, 'T3': np.float64(15.0), 'CoreMark': np.float64(33476.00218181819)}, {'instance_type': 'c7a.large', 'availability_zone': 'usw2-az3', 'num_instances': 2, 'T3': np.float64(15.0), 'CoreMark': np.float64(33476.00218181819)}, {'instance_type': 'c7a.large', 'availability_zone': 'usw2-az4', 'num_instances': 4, 'T3': np.float64(25.0), 'CoreMark': np.float64(33476.00218181819)}, {'instance_type': 'c7a.xlarge', 'availability_zone': 'usw2-az1', 'num_instances': 1, 'T3': np.float64(40.0), 'CoreMark': np.float64(33476.00218181819)}, {'instance_type': 'c7a.xlarge', 'availability_zone': 'usw2-az2', 'num_instances': 1, 'T3': np.float64(20.0), 'CoreMark': np.float64(33476.00218181819)}, {'instance_type': 'c7a.xlarge', 'availability_zone': 'usw2-az4', 'num_instances': 1, 'T3': np.float64(10.0), 'CoreMark': np.float64(33476.00218181819)}, {'instance_type': 't3.medium', 'availability_zone': 'usw2-az1', 'num_instances': 2, 'T3': np.float64(50.0), 'CoreMark': np.float64(20353.611285714283)}]"
45,1,1,0.9114,617030.4801,677013.9127,45.0,0.0,"[{'instance_type': 'c7a.large', 'availability_zone': 'usw2-az1', 'num_instances': 4, 'T3': np.float64(30.0), 'CoreMark': np.float64(33476.00218181819)}, {'instance_type': 'c7a.large', 'availability_zone': 'usw2-az2', 'num_instances': 4, 'T3': np.float64(15.0), 'CoreMark': np.float64(33476.00218181819)}, {'instance_type': 'c7a.large', 'availability_zone': 'usw2-az3', 'num_instances': 3, 'T3': np.float64(15.0), 'CoreMark': np.float64(33476.00218181819)}, {'instance_type': 'c7a.large', 'availability_zone': 'usw2-az4', 'num_instances': 4, 'T3': np.float64(25.0), 'CoreMark': np.float64(33476.00218181819)}, {'instance_type': 'c7a.xlarge', 'availability_zone': 'usw2-az1', 'num_instances': 1, 'T3': np.float64(40.0), 'CoreMark': np.float64(33476.00218181819)}, {'instance_type': 'c7a.xlarge', 'availability_zone': 'usw2-az2', 'num_instances': 1, 'T3': np.float64(20.0), 'CoreMark': np.float64(33476.00218181819)}, {'instance_type': 't3.medium', 'availability_zone': 'usw2-az1', 'num_instances': 2, 'T3': np.float64(50.0), 'CoreMark': np.float64(20353.611285714283)}, {'instance_type': 't3.medium', 'availability_zone': 'usw2-az2', 'num_instances': 3, 'T3': np.float64(50.0), 'CoreMark': np.float64(20353.611285714283)}, {'instance_type': 't3.medium', 'availability_zone': 'usw2-az3', 'num_instances': 1, 'T3': np.float64(50.0), 'CoreMark': np.float64(20353.611285714283)}, {'instance_type': 't3.medium', 'availability_zone': 'usw2-az4', 'num_instances': 1, 'T3': np.float64(50.0), 'CoreMark': np.float64(20353.611285714283)}]"
50,1,1,1.0363,803424.0524,775281.3397,50.0,0.0,"[{'instance_type': 'c7a.large', 'availability_zone': 'usw2-az1', 'num_instances': 3, 'T3': np.float64(30.0), 'CoreMark': np.float64(33476.00218181819)}, {'instance_type': 'c7a.large', 'availability_zone': 'usw2-az2', 'num_instances': 4, 'T3': np.float64(15.0), 'CoreMark': np.float64(33476.00218181819)}, {'instance_type': 'c7a.large', 'availability_zone': 'usw2-az3', 'num_instances': 4, 'T3': np.float64(15.0), 'CoreMark': np.float64(33476.00218181819)}, {'instance_type': 'c7a.large', 'availability_zone': 'usw2-az4', 'num_instances': 4, 'T3': np.float64(25.0), 'CoreMark': np.float64(33476.00218181819)}, {'instance_type': 'c7a.xlarge', 'availability_zone': 'usw2-az1', 'num_instances': 1, 'T3': np.float64(40.0), 'CoreMark': np.float64(33476.00218181819)}, {'instance_type': 'c7a.xlarge', 'availability_zone': 'usw2-az2', 'num_instances': 2, 'T3': np.float64(20.0), 'CoreMark': np.float64(33476.00218181819)}, {'instance_type': 'c7a.xlarge', 'availability_zone': 'usw2-az3', 'num_instances': 1, 'T3': np.float64(15.0), 'CoreMark': np.float64(33476.00218181819)}, {'instance_type': 'c7a.xlarge', 'availability_zone': 'usw2-az4', 'num_instances': 1, 'T3': np.float64(10.0), 'CoreMark': np.float64(33476.00218181819)}]"
