run,pods,cpu,mem,alpha,cost,performance,actual_pods
result_110303,1000,1,2,1.0,30160.671600000045,38823903900,1464084
result_110303,1000,1,4,1.0,30111.15830000004,31733426268,1198937
result_110303,1000,2,2,1.0,30077.40480000004,19360753709,729893
result_110303,100,1,2,1.0,30160.671600000045,38823903900,1464084
result_110303,100,1,4,1.0,30111.15830000004,31733426268,1198937
result_110303,100,2,2,1.0,30077.40480000004,19360753709,729893
result_110303,10,1,2,1.0,30160.671600000045,38823903900,1464084
result_110303,10,1,4,1.0,30111.15830000004,31733426268,1198937
result_110303,10,2,2,1.0,30077.40480000004,19360753709,729893
result_110303,115,4,2,1.0,29483.08250000003,9509171916,358104
result_110303,17,7,7,1.0,28067.18850000004,4882607070,182981
result_110303,287,1,6,1.0,29983.189800000036,24597162184,929595
result_110303,400,1,2,1.0,30160.671600000045,38823903900,1464084
result_110303,400,1,4,1.0,30111.15830000004,31733426268,1198937
result_110303,400,2,2,1.0,30077.40480000004,19360753709,729893
result_110303,439,1,9,1.0,29473.028700000035,18420497707,695068
result_110303,50,1,2,1.0,30160.671600000045,38823903900,1464084
result_110303,50,1,4,1.0,30111.15830000004,31733426268,1198937
result_110303,50,2,2,1.0,30077.40480000004,19360753709,729893
result_110303,75,3,5,1.0,29483.08250000003,12145863181,456296
result_110309,1000,1,2,1.0,30690.123600000046,40787046323,1529994
result_110309,1000,1,4,1.0,30640.399700000053,33492259587,1257308
result_110309,1000,2,2,1.0,30608.01240000005,20342545569,762858
result_110309,100,1,2,1.0,30690.123600000046,40787046323,1529994
result_110309,100,1,4,1.0,30640.399700000053,33492259587,1257308
result_110309,100,2,2,1.0,30608.01240000005,20342545569,762858
result_110309,10,1,2,1.0,30690.123600000046,40787046323,1529994
result_110309,10,1,4,1.0,30640.399700000053,33492259587,1257308
result_110309,10,2,2,1.0,30608.01240000005,20342545569,762858
result_110309,115,4,2,1.0,30026.938700000028,10003078563,374725
result_110309,17,7,7,1.0,28646.38230000003,5159662907,192400
result_110309,287,1,6,1.0,30512.71920000005,25804282468,968777
result_110309,400,1,2,1.0,30690.123600000046,40787046323,1529994
result_110309,400,1,4,1.0,30640.399700000053,33492259587,1257308
result_110309,400,2,2,1.0,30608.01240000005,20342545569,762858
result_110309,439,1,9,1.0,30004.49830000004,19263259532,722044
result_110309,50,1,2,1.0,30690.123600000046,40787046323,1529994
result_110309,50,1,4,1.0,30640.399700000053,33492259587,1257308
result_110309,50,2,2,1.0,30608.01240000005,20342545569,762858
result_110309,75,3,5,1.0,30026.938700000028,12811600937,478864
result_110315,1000,1,2,1.0,27363.21159999999,34636807142,1325949
result_110315,1000,1,4,1.0,27319.568499999994,29748270398,1139372
result_110315,1000,2,2,1.0,27288.06140000001,17268635891,660889
result_110315,100,1,2,1.0,27363.21159999999,34636807142,1325949
result_110315,100,1,4,1.0,27319.568499999994,29748270398,1139372
result_110315,100,2,2,1.0,27288.06140000001,17268635891,660889
result_110315,10,1,2,1.0,27363.21159999999,34636807142,1325949
result_110315,10,1,4,1.0,27319.568499999994,29748270398,1139372
result_110315,10,2,2,1.0,27288.06140000001,17268635891,660889
result_110315,115,4,2,1.0,26776.75090000003,8489628684,324615
result_110315,17,7,7,1.0,25548.82080000005,4373978370,166476
result_110315,287,1,6,1.0,27226.6572,24160442215,926113
result_110315,400,1,2,1.0,27363.21159999999,34636807142,1325949
result_110315,400,1,4,1.0,27319.568499999994,29748270398,1139372
result_110315,400,2,2,1.0,27288.06140000001,17268635891,660889
result_110315,439,1,9,1.0,26820.68170000002,18709128568,716381
result_110315,50,1,2,1.0,27363.21159999999,34636807142,1325949
result_110315,50,1,4,1.0,27319.568499999994,29748270398,1139372
result_110315,50,2,2,1.0,27288.06140000001,17268635891,660889
result_110315,75,3,5,1.0,26776.75090000003,10862838984,414377
result_110321,1000,1,2,1.0,27630.628299999953,35019187991,1347273
result_110321,1000,1,4,1.0,27584.45729999996,29752470571,1145833
result_110321,1000,2,2,1.0,27552.43399999995,17457576632,671440
result_110321,100,1,2,1.0,27630.628299999953,35019187991,1347273
result_110321,100,1,4,1.0,27584.45729999996,29752470571,1145833
result_110321,100,2,2,1.0,27552.43399999995,17457576632,671440
result_110321,10,1,2,1.0,27630.628299999953,35019187991,1347273
result_110321,10,1,4,1.0,27584.45729999996,29752470571,1145833
result_110321,10,2,2,1.0,27552.43399999995,17457576632,671440
result_110321,115,4,2,1.0,27010.215999999968,8574267668,329509
result_110321,17,7,7,1.0,25749.229399999957,4406381836,168588
result_110321,287,1,6,1.0,27478.310699999936,23917215100,920687
result_110321,400,1,2,1.0,27630.628299999953,35019187991,1347273
result_110321,400,1,4,1.0,27584.45729999996,29752470571,1145833
result_110321,400,2,2,1.0,27552.43399999995,17457576632,671440
result_110321,439,1,9,1.0,27056.48859999995,18381367659,706241
result_110321,50,1,2,1.0,27630.628299999953,35019187991,1347273
result_110321,50,1,4,1.0,27584.45729999996,29752470571,1145833
result_110321,50,2,2,1.0,27552.43399999995,17457576632,671440
result_110321,75,3,5,1.0,27010.215999999968,10954172019,420066
result_110403,1000,1,2,1.0,29213.961300000017,37733190553,1421517
result_110403,1000,1,4,1.0,29165.63760000002,30753192179,1160322
result_110403,1000,2,2,1.0,29133.099400000006,18816703250,708654
result_110403,100,1,2,1.0,29213.961300000017,37733190553,1421517
result_110403,100,1,4,1.0,29165.63760000002,30753192179,1160322
result_110403,100,2,2,1.0,29133.099400000006,18816703250,708654
result_110403,10,1,2,1.0,29213.961300000017,37733190553,1421517
result_110403,10,1,4,1.0,29165.63760000002,30753192179,1160322
result_110403,10,2,2,1.0,29133.099400000006,18816703250,708654
result_110403,115,4,2,1.0,28550.16930000001,9240503105,347606
result_110403,17,7,7,1.0,27164.528100000014,4744621821,177614
result_110403,287,1,6,1.0,29041.321500000013,23821765170,898710
result_110403,400,1,2,1.0,29213.961300000017,37733190553,1421517
result_110403,400,1,4,1.0,29165.63760000002,30753192179,1160322
result_110403,400,2,2,1.0,29133.099400000006,18816703250,708654
result_110403,439,1,9,1.0,28538.868400000014,17828088758,671316
result_110403,50,1,2,1.0,29213.961300000017,37733190553,1421517
result_110403,50,1,4,1.0,29165.63760000002,30753192179,1160322
result_110403,50,2,2,1.0,29133.099400000006,18816703250,708654
result_110403,75,3,5,1.0,28550.16930000001,11803307157,442942
result_110409,1000,1,2,1.0,29491.518800000027,39329348938,1472457
result_110409,1000,1,4,1.0,29441.955400000028,32124257945,1203140
result_110409,1000,2,2,1.0,29410.335400000025,19613391223,734072
result_110409,100,1,2,1.0,29491.518800000027,39329348938,1472457
result_110409,100,1,4,1.0,29441.955400000028,32124257945,1203140
result_110409,100,2,2,1.0,29410.335400000025,19613391223,734072
result_110409,10,1,2,1.0,29491.518800000027,39329348938,1472457
result_110409,10,1,4,1.0,29441.955400000028,32124257945,1203140
result_110409,10,2,2,1.0,29410.335400000025,19613391223,734072
result_110409,115,4,2,1.0,28840.015500000038,9641518719,360439
result_110409,17,7,7,1.0,27497.02100000005,4971574460,184965
result_110409,287,1,6,1.0,29317.428200000042,24681885352,924042
result_110409,400,1,2,1.0,29491.518800000027,39329348938,1472457
result_110409,400,1,4,1.0,29441.955400000028,32124257945,1203140
result_110409,400,2,2,1.0,29410.335400000025,19613391223,734072
result_110409,439,1,9,1.0,28809.96320000004,18392770341,687177
result_110409,50,1,2,1.0,29491.518800000027,39329348938,1472457
result_110409,50,1,4,1.0,29441.955400000028,32124257945,1203140
result_110409,50,2,2,1.0,29410.335400000025,19613391223,734072
result_110409,75,3,5,1.0,28840.015500000038,12349324766,460609
result_110415,1000,1,2,1.0,25824.33240000005,32822077001,1255060
result_110415,1000,1,4,1.0,25781.680800000056,28205350533,1078454
result_110415,1000,2,2,1.0,25751.840700000055,16361887292,625460
result_110415,100,1,2,1.0,25824.33240000005,32822077001,1255060
result_110415,100,1,4,1.0,25781.680800000056,28205350533,1078454
result_110415,100,2,2,1.0,25751.840700000055,16361887292,625460
result_110415,10,1,2,1.0,25824.33240000005,32822077001,1255060
result_110415,10,1,4,1.0,25781.680800000056,28205350533,1078454
result_110415,10,2,2,1.0,25751.840700000055,16361887292,625460
result_110415,115,4,2,1.0,25253.549300000042,8039826686,307032
result_110415,17,7,7,1.0,24061.42190000005,4139888963,157342
result_110415,287,1,6,1.0,25692.62160000006,22937248008,877774
result_110415,400,1,2,1.0,25824.33240000005,32822077001,1255060
result_110415,400,1,4,1.0,25781.680800000056,28205350533,1078454
result_110415,400,2,2,1.0,25751.840700000055,16361887292,625460
result_110415,439,1,9,1.0,25301.43770000005,17773085267,679397
result_110415,50,1,2,1.0,25824.33240000005,32822077001,1255060
result_110415,50,1,4,1.0,25781.680800000056,28205350533,1078454
result_110415,50,2,2,1.0,25751.840700000055,16361887292,625460
result_110415,75,3,5,1.0,25253.549300000042,10282931149,391706
result_110421,1000,1,2,1.0,26272.6543,33286712957,1281480
result_110421,1000,1,4,1.0,26226.884100000003,28292021255,1090056
result_110421,1000,2,2,1.0,26195.85230000001,16591824305,638560
result_110421,100,1,2,1.0,26272.6543,33286712957,1281480
result_110421,100,1,4,1.0,26226.884100000003,28292021255,1090056
result_110421,100,2,2,1.0,26195.85230000001,16591824305,638560
result_110421,10,1,2,1.0,26272.6543,33286712957,1281480
result_110421,10,1,4,1.0,26226.884100000003,28292021255,1090056
result_110421,10,2,2,1.0,26195.85230000001,16591824305,638560
result_110421,115,4,2,1.0,25671.50040000001,8146454899,313268
result_110421,17,7,7,1.0,24455.17430000001,4185301182,160222
result_110421,287,1,6,1.0,26124.2422,22826687563,879101
result_110421,400,1,2,1.0,26272.6543,33286712957,1281480
result_110421,400,1,4,1.0,26226.884100000003,28292021255,1090056
result_110421,400,2,2,1.0,26195.85230000001,16591824305,638560
result_110421,439,1,9,1.0,25714.215799999994,17583573187,675897
result_110421,50,1,2,1.0,26272.6543,33286712957,1281480
result_110421,50,1,4,1.0,26226.884100000003,28292021255,1090056
result_110421,50,2,2,1.0,26195.85230000001,16591824305,638560
result_110421,75,3,5,1.0,25671.50040000001,10407408039,399331
result_110503,1000,1,2,1.0,27813.65559999999,36033978854,1359567
result_110503,1000,1,4,1.0,27766.15579999999,29237720480,1104967
result_110503,1000,2,2,1.0,27733.075299999993,17966772411,677658
result_110503,100,1,2,1.0,27813.65559999999,36033978854,1359567
result_110503,100,1,4,1.0,27766.15579999999,29237720480,1104967
result_110503,100,2,2,1.0,27733.075299999993,17966772411,677658
result_110503,10,1,2,1.0,27813.65559999999,36033978854,1359567
result_110503,10,1,4,1.0,27766.15579999999,29237720480,1104967
result_110503,10,2,2,1.0,27733.075299999993,17966772411,677658
result_110503,115,4,2,1.0,27157.809299999986,8817807879,332196
result_110503,17,7,7,1.0,25794.344299999982,4522154334,169534
result_110503,287,1,6,1.0,27642.36499999998,22605687345,854631
result_110503,400,1,2,1.0,27813.65559999999,36033978854,1359567
result_110503,400,1,4,1.0,27766.15579999999,29237720480,1104967
result_110503,400,2,2,1.0,27733.075299999993,17966772411,677658
result_110503,439,1,9,1.0,27151.11749999999,16884962465,637379
result_110503,50,1,2,1.0,27813.65559999999,36033978854,1359567
result_110503,50,1,4,1.0,27766.15579999999,29237720480,1104967
result_110503,50,2,2,1.0,27733.075299999993,17966772411,677658
result_110503,75,3,5,1.0,27157.809299999986,11259061764,423132
result_110509,1000,1,2,1.0,28199.494700000094,37916127107,1418921
result_110509,1000,1,4,1.0,28150.4035000001,30816108871,1153299
result_110509,1000,2,2,1.0,28119.004500000094,18906751617,707308
result_110509,100,1,2,1.0,28199.494700000094,37916127107,1418921
result_110509,100,1,4,1.0,28150.4035000001,30816108871,1153299
result_110509,100,2,2,1.0,28119.004500000094,18906751617,707308
result_110509,10,1,2,1.0,28199.494700000094,37916127107,1418921
result_110509,10,1,4,1.0,28150.4035000001,30816108871,1153299
result_110509,10,2,2,1.0,28119.004500000094,18906751617,707308
result_110509,115,4,2,1.0,27554.6742000001,9289897813,347116
result_110509,17,7,7,1.0,26239.965600000065,4785349197,177940
result_110509,287,1,6,1.0,28027.142900000094,23639234983,883962
result_110509,400,1,2,1.0,28199.494700000094,37916127107,1418921
result_110509,400,1,4,1.0,28150.4035000001,30816108871,1153299
result_110509,400,2,2,1.0,28119.004500000094,18906751617,707308
result_110509,439,1,9,1.0,27524.30590000008,17588675696,656141
result_110509,50,1,2,1.0,28199.494700000094,37916127107,1418921
result_110509,50,1,4,1.0,28150.4035000001,30816108871,1153299
result_110509,50,2,2,1.0,28119.004500000094,18906751617,707308
result_110509,75,3,5,1.0,27554.6742000001,11895860863,443440
result_110515,1000,1,2,1.0,24472.208999999966,31178490411,1194927
result_110515,1000,1,4,1.0,24429.95039999996,26721622262,1024255
result_110515,1000,2,2,1.0,24399.263499999972,15539281222,595358
result_110515,100,1,2,1.0,24472.208999999966,31178490411,1194927
result_110515,100,1,4,1.0,24429.95039999996,26721622262,1024255
result_110515,100,2,2,1.0,24399.263499999972,15539281222,595358
result_110515,10,1,2,1.0,24472.208999999966,31178490411,1194927
result_110515,10,1,4,1.0,24429.95039999996,26721622262,1024255
result_110515,10,2,2,1.0,24399.263499999972,15539281222,595358
result_110515,115,4,2,1.0,23912.041499999963,7631665225,292109
result_110515,17,7,7,1.0,22750.201699999972,3923482031,149439
result_110515,287,1,6,1.0,24344.32259999997,21751773564,834267
result_110515,400,1,2,1.0,24472.208999999966,31178490411,1194927
result_110515,400,1,4,1.0,24429.95039999996,26721622262,1024255
result_110515,400,2,2,1.0,24399.263499999972,15539281222,595358
result_110515,439,1,9,1.0,23963.507799999974,16864042775,645958
result_110515,50,1,2,1.0,24472.208999999966,31178490411,1194927
result_110515,50,1,4,1.0,24429.95039999996,26721622262,1024255
result_110515,50,2,2,1.0,24399.263499999972,15539281222,595358
result_110515,75,3,5,1.0,23912.041499999963,9754688757,372410
result_110521,1000,1,2,1.0,24702.878399999987,31541616089,1212197
result_110521,1000,1,4,1.0,24658.585199999983,26810883662,1030566
result_110521,1000,2,2,1.0,24628.437699999984,15720214934,603958
result_110521,100,1,2,1.0,24702.878399999987,31541616089,1212197
result_110521,100,1,4,1.0,24658.585199999983,26810883662,1030566
result_110521,100,2,2,1.0,24628.437699999984,15720214934,603958
result_110521,10,1,2,1.0,24702.878399999987,31541616089,1212197
result_110521,10,1,4,1.0,24658.585199999983,26810883662,1030566
result_110521,10,2,2,1.0,24628.437699999984,15720214934,603958
result_110521,115,4,2,1.0,24117.578399999966,7711807402,296054
result_110521,17,7,7,1.0,22937.111299999986,3955163392,151128
result_110521,287,1,6,1.0,24558.89409999999,21632208554,830519
result_110521,400,1,2,1.0,24702.878399999987,31541616089,1212197
result_110521,400,1,4,1.0,24658.585199999983,26810883662,1030566
result_110521,400,2,2,1.0,24628.437699999984,15720214934,603958
result_110521,439,1,9,1.0,24160.56249999998,16658201561,637996
result_110521,50,1,2,1.0,24702.878399999987,31541616089,1212197
result_110521,50,1,4,1.0,24658.585199999983,26810883662,1030566
result_110521,50,2,2,1.0,24628.437699999984,15720214934,603958
result_110521,75,3,5,1.0,24117.578399999966,9845594362,377079
