pods,cpu,mem,alpha,cost,performance,perf_per_cost,actual_pods,excess_pods,iterations,explored_alphas,explored_podcount,nodepool_config,workload_intensity,execution_time
10,1,2,0.2361,0.0675,478632.211,7090847.5704,10.0,0.0,20,"[np.float64(0.3819660112501051), np.float64(0.6180339887498949), np.float64(0.2360679774997897), np.float64(0.1458980337503154), np.float64(0.29179606750063086), np.float64(0.20162612375115663), np.float64(0.25735421375199785), np.float64(0.2229123600033648), np.float64(0.244198596255573), np.float64(0.24922359499621452), np.float64(0.25232921501135636), np.float64(0.254248593736856), np.float64(0.2511429737217141), np.float64(0.25306235244721376), np.float64(0.2535154563009986), np.float64(0.25379548988307116), np.float64(0.2539685601547834), np.float64(0.2540755234651437), np.float64(0.2539024531934315), np.float64(0.25400941650379183), np.float64(0.2540346671161353), np.float64(0.25399381076712685)]","[6544.0, 627376.0, 10.0, 10.0, 918.0, 10.0, 110.0, 10.0, 10.0, 10.0, 10.0, 20.0, 10.0, 10.0, 10.0, 10.0, 10.0, 20.0, 10.0, 10.0, 20.0, 10.0]","[{'instance_type': 'm8a.large', 'availability_zone': 'us-east-1d', 'num_instances': 5, 'T3': 10.0}]",default,3805.3627
10,1,4,0.1459,0.0675,478632.211,7090847.5704,10.0,0.0,20,"[np.float64(0.3819660112501051), np.float64(0.6180339887498949), np.float64(0.2360679774997897), np.float64(0.1458980337503154), np.float64(0.09016994374947422), np.float64(0.18033988749894847), np.float64(0.20162612375115666), np.float64(0.16718427000252362), np.float64(0.18847050625473183), np.float64(0.1934955049953733), np.float64(0.19660112501051516), np.float64(0.1985205037360148), np.float64(0.19541488372087293), np.float64(0.19733426244637256), np.float64(0.19614802115673033), np.float64(0.19688115859258773), np.float64(0.1970542288643), np.float64(0.1967741952822274), np.float64(0.19694726555393965), np.float64(0.1969881219029481), np.float64(0.19701337251529155), np.float64(0.19702897825195653)]","[8566.0, 490978.0, 918.0, 10.0, 10.0, 10.0, 440.0, 10.0, 10.0, 10.0, 10.0, 70.0, 10.0, 20.0, 10.0, 10.0, 20.0, 10.0, 10.0, 10.0, 10.0, 10.0]","[{'instance_type': 'm8a.large', 'availability_zone': 'us-east-1d', 'num_instances': 5, 'T3': 10.0}]",default,3594.6552
10,2,2,0.1803,0.135,478632.211,3545423.7852,10.0,0.0,20,"[np.float64(0.3819660112501051), np.float64(0.6180339887498949), np.float64(0.2360679774997897), np.float64(0.1458980337503154), np.float64(0.09016994374947422), np.float64(0.18033988749894847), np.float64(0.20162612375115666), np.float64(0.16718427000252362), np.float64(0.18847050625473183), np.float64(0.1934955049953733), np.float64(0.19660112501051516), np.float64(0.1985205037360148), np.float64(0.19970674502565702), np.float64(0.20043988246151442), np.float64(0.1992536411718722), np.float64(0.1999867786077296), np.float64(0.19953367475394476), np.float64(0.19981370833601736), np.float64(0.19987981529736926), np.float64(0.1999206716463777), np.float64(0.19994592225872115), np.float64(0.19996152799538613)]","[16244.0, 445997.0, 384.0, 10.0, 10.0, 10.0, 130.0, 10.0, 10.0, 10.0, 10.0, 10.0, 10.0, 30.0, 10.0, 30.0, 10.0, 10.0, 10.0, 10.0, 10.0, 10.0]","[{'instance_type': 'm8a.large', 'availability_zone': 'us-east-1d', 'num_instances': 10, 'T3': 10.0}]",default,3730.9467
17,7,7,0.2523,0.8179,729121.0004,891454.9461,17.0,0.0,20,"[np.float64(0.3819660112501051), np.float64(0.6180339887498949), np.float64(0.2360679774997897), np.float64(0.1458980337503154), np.float64(0.29179606750063086), np.float64(0.20162612375115663), np.float64(0.25735421375199785), np.float64(0.2229123600033648), np.float64(0.244198596255573), np.float64(0.24922359499621452), np.float64(0.25232921501135636), np.float64(0.254248593736856), np.float64(0.2554348350264982), np.float64(0.2561679724623556), np.float64(0.25662107631614045), np.float64(0.25588793888028305), np.float64(0.2563410427340679), np.float64(0.2560610091519953), np.float64(0.2562340794237075), np.float64(0.256274935772716), np.float64(0.2563001863850594), np.float64(0.25631579212172445)]","[556.0, 53745.0, 17.0, 17.0, 27.0, 17.0, 27.0, 17.0, 17.0, 17.0, 17.0, 17.0, 17.0, 17.0, 27.0, 17.0, 27.0, 17.0, 17.0, 17.0, 17.0, 17.0]","[{'instance_type': 'c6gd.2xlarge', 'availability_zone': 'us-east-1b', 'num_instances': 3, 'T3': 50.0}, {'instance_type': 'm8a.2xlarge', 'availability_zone': 'us-east-1d', 'num_instances': 1, 'T3': 1.0}, {'instance_type': 'm8a.metal-24xl', 'availability_zone': 'us-east-1d', 'num_instances': 1, 'T3': 1.0}]",default,4027.8586
50,1,2,0.2361,0.339,2393161.055,7059472.1386,50.0,0.0,20,"[np.float64(0.3819660112501051), np.float64(0.6180339887498949), np.float64(0.2360679774997897), np.float64(0.1458980337503154), np.float64(0.29179606750063086), np.float64(0.20162612375115663), np.float64(0.25735421375199785), np.float64(0.2229123600033648), np.float64(0.244198596255573), np.float64(0.24922359499621452), np.float64(0.25232921501135636), np.float64(0.254248593736856), np.float64(0.2554348350264982), np.float64(0.2535154563009986), np.float64(0.2547016975906408), np.float64(0.2549817311727134), np.float64(0.25515480144442565), np.float64(0.25526176475478596), np.float64(0.25532787171613786), np.float64(0.2553687280651463), np.float64(0.25539397867748975), np.float64(0.2554095844141548)]","[6544.0, 627376.0, 50.0, 50.0, 918.0, 50.0, 110.0, 50.0, 50.0, 50.0, 50.0, 50.0, 70.0, 50.0, 50.0, 50.0, 50.0, 50.0, 50.0, 50.0, 50.0, 50.0]","[{'instance_type': 'm8a.large', 'availability_zone': 'us-east-1d', 'num_instances': 10, 'T3': 10.0}, {'instance_type': 'm8a.medium', 'availability_zone': 'us-east-1d', 'num_instances': 30, 'T3': 50.0}]",default,3770.586
50,1,4,0.1459,0.339,2393161.055,7059472.1386,50.0,0.0,20,"[np.float64(0.3819660112501051), np.float64(0.6180339887498949), np.float64(0.2360679774997897), np.float64(0.1458980337503154), np.float64(0.09016994374947422), np.float64(0.18033988749894847), np.float64(0.20162612375115666), np.float64(0.16718427000252362), np.float64(0.18847050625473183), np.float64(0.1934955049953733), np.float64(0.19660112501051516), np.float64(0.1985205037360148), np.float64(0.19541488372087293), np.float64(0.19733426244637256), np.float64(0.1977873663001574), np.float64(0.19806739988222996), np.float64(0.19824047015394222), np.float64(0.19796043657186962), np.float64(0.19813350684358189), np.float64(0.19817436319259032), np.float64(0.19819961380493378), np.float64(0.19821521954159876)]","[8566.0, 490978.0, 918.0, 50.0, 50.0, 50.0, 440.0, 50.0, 50.0, 50.0, 50.0, 70.0, 50.0, 50.0, 50.0, 50.0, 70.0, 50.0, 50.0, 50.0, 50.0, 70.0]","[{'instance_type': 'm8a.large', 'availability_zone': 'us-east-1d', 'num_instances': 10, 'T3': 10.0}, {'instance_type': 'm8a.medium', 'availability_zone': 'us-east-1d', 'num_instances': 30, 'T3': 50.0}]",default,3628.2624
50,2,2,0.1803,0.6839,2393161.055,3499285.0636,50.0,0.0,20,"[np.float64(0.3819660112501051), np.float64(0.6180339887498949), np.float64(0.2360679774997897), np.float64(0.1458980337503154), np.float64(0.09016994374947422), np.float64(0.18033988749894847), np.float64(0.20162612375115666), np.float64(0.16718427000252362), np.float64(0.18847050625473183), np.float64(0.1934955049953733), np.float64(0.19660112501051516), np.float64(0.1985205037360148), np.float64(0.19970674502565702), np.float64(0.20043988246151442), np.float64(0.20089298631529925), np.float64(0.20117301989737182), np.float64(0.20134609016908409), np.float64(0.2010660565870115), np.float64(0.20123912685872375), np.float64(0.2012799832077322), np.float64(0.2012138762463803), np.float64(0.20125473259538873)]","[16244.0, 445997.0, 384.0, 50.0, 50.0, 50.0, 130.0, 50.0, 50.0, 50.0, 50.0, 50.0, 50.0, 50.0, 50.0, 50.0, 126.0, 50.0, 50.0, 126.0, 50.0, 126.0]","[{'instance_type': 'm8a.2xlarge', 'availability_zone': 'us-east-1d', 'num_instances': 1, 'T3': 1.0}, {'instance_type': 'm8a.large', 'availability_zone': 'us-east-1d', 'num_instances': 10, 'T3': 10.0}, {'instance_type': 'm8a.large', 'availability_zone': 'us-east-1b', 'num_instances': 16, 'T3': 45.0}, {'instance_type': 'm8a.xlarge', 'availability_zone': 'us-east-1d', 'num_instances': 10, 'T3': 10.0}]",default,3957.1961
75,3,5,0.1246,1.5024,3307895.7215,2201741.0287,75.0,0.0,20,"[np.float64(0.3819660112501051), np.float64(0.6180339887498949), np.float64(0.2360679774997897), np.float64(0.1458980337503154), np.float64(0.09016994374947422), np.float64(0.18033988749894847), np.float64(0.12461179749810725), np.float64(0.11145618000168239), np.float64(0.13274241625389058), np.float64(0.13776741499453207), np.float64(0.1408730350096739), np.float64(0.14279241373517354), np.float64(0.1396867937200317), np.float64(0.1416061724455313), np.float64(0.14205927629931614), np.float64(0.14132613886345874), np.float64(0.14177924271724357), np.float64(0.14149920913517097), np.float64(0.14167227940688323), np.float64(0.14156531609652287), np.float64(0.14163142305787477), np.float64(0.14159056670886633)]","[64439.0, 316391.0, 1320.0, 96.0, 75.0, 128.0, 75.0, 75.0, 75.0, 75.0, 75.0, 96.0, 75.0, 75.0, 96.0, 75.0, 96.0, 75.0, 96.0, 75.0, 96.0, 75.0]","[{'instance_type': 'c6gd.2xlarge', 'availability_zone': 'us-east-1b', 'num_instances': 5, 'T3': 50.0}, {'instance_type': 'm8a.metal-48xl', 'availability_zone': 'us-east-1b', 'num_instances': 1, 'T3': 1.0}, {'instance_type': 'm8a.xlarge', 'availability_zone': 'us-east-1d', 'num_instances': 1, 'T3': 10.0}]",default,3601.214
100,1,2,0.2361,0.6798,4786322.11,7040779.8029,100.0,0.0,20,"[np.float64(0.3819660112501051), np.float64(0.6180339887498949), np.float64(0.2360679774997897), np.float64(0.1458980337503154), np.float64(0.29179606750063086), np.float64(0.20162612375115663), np.float64(0.25735421375199785), np.float64(0.2229123600033648), np.float64(0.244198596255573), np.float64(0.24922359499621452), np.float64(0.25232921501135636), np.float64(0.254248593736856), np.float64(0.2554348350264982), np.float64(0.2535154563009986), np.float64(0.2547016975906408), np.float64(0.2549817311727134), np.float64(0.25515480144442565), np.float64(0.25526176475478596), np.float64(0.25532787171613786), np.float64(0.2553687280651463), np.float64(0.25539397867748975), np.float64(0.2554095844141548)]","[6544.0, 627376.0, 100.0, 100.0, 918.0, 100.0, 110.0, 100.0, 100.0, 100.0, 100.0, 100.0, 102.0, 100.0, 100.0, 100.0, 100.0, 100.0, 100.0, 100.0, 100.0, 100.0]","[{'instance_type': 'm8a.large', 'availability_zone': 'us-east-1d', 'num_instances': 10, 'T3': 10.0}, {'instance_type': 'm8a.medium', 'availability_zone': 'us-east-1d', 'num_instances': 48, 'T3': 50.0}, {'instance_type': 'm8a.xlarge', 'availability_zone': 'us-east-1d', 'num_instances': 8, 'T3': 10.0}]",default,3979.0393
100,1,4,0.1459,0.6798,4786322.11,7040779.8029,100.0,0.0,20,"[np.float64(0.3819660112501051), np.float64(0.6180339887498949), np.float64(0.2360679774997897), np.float64(0.1458980337503154), np.float64(0.09016994374947422), np.float64(0.18033988749894847), np.float64(0.20162612375115666), np.float64(0.16718427000252362), np.float64(0.18847050625473183), np.float64(0.1934955049953733), np.float64(0.19660112501051516), np.float64(0.1985205037360148), np.float64(0.19541488372087293), np.float64(0.19733426244637256), np.float64(0.1977873663001574), np.float64(0.19806739988222996), np.float64(0.19824047015394222), np.float64(0.19796043657186962), np.float64(0.19813350684358189), np.float64(0.19817436319259032), np.float64(0.19819961380493378), np.float64(0.19821521954159876)]","[8566.0, 490978.0, 918.0, 100.0, 100.0, 100.0, 440.0, 100.0, 100.0, 100.0, 100.0, 102.0, 100.0, 100.0, 100.0, 100.0, 102.0, 100.0, 100.0, 100.0, 100.0, 102.0]","[{'instance_type': 'm8a.large', 'availability_zone': 'us-east-1d', 'num_instances': 10, 'T3': 10.0}, {'instance_type': 'm8a.medium', 'availability_zone': 'us-east-1d', 'num_instances': 48, 'T3': 50.0}, {'instance_type': 'm8a.xlarge', 'availability_zone': 'us-east-1d', 'num_instances': 8, 'T3': 10.0}]",default,3944.2014
100,2,2,0.1803,1.375,4786322.11,3480961.5345,100.0,0.0,20,"[np.float64(0.3819660112501051), np.float64(0.6180339887498949), np.float64(0.2360679774997897), np.float64(0.1458980337503154), np.float64(0.09016994374947422), np.float64(0.18033988749894847), np.float64(0.20162612375115666), np.float64(0.16718427000252362), np.float64(0.18847050625473183), np.float64(0.1934955049953733), np.float64(0.19660112501051516), np.float64(0.1985205037360148), np.float64(0.19970674502565702), np.float64(0.1977873663001574), np.float64(0.19897360758979962), np.float64(0.1992536411718722), np.float64(0.19942671144358445), np.float64(0.19914667786151186), np.float64(0.19931974813322412), np.float64(0.19936060448223256), np.float64(0.19938585509457601), np.float64(0.19934499874556758)]","[16244.0, 445997.0, 384.0, 100.0, 100.0, 100.0, 130.0, 100.0, 100.0, 100.0, 100.0, 100.0, 106.0, 100.0, 100.0, 100.0, 106.0, 100.0, 100.0, 100.0, 106.0, 100.0]","[{'instance_type': 'm8a.2xlarge', 'availability_zone': 'us-east-1d', 'num_instances': 1, 'T3': 1.0}, {'instance_type': 'm8a.large', 'availability_zone': 'us-east-1d', 'num_instances': 10, 'T3': 10.0}, {'instance_type': 'm8a.large', 'availability_zone': 'us-east-1a', 'num_instances': 1, 'T3': 45.0}, {'instance_type': 'm8a.large', 'availability_zone': 'us-east-1b', 'num_instances': 45, 'T3': 45.0}, {'instance_type': 'm8a.xlarge', 'availability_zone': 'us-east-1d', 'num_instances': 10, 'T3': 10.0}, {'instance_type': 'm8a.xlarge', 'availability_zone': 'us-east-1a', 'num_instances': 10, 'T3': 10.0}]",default,4111.3703
115,4,2,0.1803,3.1888,5504270.4265,1726125.9491,115.0,0.0,20,"[np.float64(0.3819660112501051), np.float64(0.6180339887498949), np.float64(0.2360679774997897), np.float64(0.1458980337503154), np.float64(0.29179606750063086), np.float64(0.20162612375115663), np.float64(0.18033988749894844), np.float64(0.1671842700025236), np.float64(0.18847050625473177), np.float64(0.19349550499537327), np.float64(0.19660112501051513), np.float64(0.19852050373601476), np.float64(0.199706745025657), np.float64(0.2004398824615144), np.float64(0.20089298631529923), np.float64(0.20015984887944183), np.float64(0.20061295273322666), np.float64(0.20033291915115406), np.float64(0.20050598942286632), np.float64(0.20054684577187476), np.float64(0.20048073881052286), np.float64(0.2005215951595313)]","[9345.0, 220874.0, 142.0, 115.0, 1478.0, 118.0, 115.0, 115.0, 115.0, 115.0, 115.0, 115.0, 115.0, 115.0, 118.0, 115.0, 118.0, 115.0, 115.0, 118.0, 115.0, 115.0]","[{'instance_type': 'm8a.2xlarge', 'availability_zone': 'us-east-1d', 'num_instances': 1, 'T3': 1.0}, {'instance_type': 'm8a.metal-24xl', 'availability_zone': 'us-east-1d', 'num_instances': 1, 'T3': 1.0}, {'instance_type': 'm8a.metal-24xl', 'availability_zone': 'us-east-1b', 'num_instances': 1, 'T3': 1.0}, {'instance_type': 'm8a.metal-48xl', 'availability_zone': 'us-east-1b', 'num_instances': 1, 'T3': 1.0}, {'instance_type': 'm8a.xlarge', 'availability_zone': 'us-east-1d', 'num_instances': 10, 'T3': 10.0}, {'instance_type': 'm8a.xlarge', 'availability_zone': 'us-east-1a', 'num_instances': 7, 'T3': 10.0}]",default,3608.8316
287,1,6,0.1459,3.0099,13727143.7517,4560664.3914,287.0,0.0,20,"[np.float64(0.3819660112501051), np.float64(0.6180339887498949), np.float64(0.2360679774997897), np.float64(0.1458980337503154), np.float64(0.09016994374947422), np.float64(0.18033988749894847), np.float64(0.20162612375115666), np.float64(0.2147817412475815), np.float64(0.19349550499537332), np.float64(0.20665112249179815), np.float64(0.19852050373601482), np.float64(0.2035455024766563), np.float64(0.20043988246151445), np.float64(0.20235926118701406), np.float64(0.2028123650407989), np.float64(0.20309239862287146), np.float64(0.20263929476908663), np.float64(0.20291932835115922), np.float64(0.20274625807944696), np.float64(0.20285322138980733), np.float64(0.20278711442845543), np.float64(0.20282797077746387)]","[91225.0, 492441.0, 3619.0, 287.0, 287.0, 287.0, 287.0, 645.0, 287.0, 570.0, 287.0, 469.0, 287.0, 287.0, 287.0, 469.0, 287.0, 469.0, 287.0, 469.0, 287.0, 287.0]","[{'instance_type': 'm8a.2xlarge', 'availability_zone': 'us-east-1d', 'num_instances': 1, 'T3': 1.0}, {'instance_type': 'm8a.2xlarge', 'availability_zone': 'us-east-1a', 'num_instances': 1, 'T3': 1.0}, {'instance_type': 'm8a.2xlarge', 'availability_zone': 'us-east-1b', 'num_instances': 1, 'T3': 1.0}, {'instance_type': 'm8a.metal-24xl', 'availability_zone': 'us-east-1d', 'num_instances': 1, 'T3': 1.0}, {'instance_type': 'm8a.metal-24xl', 'availability_zone': 'us-east-1b', 'num_instances': 1, 'T3': 1.0}, {'instance_type': 'm8a.metal-48xl', 'availability_zone': 'us-east-1b', 'num_instances': 1, 'T3': 1.0}, {'instance_type': 'r8a.4xlarge', 'availability_zone': 'us-east-1b', 'num_instances': 1, 'T3': 1.0}]",default,3730.1447
400,1,2,0.2361,2.7457,19145288.44,6972826.0334,400.0,0.0,20,"[np.float64(0.3819660112501051), np.float64(0.6180339887498949), np.float64(0.2360679774997897), np.float64(0.1458980337503154), np.float64(0.29179606750063086), np.float64(0.20162612375115663), np.float64(0.25735421375199785), np.float64(0.2705098312484227), np.float64(0.24922359499621452), np.float64(0.26237921249263935), np.float64(0.254248593736856), np.float64(0.2592735924774975), np.float64(0.2561679724623556), np.float64(0.25808735118785525), np.float64(0.2585404550416401), np.float64(0.25882048862371265), np.float64(0.2589935588954249), np.float64(0.25871352531335234), np.float64(0.25888659558506455), np.float64(0.258927451934073), np.float64(0.2588613449727211), np.float64(0.2589022013217296)]","[6544.0, 627376.0, 400.0, 400.0, 918.0, 400.0, 400.0, 838.0, 400.0, 730.0, 400.0, 440.0, 400.0, 400.0, 400.0, 400.0, 440.0, 400.0, 400.0, 440.0, 400.0, 400.0]","[{'instance_type': 'm8a.2xlarge', 'availability_zone': 'us-east-1d', 'num_instances': 1, 'T3': 1.0}, {'instance_type': 'm8a.large', 'availability_zone': 'us-east-1d', 'num_instances': 10, 'T3': 10.0}, {'instance_type': 'm8a.large', 'availability_zone': 'us-east-1b', 'num_instances': 45, 'T3': 45.0}, {'instance_type': 'm8a.medium', 'availability_zone': 'us-east-1d', 'num_instances': 50, 'T3': 50.0}, {'instance_type': 'm8a.metal-48xl', 'availability_zone': 'us-east-1b', 'num_instances': 1, 'T3': 1.0}, {'instance_type': 'm8a.xlarge', 'availability_zone': 'us-east-1d', 'num_instances': 10, 'T3': 10.0}]",default,3505.2222
400,1,4,0.1459,2.7457,19145288.44,6972826.0334,400.0,0.0,20,"[np.float64(0.3819660112501051), np.float64(0.6180339887498949), np.float64(0.2360679774997897), np.float64(0.1458980337503154), np.float64(0.09016994374947422), np.float64(0.18033988749894847), np.float64(0.20162612375115666), np.float64(0.16718427000252362), np.float64(0.18847050625473183), np.float64(0.1934955049953733), np.float64(0.19660112501051516), np.float64(0.1985205037360148), np.float64(0.19970674502565702), np.float64(0.20043988246151442), np.float64(0.20089298631529925), np.float64(0.20117301989737182), np.float64(0.200719916043587), np.float64(0.2009999496256596), np.float64(0.2010660565870115), np.float64(0.20110691293601993), np.float64(0.20113216354836339), np.float64(0.20109130719935495)]","[8566.0, 490978.0, 918.0, 400.0, 400.0, 400.0, 440.0, 400.0, 400.0, 400.0, 400.0, 400.0, 400.0, 400.0, 400.0, 440.0, 400.0, 400.0, 400.0, 400.0, 440.0, 400.0]","[{'instance_type': 'm8a.2xlarge', 'availability_zone': 'us-east-1d', 'num_instances': 1, 'T3': 1.0}, {'instance_type': 'm8a.large', 'availability_zone': 'us-east-1d', 'num_instances': 10, 'T3': 10.0}, {'instance_type': 'm8a.large', 'availability_zone': 'us-east-1b', 'num_instances': 45, 'T3': 45.0}, {'instance_type': 'm8a.medium', 'availability_zone': 'us-east-1d', 'num_instances': 50, 'T3': 50.0}, {'instance_type': 'm8a.metal-48xl', 'availability_zone': 'us-east-1b', 'num_instances': 1, 'T3': 1.0}, {'instance_type': 'm8a.xlarge', 'availability_zone': 'us-east-1d', 'num_instances': 10, 'T3': 10.0}]",default,3451.7245
400,2,2,0.2361,5.5036,18694335.0624,3396746.6862,400.0,0.0,20,"[np.float64(0.3819660112501051), np.float64(0.6180339887498949), np.float64(0.2360679774997897), np.float64(0.1458980337503154), np.float64(0.29179606750063086), np.float64(0.20162612375115663), np.float64(0.25735421375199785), np.float64(0.2229123600033648), np.float64(0.244198596255573), np.float64(0.24922359499621452), np.float64(0.25232921501135636), np.float64(0.254248593736856), np.float64(0.2554348350264982), np.float64(0.2535154563009986), np.float64(0.2547016975906408), np.float64(0.2549817311727134), np.float64(0.25452862731892856), np.float64(0.2548086609010011), np.float64(0.2546355906292889), np.float64(0.25474255393964923), np.float64(0.25467644697829733), np.float64(0.2547173033273058)]","[16244.0, 445997.0, 400.0, 400.0, 2736.0, 400.0, 584.0, 400.0, 400.0, 400.0, 400.0, 400.0, 584.0, 400.0, 400.0, 584.0, 400.0, 584.0, 400.0, 584.0, 400.0, 400.0]","[{'instance_type': 'c6gd.2xlarge', 'availability_zone': 'us-east-1b', 'num_instances': 4, 'T3': 50.0}, {'instance_type': 'm8a.2xlarge', 'availability_zone': 'us-east-1d', 'num_instances': 1, 'T3': 1.0}, {'instance_type': 'm8a.2xlarge', 'availability_zone': 'us-east-1a', 'num_instances': 1, 'T3': 1.0}, {'instance_type': 'm8a.2xlarge', 'availability_zone': 'us-east-1b', 'num_instances': 1, 'T3': 1.0}, {'instance_type': 'm8a.large', 'availability_zone': 'us-east-1d', 'num_instances': 10, 'T3': 10.0}, {'instance_type': 'm8a.large', 'availability_zone': 'us-east-1a', 'num_instances': 45, 'T3': 45.0}, {'instance_type': 'm8a.large', 'availability_zone': 'us-east-1b', 'num_instances': 45, 'T3': 45.0}, {'instance_type': 'm8a.metal-24xl', 'availability_zone': 'us-east-1d', 'num_instances': 1, 'T3': 1.0}, {'instance_type': 'm8a.metal-24xl', 'availability_zone': 'us-east-1b', 'num_instances': 1, 'T3': 1.0}, {'instance_type': 'm8a.metal-48xl', 'availability_zone': 'us-east-1b', 'num_instances': 1, 'T3': 1.0}, {'instance_type': 'm8a.xlarge', 'availability_zone': 'us-east-1d', 'num_instances': 10, 'T3': 10.0}, {'instance_type': 'm8a.xlarge', 'availability_zone': 'us-east-1a', 'num_instances': 10, 'T3': 10.0}, {'instance_type': 'm8a.xlarge', 'availability_zone': 'us-east-1b', 'num_instances': 20, 'T3': 20.0}]",default,3787.1642
439,1,9,0.1459,5.6483,20734024.4972,3670843.3506,439.0,0.0,20,"[np.float64(0.3819660112501051), np.float64(0.6180339887498949), np.float64(0.2360679774997897), np.float64(0.1458980337503154), np.float64(0.09016994374947422), np.float64(0.18033988749894847), np.float64(0.12461179749810725), np.float64(0.15905365124674029), np.float64(0.1377674149945321), np.float64(0.15092303249095693), np.float64(0.1427924137351736), np.float64(0.14781741247581506), np.float64(0.14471179246067323), np.float64(0.14663117118617283), np.float64(0.14544492989653063), np.float64(0.14617806733238803), np.float64(0.14635113760410023), np.float64(0.14607110402202764), np.float64(0.1462441742937399), np.float64(0.14613721098337953), np.float64(0.14620331794473143), np.float64(0.146162461595723)]","[146666.0, 439254.0, 3095.0, 439.0, 439.0, 2874.0, 439.0, 441.0, 439.0, 441.0, 439.0, 441.0, 439.0, 441.0, 439.0, 439.0, 441.0, 439.0, 441.0, 439.0, 441.0, 439.0]","[{'instance_type': 'r8a.16xlarge', 'availability_zone': 'us-east-1a', 'num_instances': 1, 'T3': 1.0}, {'instance_type': 'r8a.24xlarge', 'availability_zone': 'us-east-1b', 'num_instances': 1, 'T3': 1.0}, {'instance_type': 'r8a.2xlarge', 'availability_zone': 'us-east-1d', 'num_instances': 1, 'T3': 1.0}, {'instance_type': 'r8a.2xlarge', 'availability_zone': 'us-east-1a', 'num_instances': 1, 'T3': 1.0}, {'instance_type': 'r8a.4xlarge', 'availability_zone': 'us-east-1d', 'num_instances': 1, 'T3': 1.0}, {'instance_type': 'r8a.4xlarge', 'availability_zone': 'us-east-1b', 'num_instances': 1, 'T3': 1.0}, {'instance_type': 'r8a.metal-24xl', 'availability_zone': 'us-east-1a', 'num_instances': 1, 'T3': 1.0}, {'instance_type': 'r8a.metal-48xl', 'availability_zone': 'us-east-1b', 'num_instances': 1, 'T3': 1.0}, {'instance_type': 'r8i.large', 'availability_zone': 'us-east-1c', 'num_instances': 1, 'T3': 1.0}]",default,4273.0623
1000,1,2,0.2918,6.7576,45556272.1601,6741486.9421,1000.0,0.0,20,"[np.float64(0.3819660112501051), np.float64(0.6180339887498949), np.float64(0.2360679774997897), np.float64(0.1458980337503154), np.float64(0.29179606750063086), np.float64(0.32623792124926393), np.float64(0.2705098312484227), np.float64(0.3049516849970557), np.float64(0.3130823037528391), np.float64(0.2999266862564142), np.float64(0.3080573050121976), np.float64(0.3030323062715561), np.float64(0.30613792628669795), np.float64(0.30687106372255535), np.float64(0.3073241675763402), np.float64(0.3065910301404828), np.float64(0.3070441339942676), np.float64(0.3071510973046279), np.float64(0.3069780270329157), np.float64(0.307084990343276), np.float64(0.3070188833819241), np.float64(0.3070597397309326)]","[6544.0, 627376.0, 1000.0, 1000.0, 1000.0, 1318.0, 1000.0, 1000.0, 1006.0, 1000.0, 1006.0, 1000.0, 1000.0, 1000.0, 1006.0, 1000.0, 1000.0, 1006.0, 1000.0, 1006.0, 1000.0, 1000.0]","[{'instance_type': 'c6gd.2xlarge', 'availability_zone': 'us-east-1b', 'num_instances': 10, 'T3': 50.0}, {'instance_type': 'm8a.2xlarge', 'availability_zone': 'us-east-1d', 'num_instances': 1, 'T3': 1.0}, {'instance_type': 'm8a.2xlarge', 'availability_zone': 'us-east-1a', 'num_instances': 1, 'T3': 1.0}, {'instance_type': 'm8a.2xlarge', 'availability_zone': 'us-east-1b', 'num_instances': 1, 'T3': 1.0}, {'instance_type': 'm8a.large', 'availability_zone': 'us-east-1d', 'num_instances': 10, 'T3': 10.0}, {'instance_type': 'm8a.large', 'availability_zone': 'us-east-1a', 'num_instances': 45, 'T3': 45.0}, {'instance_type': 'm8a.large', 'availability_zone': 'us-east-1b', 'num_instances': 45, 'T3': 45.0}, {'instance_type': 'm8a.medium', 'availability_zone': 'us-east-1d', 'num_instances': 50, 'T3': 50.0}, {'instance_type': 'm8a.medium', 'availability_zone': 'us-east-1a', 'num_instances': 50, 'T3': 50.0}, {'instance_type': 'm8a.medium', 'availability_zone': 'us-east-1b', 'num_instances': 50, 'T3': 50.0}, {'instance_type': 'm8a.metal-24xl', 'availability_zone': 'us-east-1d', 'num_instances': 1, 'T3': 1.0}, {'instance_type': 'm8a.metal-24xl', 'availability_zone': 'us-east-1b', 'num_instances': 1, 'T3': 1.0}, {'instance_type': 'm8a.metal-48xl', 'availability_zone': 'us-east-1b', 'num_instances': 1, 'T3': 1.0}, {'instance_type': 'm8a.xlarge', 'availability_zone': 'us-east-1d', 'num_instances': 10, 'T3': 10.0}, {'instance_type': 'm8a.xlarge', 'availability_zone': 'us-east-1a', 'num_instances': 10, 'T3': 10.0}, {'instance_type': 'm8a.xlarge', 'availability_zone': 'us-east-1b', 'num_instances': 20, 'T3': 20.0}, {'instance_type': 't2.small', 'availability_zone': 'us-east-1a', 'num_instances': 2, 'T3': 50.0}]",default,3754.5664
1000,1,4,0.2016,7.096,46399690.1421,6538851.4856,1000.0,0.0,20,"[np.float64(0.3819660112501051), np.float64(0.6180339887498949), np.float64(0.2360679774997897), np.float64(0.1458980337503154), np.float64(0.29179606750063086), np.float64(0.20162612375115663), np.float64(0.18033988749894844), np.float64(0.21478174124758148), np.float64(0.22291236000336484), np.float64(0.22793735874400634), np.float64(0.21980673998822298), np.float64(0.22483173872886447), np.float64(0.2217261187137226), np.float64(0.22364549743922224), np.float64(0.22245925614958), np.float64(0.2231923935854374), np.float64(0.22336546385714967), np.float64(0.22347242716751), np.float64(0.2235385341288619), np.float64(0.22343157081850157), np.float64(0.22349767777985347), np.float64(0.22345682143084503)]","[8566.0, 490978.0, 1000.0, 1000.0, 1222.0, 1000.0, 1000.0, 1000.0, 1000.0, 1000.0, 1000.0, 1000.0, 1000.0, 1000.0, 1000.0, 1000.0, 1000.0, 1000.0, 1000.0, 1000.0, 1000.0, 1000.0]","[{'instance_type': 'm7g.metal', 'availability_zone': 'us-east-1f', 'num_instances': 1, 'T3': 1.0}, {'instance_type': 'm8a.2xlarge', 'availability_zone': 'us-east-1d', 'num_instances': 1, 'T3': 1.0}, {'instance_type': 'm8a.2xlarge', 'availability_zone': 'us-east-1a', 'num_instances': 1, 'T3': 1.0}, {'instance_type': 'm8a.2xlarge', 'availability_zone': 'us-east-1b', 'num_instances': 1, 'T3': 1.0}, {'instance_type': 'm8a.large', 'availability_zone': 'us-east-1d', 'num_instances': 10, 'T3': 10.0}, {'instance_type': 'm8a.large', 'availability_zone': 'us-east-1a', 'num_instances': 45, 'T3': 45.0}, {'instance_type': 'm8a.large', 'availability_zone': 'us-east-1b', 'num_instances': 45, 'T3': 45.0}, {'instance_type': 'm8a.medium', 'availability_zone': 'us-east-1d', 'num_instances': 50, 'T3': 50.0}, {'instance_type': 'm8a.medium', 'availability_zone': 'us-east-1a', 'num_instances': 50, 'T3': 50.0}, {'instance_type': 'm8a.medium', 'availability_zone': 'us-east-1b', 'num_instances': 50, 'T3': 50.0}, {'instance_type': 'm8a.metal-24xl', 'availability_zone': 'us-east-1d', 'num_instances': 1, 'T3': 1.0}, {'instance_type': 'm8a.metal-24xl', 'availability_zone': 'us-east-1b', 'num_instances': 1, 'T3': 1.0}, {'instance_type': 'm8a.metal-48xl', 'availability_zone': 'us-east-1b', 'num_instances': 1, 'T3': 1.0}, {'instance_type': 'm8a.xlarge', 'availability_zone': 'us-east-1d', 'num_instances': 10, 'T3': 10.0}, {'instance_type': 'm8a.xlarge', 'availability_zone': 'us-east-1a', 'num_instances': 10, 'T3': 10.0}, {'instance_type': 'm8a.xlarge', 'availability_zone': 'us-east-1b', 'num_instances': 20, 'T3': 20.0}, {'instance_type': 'r8a.4xlarge', 'availability_zone': 'us-east-1b', 'num_instances': 1, 'T3': 1.0}, {'instance_type': 'r8i.large', 'availability_zone': 'us-east-1c', 'num_instances': 1, 'T3': 1.0}]",default,4394.9665
1000,2,2,0.2361,10.2637,30501516.0624,2971785.6195,1000.0,0.0,20,"[np.float64(0.3819660112501051), np.float64(0.6180339887498949), np.float64(0.2360679774997897), np.float64(0.1458980337503154), np.float64(0.29179606750063086), np.float64(0.20162612375115663), np.float64(0.25735421375199785), np.float64(0.2705098312484227), np.float64(0.24922359499621452), np.float64(0.26237921249263935), np.float64(0.2654848325077812), np.float64(0.2604598337671397), np.float64(0.2635654537822816), np.float64(0.26164607505678195), np.float64(0.2628323163464242), np.float64(0.26311234992849675), np.float64(0.263285420200209), np.float64(0.2633923835105693), np.float64(0.2632193132388571), np.float64(0.2633262765492174), np.float64(0.2632601695878655), np.float64(0.263301025936874)]","[16244.0, 445997.0, 1000.0, 1000.0, 2736.0, 1000.0, 1000.0, 1016.0, 1000.0, 1000.0, 1016.0, 1000.0, 1016.0, 1000.0, 1000.0, 1000.0, 1000.0, 1016.0, 1000.0, 1016.0, 1000.0, 1016.0]","[{'instance_type': 'c6gd.16xlarge', 'availability_zone': 'us-east-1a', 'num_instances': 1, 'T3': 50.0}, {'instance_type': 'c6gd.2xlarge', 'availability_zone': 'us-east-1d', 'num_instances': 46, 'T3': 50.0}, {'instance_type': 'c6gd.2xlarge', 'availability_zone': 'us-east-1a', 'num_instances': 50, 'T3': 50.0}, {'instance_type': 'c6gd.2xlarge', 'availability_zone': 'us-east-1b', 'num_instances': 50, 'T3': 50.0}, {'instance_type': 'm8a.2xlarge', 'availability_zone': 'us-east-1d', 'num_instances': 1, 'T3': 1.0}, {'instance_type': 'm8a.2xlarge', 'availability_zone': 'us-east-1a', 'num_instances': 1, 'T3': 1.0}, {'instance_type': 'm8a.2xlarge', 'availability_zone': 'us-east-1b', 'num_instances': 1, 'T3': 1.0}, {'instance_type': 'm8a.large', 'availability_zone': 'us-east-1d', 'num_instances': 10, 'T3': 10.0}, {'instance_type': 'm8a.large', 'availability_zone': 'us-east-1a', 'num_instances': 45, 'T3': 45.0}, {'instance_type': 'm8a.large', 'availability_zone': 'us-east-1b', 'num_instances': 45, 'T3': 45.0}, {'instance_type': 'm8a.metal-24xl', 'availability_zone': 'us-east-1d', 'num_instances': 1, 'T3': 1.0}, {'instance_type': 'm8a.metal-24xl', 'availability_zone': 'us-east-1b', 'num_instances': 1, 'T3': 1.0}, {'instance_type': 'm8a.metal-48xl', 'availability_zone': 'us-east-1b', 'num_instances': 1, 'T3': 1.0}, {'instance_type': 'm8a.xlarge', 'availability_zone': 'us-east-1d', 'num_instances': 10, 'T3': 10.0}, {'instance_type': 'm8a.xlarge', 'availability_zone': 'us-east-1a', 'num_instances': 10, 'T3': 10.0}, {'instance_type': 'm8a.xlarge', 'availability_zone': 'us-east-1b', 'num_instances': 20, 'T3': 20.0}]",default,4114.6032
