InstanceType,Region,AZ,SpotPrice,T3,SPS,IF,exptime
t3a.large,us-east-1,us-east-1d,0.0235,50.0,3,2.0,250520-1133
g5g.xlarge,us-east-1,us-east-1b,0.1385,45.0,3,3.0,250520-1133
im4gn.2xlarge,us-east-1,us-east-1b,0.141,40.0,3,3.0,250520-1133
m6id.large,us-east-1,us-east-1d,0.0419,35.0,3,2.0,250520-1133
r6id.xlarge,us-east-1,us-east-1a,0.1442,30.0,3,1.0,250520-1133
x2gd.large,us-east-1,us-east-1d,0.0484,25.0,3,3.0,250520-1133
t4g.medium,us-east-1,us-east-1f,0.01,20.0,3,1.5,250520-1133
m6id.2xlarge,us-east-1,us-east-1b,0.2119,15.0,3,1.0,250520-1133
c7i.2xlarge,us-east-1,us-east-1b,0.156,10.0,3,1.0,250520-1133
r7a.medium,us-east-1,us-east-1f,0.0254,5.0,3,3.0,250520-1133
m5zn.3xlarge,us-east-1,us-east-1c,0.5199,1.0,3,2.5,250520-1133
t2.medium,us-east-1,us-east-1b,0.0119,50.0,3,3.0,250520-1243
r7gd.2xlarge,us-east-1,us-east-1c,0.2414,45.0,3,1.0,250520-1243
r7g.medium,us-east-1,us-east-1a,0.0172,40.0,3,1.0,250520-1243
c5n.9xlarge,us-east-1,us-east-1d,0.8957,35.0,3,2.5,250520-1243
c6gd.large,us-east-1,us-east-1b,0.0339,30.0,3,2.5,250520-1243
r6gd.large,us-east-1,us-east-1d,0.0329,25.0,3,2.0,250520-1243
i4g.large,us-east-1,us-east-1b,0.05,20.0,3,2.5,250520-1243
m5dn.2xlarge,us-east-1,us-east-1a,0.2486,15.0,3,1.5,250520-1243
r6in.xlarge,us-east-1,us-east-1d,0.117,10.0,3,1.0,250520-1243
c7gd.2xlarge,us-east-1,us-east-1f,0.1295,5.0,3,1.5,250520-1243
c6id.large,us-east-1,us-east-1f,0.0324,1.0,3,2.0,250520-1243
m7i.large,us-east-1,us-east-1a,0.0322,50.0,3,1.5,250520-1353
d3en.6xlarge,us-east-1,us-east-1b,1.1334,45.0,3,3.0,250520-1353
r5d.xlarge,us-east-1,us-east-1d,0.1532,40.0,3,2.0,250520-1353
d3.2xlarge,us-east-1,us-east-1a,0.336,35.0,3,3.0,250520-1353
r5a.xlarge,us-east-1,us-east-1d,0.0717,30.0,3,1.0,250520-1353
g6e.xlarge,us-east-1,us-east-1d,0.7661,25.0,3,1.0,250520-1353
inf1.2xlarge,us-east-1,us-east-1f,0.0959,20.0,3,1.0,250520-1353
c6a.2xlarge,us-east-1,us-east-1f,0.127,15.0,3,2.0,250520-1353
m8g.xlarge,us-east-1,us-east-1d,0.046,10.0,3,1.0,250520-1353
r5d.xlarge,us-east-1,us-east-1c,0.1716,5.0,3,2.0,250520-1353
r8gd.2xlarge,us-east-1,us-east-1b,0.2505,1.0,3,2.0,250520-1353
m3.large,us-east-1,us-east-1d,0.0377,50.0,3,3.0,250520-1504
r5a.2xlarge,us-east-1,us-east-1a,0.2035,45.0,3,1.0,250520-1504
c6a.xlarge,us-east-1,us-east-1a,0.0606,40.0,3,1.5,250520-1504
c7g.medium,us-east-1,us-east-1c,0.0111,35.0,3,3.0,250520-1504
r7g.2xlarge,us-east-1,us-east-1f,0.1366,30.0,3,1.0,250520-1504
c6gd.large,us-east-1,us-east-1b,0.0342,25.0,3,2.5,250520-1504
t4g.2xlarge,us-east-1,us-east-1b,0.1055,20.0,3,1.0,250520-1504
m7gd.medium,us-east-1,us-east-1d,0.018,15.0,3,3.0,250520-1504
m8gd.xlarge,us-east-1,us-east-1c,0.0751,10.0,3,2.5,250520-1504
r6id.large,us-east-1,us-east-1f,0.0486,5.0,3,1.5,250520-1504
r8gd.2xlarge,us-east-1,us-east-1d,0.2065,1.0,3,2.0,250520-1504
m7i.large,us-east-1,us-east-1a,0.0322,50.0,3,1.5,250520-1614
i7i.2xlarge,us-east-1,us-east-1a,0.2105,45.0,3,3.0,250520-1614
r5b.large,us-east-1,us-east-1a,0.0533,40.0,3,3.0,250520-1614
c4.2xlarge,us-east-1,us-east-1b,0.1623,35.0,3,2.5,250520-1614
r5d.2xlarge,us-east-1,us-east-1a,0.3997,30.0,3,1.0,250520-1614
r6g.medium,us-east-1,us-east-1f,0.0174,25.0,3,1.0,250520-1614
m5ad.xlarge,us-east-1,us-east-1f,0.146,20.0,3,2.0,250520-1614
i7ie.3xlarge,us-east-1,us-east-1f,0.4876,15.0,3,3.0,250520-1614
m4.2xlarge,us-east-1,us-east-1c,0.1915,10.0,3,1.5,250520-1614
c8g.2xlarge,us-east-1,us-east-1b,0.1024,5.0,3,2.5,250520-1614
r8gd.xlarge,us-east-1,us-east-1d,0.1081,1.0,3,2.5,250520-1614
t3.large,us-east-1,us-east-1f,0.0373,50.0,3,3.0,250520-1724
t2.large,us-east-1,us-east-1c,0.0342,45.0,3,3.0,250520-1724
r5b.large,us-east-1,us-east-1a,0.0535,40.0,3,3.0,250520-1724
m7i.large,us-east-1,us-east-1c,0.0365,35.0,3,1.5,250520-1724
m7a.xlarge,us-east-1,us-east-1d,0.1031,30.0,3,2.5,250520-1724
t4g.xlarge,us-east-1,us-east-1d,0.0499,25.0,3,1.0,250520-1724
r8g.xlarge,us-east-1,us-east-1d,0.0702,20.0,3,1.0,250520-1724
m7gd.xlarge,us-east-1,us-east-1c,0.093,15.0,3,1.0,250520-1724
is4gen.xlarge,us-east-1,us-east-1a,0.2763,10.0,3,3.0,250520-1724
i4i.2xlarge,us-east-1,us-east-1f,0.3248,5.0,3,2.5,250520-1724
inf1.xlarge,us-east-1,us-east-1c,0.0623,1.0,3,1.0,250520-1724
c7g.medium,us-east-1,us-east-1a,0.0096,50.0,3,3.0,250520-1835
inf1.2xlarge,us-east-1,us-east-1b,0.1008,45.0,3,1.0,250520-1835
i7ie.3xlarge,us-east-1,us-east-1b,0.4671,40.0,3,3.0,250520-1835
i7ie.2xlarge,us-east-1,us-east-1c,0.3348,35.0,3,3.0,250520-1835
c6id.large,us-east-1,us-east-1b,0.0524,30.0,3,2.0,250520-1835
c7gn.medium,us-east-1,us-east-1f,0.0069,25.0,3,2.5,250520-1835
m6idn.large,us-east-1,us-east-1d,0.0478,20.0,3,2.5,250520-1835
x2gd.xlarge,us-east-1,us-east-1d,0.1038,15.0,3,3.0,250520-1835
r8g.xlarge,us-east-1,us-east-1c,0.0749,10.0,3,1.0,250520-1835
c1.xlarge,us-east-1,us-east-1d,0.2103,5.0,3,1.0,250520-1835
c7gn.xlarge,us-east-1,us-east-1c,0.0972,1.0,3,2.0,250520-1835
m6a.large,us-east-1,us-east-1f,0.0332,50.0,3,2.5,250520-1945
c5a.2xlarge,us-east-1,us-east-1a,0.1508,45.0,3,2.5,250520-1945
c5ad.2xlarge,us-east-1,us-east-1d,0.2163,40.0,3,2.5,250520-1945
c6gn.xlarge,us-east-1,us-east-1b,0.0884,35.0,3,3.0,250520-1945
m5dn.xlarge,us-east-1,us-east-1a,0.1104,30.0,3,2.0,250520-1945
c5n.large,us-east-1,us-east-1c,0.0539,25.0,3,3.0,250520-1945
m7gd.medium,us-east-1,us-east-1a,0.0148,20.0,3,3.0,250520-1945
r6id.large,us-east-1,us-east-1c,0.0621,15.0,3,1.5,250520-1945
c8gd.xlarge,us-east-1,us-east-1d,0.0816,10.0,3,3.0,250520-1945
c7gd.2xlarge,us-east-1,us-east-1f,0.1301,5.0,3,1.5,250520-1945
i4g.xlarge,us-east-1,us-east-1d,0.114,1.0,3,2.5,250520-1945
r6in.large,us-east-1,us-east-1c,0.0378,50.0,3,1.0,250520-2055
r6gd.xlarge,us-east-1,us-east-1b,0.1161,45.0,3,1.0,250520-2055
m7g.large,us-east-1,us-east-1f,0.028,40.0,3,2.5,250520-2055
c8g.xlarge,us-east-1,us-east-1a,0.0529,35.0,3,2.5,250520-2055
c7i.large,us-east-1,us-east-1c,0.0336,30.0,3,1.0,250520-2055
r5n.xlarge,us-east-1,us-east-1f,0.1265,25.0,3,3.0,250520-2055
m7i-flex.large,us-east-1,us-east-1f,0.0283,20.0,3,2.5,250520-2055
x2gd.xlarge,us-east-1,us-east-1a,0.1193,15.0,3,3.0,250520-2055
is4gen.xlarge,us-east-1,us-east-1d,0.1721,10.0,3,3.0,250520-2055
c8gd.large,us-east-1,us-east-1c,0.035,5.0,3,3.0,250520-2055
m5zn.2xlarge,us-east-1,us-east-1f,0.2891,1.0,3,2.5,250520-2055
m7g.large,us-east-1,us-east-1a,0.0239,50.0,3,2.5,250520-2206
x8g.medium,us-east-1,us-east-1a,0.0162,45.0,3,3.0,250520-2206
r6i.xlarge,us-east-1,us-east-1c,0.1105,40.0,3,1.5,250520-2206
d3.xlarge,us-east-1,us-east-1d,0.125,35.0,3,3.0,250520-2206
i4g.2xlarge,us-east-1,us-east-1f,0.1773,30.0,3,3.0,250520-2206
x1e.2xlarge,us-east-1,us-east-1a,0.5243,25.0,3,1.0,250520-2206
m7i-flex.large,us-east-1,us-east-1f,0.0283,20.0,3,2.5,250520-2206
c7gn.large,us-east-1,us-east-1f,0.0386,15.0,3,1.5,250520-2206
r7gd.large,us-east-1,us-east-1b,0.0468,10.0,3,1.5,250520-2206
i7ie.3xlarge,us-east-1,us-east-1a,0.4773,5.0,3,3.0,250520-2206
f1.2xlarge,us-east-1,us-east-1e,0.4159,1.0,3,1.0,250520-2206
r7g.large,us-east-1,us-east-1a,0.0285,50.0,3,1.0,250520-2316
r7a.2xlarge,us-east-1,us-east-1a,0.2984,45.0,3,1.5,250520-2316
c6gn.large,us-east-1,us-east-1d,0.0384,40.0,3,3.0,250520-2316
m1.large,us-east-1,us-east-1d,0.0449,35.0,3,1.0,250520-2316
m5dn.xlarge,us-east-1,us-east-1c,0.101,30.0,3,2.0,250520-2316
c7gn.2xlarge,us-east-1,us-east-1b,0.1181,25.0,3,1.0,250520-2316
c7gd.large,us-east-1,us-east-1a,0.0366,20.0,3,2.5,250520-2316
m6g.medium,us-east-1,us-east-1a,0.0147,15.0,3,2.0,250520-2316
r7i.xlarge,us-east-1,us-east-1f,0.1008,10.0,3,2.0,250520-2316
c8g.2xlarge,us-east-1,us-east-1d,0.0915,5.0,3,2.5,250520-2316
r5b.xlarge,us-east-1,us-east-1c,0.1511,1.0,3,3.0,250520-2316
c6g.medium,us-east-1,us-east-1b,0.0115,50.0,3,3.0,250521-0027
r6i.2xlarge,us-east-1,us-east-1f,0.2123,45.0,3,1.0,250521-0027
x2gd.large,us-east-1,us-east-1c,0.0518,40.0,3,3.0,250521-0027
r7i.2xlarge,us-east-1,us-east-1b,0.2105,35.0,3,1.0,250521-0027
m7a.xlarge,us-east-1,us-east-1b,0.1066,30.0,3,2.5,250521-0027
c6gd.xlarge,us-east-1,us-east-1d,0.0558,25.0,3,2.5,250521-0027
c7gd.large,us-east-1,us-east-1a,0.0366,20.0,3,2.5,250521-0027
g6.2xlarge,us-east-1,us-east-1a,0.4515,15.0,3,1.0,250521-0027
m6in.2xlarge,us-east-1,us-east-1f,0.1608,10.0,3,1.0,250521-0027
r5dn.2xlarge,us-east-1,us-east-1a,0.4046,5.0,3,1.0,250521-0027
c7gn.2xlarge,us-east-1,us-east-1d,0.1131,1.0,3,1.0,250521-0027
c7a.medium,us-east-1,us-east-1a,0.0209,50.0,3,3.0,250521-0137
m6idn.large,us-east-1,us-east-1c,0.0657,45.0,3,2.5,250521-0137
c5n.large,us-east-1,us-east-1f,0.0394,40.0,3,3.0,250521-0137
z1d.xlarge,us-east-1,us-east-1b,0.116,35.0,3,1.0,250521-0137
c6g.large,us-east-1,us-east-1b,0.0243,30.0,3,2.5,250521-0137
m5d.xlarge,us-east-1,us-east-1f,0.1088,25.0,3,2.5,250521-0137
c6id.xlarge,us-east-1,us-east-1a,0.0839,20.0,3,1.5,250521-0137
c5ad.xlarge,us-east-1,us-east-1c,0.0662,15.0,3,2.5,250521-0137
c7gn.xlarge,us-east-1,us-east-1b,0.0721,10.0,3,2.0,250521-0137
c7i-flex.large,us-east-1,us-east-1f,0.0291,5.0,3,3.0,250521-0137
inf1.xlarge,us-east-1,us-east-1d,0.0644,1.0,3,1.0,250521-0137
c7i.large,us-east-1,us-east-1a,0.0266,50.0,3,1.0,250521-0247
m8g.large,us-east-1,us-east-1b,0.0325,45.0,3,2.0,250521-0247
m7i-flex.large,us-east-1,us-east-1a,0.0337,40.0,3,2.5,250521-0247
c8g.xlarge,us-east-1,us-east-1a,0.0523,35.0,3,2.5,250521-0247
r6g.medium,us-east-1,us-east-1f,0.0171,30.0,3,1.0,250521-0247
m6g.medium,us-east-1,us-east-1b,0.0165,25.0,3,2.0,250521-0247
i4g.2xlarge,us-east-1,us-east-1f,0.1773,20.0,3,3.0,250521-0247
r8g.xlarge,us-east-1,us-east-1b,0.0688,15.0,3,1.0,250521-0247
i2.2xlarge,us-east-1,us-east-1a,0.4628,10.0,3,1.0,250521-0247
m7a.xlarge,us-east-1,us-east-1f,0.0673,5.0,3,2.5,250521-0247
i4g.large,us-east-1,us-east-1a,0.0531,1.0,3,2.5,250521-0247
c8g.medium,us-east-1,us-east-1f,0.0071,50.0,3,3.0,250521-0358
m6g.large,us-east-1,us-east-1c,0.0328,45.0,3,2.0,250521-0358
c6gn.medium,us-east-1,us-east-1b,0.0111,40.0,3,1.5,250521-0358
im4gn.large,us-east-1,us-east-1c,0.0663,35.0,3,3.0,250521-0358
c8g.xlarge,us-east-1,us-east-1f,0.0621,30.0,3,2.5,250521-0358
r7a.large,us-east-1,us-east-1c,0.0663,25.0,3,2.0,250521-0358
r6i.xlarge,us-east-1,us-east-1f,0.0988,20.0,3,1.5,250521-0358
c5ad.xlarge,us-east-1,us-east-1c,0.0662,15.0,3,2.5,250521-0358
r8gd.large,us-east-1,us-east-1b,0.0547,10.0,3,3.0,250521-0358
m6idn.xlarge,us-east-1,us-east-1f,0.147,5.0,3,2.5,250521-0358
r6idn.xlarge,us-east-1,us-east-1d,0.1783,1.0,3,1.0,250521-0358
t4g.large,us-east-1,us-east-1d,0.021,50.0,3,1.0,250521-0508
c4.2xlarge,us-east-1,us-east-1d,0.1922,45.0,3,2.5,250521-0508
c7i.2xlarge,us-east-1,us-east-1d,0.1571,40.0,3,1.0,250521-0508
i7ie.2xlarge,us-east-1,us-east-1c,0.3338,35.0,3,3.0,250521-0508
c8g.xlarge,us-east-1,us-east-1f,0.062,30.0,3,2.5,250521-0508
i7ie.6xlarge,us-east-1,us-east-1b,0.8943,25.0,3,3.0,250521-0508
m5zn.2xlarge,us-east-1,us-east-1b,0.28,20.0,3,2.5,250521-0508
c7i-flex.xlarge,us-east-1,us-east-1c,0.0703,15.0,3,1.5,250521-0508
r6idn.large,us-east-1,us-east-1a,0.0626,10.0,3,3.0,250521-0508
c5n.xlarge,us-east-1,us-east-1f,0.1462,5.0,3,3.0,250521-0508
r5ad.2xlarge,us-east-1,us-east-1b,0.3875,1.0,3,1.5,250521-0508
r6g.medium,us-east-1,us-east-1d,0.0151,50.0,3,1.0,250521-0619
r7a.2xlarge,us-east-1,us-east-1c,0.2618,45.0,3,1.5,250521-0619
c4.2xlarge,us-east-1,us-east-1d,0.1922,40.0,3,2.5,250521-0619
m6idn.large,us-east-1,us-east-1a,0.0544,35.0,3,2.5,250521-0619
i7ie.2xlarge,us-east-1,us-east-1c,0.3338,30.0,3,3.0,250521-0619
c7gd.medium,us-east-1,us-east-1c,0.0133,25.0,3,2.5,250521-0619
inf1.2xlarge,us-east-1,us-east-1a,0.1067,20.0,3,1.0,250521-0619
r6gd.large,us-east-1,us-east-1c,0.0494,15.0,3,2.0,250521-0619
m2.2xlarge,us-east-1,us-east-1c,0.1608,10.0,3,1.0,250521-0619
z1d.large,us-east-1,us-east-1f,0.0493,5.0,3,1.0,250521-0619
r5ad.2xlarge,us-east-1,us-east-1d,0.286,1.0,3,1.5,250521-0619
x2gd.medium,us-east-1,us-east-1f,0.0216,50.0,3,3.0,250521-0729
c5n.2xlarge,us-east-1,us-east-1c,0.2246,45.0,3,2.5,250521-0729
r7g.medium,us-east-1,us-east-1a,0.0171,40.0,3,1.0,250521-0729
m5dn.xlarge,us-east-1,us-east-1d,0.1048,35.0,3,2.0,250521-0729
i7ie.3xlarge,us-east-1,us-east-1b,0.468,30.0,3,3.0,250521-0729
g4ad.xlarge,us-east-1,us-east-1b,0.1133,25.0,3,3.0,250521-0729
c8gd.large,us-east-1,us-east-1a,0.0336,20.0,3,3.0,250521-0729
c7a.large,us-east-1,us-east-1f,0.029,15.0,3,2.0,250521-0729
r7a.xlarge,us-east-1,us-east-1c,0.1624,10.0,3,2.5,250521-0729
r8g.2xlarge,us-east-1,us-east-1b,0.1686,5.0,3,1.0,250521-0729
r6gd.xlarge,us-east-1,us-east-1f,0.1123,1.0,3,1.0,250521-0729
x2gd.medium,us-east-1,us-east-1a,0.0214,50.0,3,3.0,250521-0839
d3.xlarge,us-east-1,us-east-1d,0.1253,45.0,3,3.0,250521-0839
x1e.xlarge,us-east-1,us-east-1a,0.2219,40.0,3,1.0,250521-0839
r6i.2xlarge,us-east-1,us-east-1c,0.2453,35.0,3,1.0,250521-0839
m6id.xlarge,us-east-1,us-east-1a,0.0811,30.0,3,1.5,250521-0839
c4.2xlarge,us-east-1,us-east-1f,0.1619,25.0,3,2.5,250521-0839
x8g.large,us-east-1,us-east-1c,0.0635,20.0,3,3.0,250521-0839
r6id.2xlarge,us-east-1,us-east-1a,0.2992,15.0,3,1.0,250521-0839
m6idn.xlarge,us-east-1,us-east-1c,0.1688,10.0,3,2.5,250521-0839
r5b.2xlarge,us-east-1,us-east-1a,0.339,5.0,3,2.5,250521-0839
r5d.xlarge,us-east-1,us-east-1f,0.1557,1.0,3,2.0,250521-0839
c7a.large,us-east-1,us-east-1b,0.0303,50.0,3,2.0,250521-0950
m6in.large,us-east-1,us-east-1b,0.0469,45.0,3,3.0,250521-0950
x1e.xlarge,us-east-1,us-east-1a,0.2219,40.0,3,1.0,250521-0950
r6i.large,us-east-1,us-east-1f,0.038,35.0,3,1.5,250521-0950
i7ie.2xlarge,us-east-1,us-east-1f,0.2796,30.0,3,3.0,250521-0950
d3en.2xlarge,us-east-1,us-east-1d,0.3301,25.0,3,3.0,250521-0950
c5d.2xlarge,us-east-1,us-east-1f,0.1639,20.0,3,2.5,250521-0950
m6in.2xlarge,us-east-1,us-east-1b,0.2283,15.0,3,1.0,250521-0950
i4g.large,us-east-1,us-east-1c,0.0693,10.0,3,2.5,250521-0950
m6idn.2xlarge,us-east-1,us-east-1c,0.3672,5.0,3,1.5,250521-0950
c6id.xlarge,us-east-1,us-east-1f,0.0672,1.0,3,1.5,250521-0950
m5a.large,us-east-1,us-east-1c,0.035,50.0,3,1.5,250521-1100
r5n.xlarge,us-east-1,us-east-1f,0.1245,45.0,3,3.0,250521-1100
c7gd.large,us-east-1,us-east-1b,0.0356,40.0,3,2.5,250521-1100
m5n.large,us-east-1,us-east-1b,0.0546,35.0,3,3.0,250521-1100
m8g.large,us-east-1,us-east-1d,0.0292,30.0,3,2.0,250521-1100
c5d.xlarge,us-east-1,us-east-1f,0.0725,25.0,3,3.0,250521-1100
is4gen.large,us-east-1,us-east-1d,0.1079,20.0,3,2.5,250521-1100
g6e.xlarge,us-east-1,us-east-1b,0.7161,15.0,3,1.0,250521-1100
c4.2xlarge,us-east-1,us-east-1e,0.1684,10.0,3,2.5,250521-1100
c7a.xlarge,us-east-1,us-east-1f,0.0692,5.0,3,2.0,250521-1100
r5b.large,us-east-1,us-east-1c,0.054,1.0,3,3.0,250521-1100
t4g.small,us-east-1,us-east-1d,0.0082,50.0,3,3.0,250521-1210
m8g.xlarge,us-east-1,us-east-1c,0.0513,45.0,3,1.0,250521-1210
r5a.2xlarge,us-east-1,us-east-1a,0.2026,40.0,3,1.0,250521-1210
c7g.medium,us-east-1,us-east-1c,0.0111,35.0,3,3.0,250521-1210
m7i-flex.large,us-east-1,us-east-1c,0.033,30.0,3,2.5,250521-1210
x2gd.2xlarge,us-east-1,us-east-1a,0.1972,25.0,3,3.0,250521-1210
m2.2xlarge,us-east-1,us-east-1b,0.1565,20.0,3,1.0,250521-1210
i7i.2xlarge,us-east-1,us-east-1f,0.2058,15.0,3,3.0,250521-1210
m6gd.2xlarge,us-east-1,us-east-1b,0.2187,10.0,3,1.0,250521-1210
x2iezn.6xlarge,us-east-1,us-east-1a,1.3423,5.0,3,3.0,250521-1210
m7i-flex.xlarge,us-east-1,us-east-1f,0.0574,1.0,3,2.5,250521-1210
is4gen.medium,us-east-1,us-east-1d,0.0182,50.0,3,2.5,250521-1321
c7gd.xlarge,us-east-1,us-east-1d,0.0727,45.0,3,1.5,250521-1321
r5d.xlarge,us-east-1,us-east-1a,0.1528,40.0,3,2.0,250521-1321
r5a.2xlarge,us-east-1,us-east-1d,0.1725,35.0,3,1.0,250521-1321
i7ie.2xlarge,us-east-1,us-east-1f,0.2796,30.0,3,3.0,250521-1321
x2iedn.xlarge,us-east-1,us-east-1a,0.2141,25.0,3,3.0,250521-1321
c6a.xlarge,us-east-1,us-east-1c,0.0653,20.0,3,1.5,250521-1321
c4.xlarge,us-east-1,us-east-1c,0.0708,15.0,3,2.5,250521-1321
x1e.xlarge,us-east-1,us-east-1b,0.1883,10.0,3,1.0,250521-1321
i4g.xlarge,us-east-1,us-east-1d,0.1154,5.0,3,2.5,250521-1321
c6id.2xlarge,us-east-1,us-east-1f,0.1661,1.0,3,1.0,250521-1321
m5.large,us-east-1,us-east-1d,0.0296,50.0,3,2.0,250521-1431
r6a.2xlarge,us-east-1,us-east-1f,0.1626,45.0,3,1.0,250521-1431
c6gn.medium,us-east-1,us-east-1b,0.011,40.0,3,1.5,250521-1431
r5d.xlarge,us-east-1,us-east-1d,0.1522,35.0,3,2.0,250521-1431
m7gd.xlarge,us-east-1,us-east-1b,0.1222,30.0,3,1.0,250521-1431
c7gd.medium,us-east-1,us-east-1c,0.0131,25.0,3,2.5,250521-1431
m1.large,us-east-1,us-east-1b,0.0463,20.0,3,1.0,250521-1431
m8gd.large,us-east-1,us-east-1f,0.0438,15.0,3,2.5,250521-1431
c5d.2xlarge,us-east-1,us-east-1c,0.1853,10.0,3,2.5,250521-1431
c6in.xlarge,us-east-1,us-east-1c,0.0864,5.0,3,1.5,250521-1431
r7iz.xlarge,us-east-1,us-east-1b,0.1402,1.0,3,1.0,250521-1431
m4.large,us-west-2,us-west-2c,0.0353,50.0,3,3.0,250520-1133
m7gd.medium,us-west-2,us-west-2b,0.0145,45.0,3,2.5,250520-1133
m6a.2xlarge,us-west-2,us-west-2c,0.1479,40.0,3,1.0,250520-1133
x2gd.large,us-west-2,us-west-2b,0.0491,35.0,3,3.0,250520-1133
r7a.medium,us-west-2,us-west-2c,0.0234,30.0,3,3.0,250520-1133
c6g.medium,us-west-2,us-west-2a,0.01,25.0,3,2.5,250520-1133
c7i.xlarge,us-west-2,us-west-2a,0.0779,20.0,3,1.0,250520-1133
c6gn.medium,us-west-2,us-west-2d,0.011,15.0,3,3.0,250520-1133
i2.2xlarge,us-west-2,us-west-2c,0.4447,10.0,3,1.0,250520-1133
i4g.xlarge,us-west-2,us-west-2c,0.101,5.0,3,3.0,250520-1133
c5a.2xlarge,us-west-2,us-west-2d,0.1673,1.0,3,2.5,250520-1133
r5.large,us-west-2,us-west-2b,0.0334,50.0,3,2.0,250520-1243
m7gd.medium,us-west-2,us-west-2b,0.0145,45.0,3,2.5,250520-1243
t3a.xlarge,us-west-2,us-west-2c,0.0535,40.0,3,1.0,250520-1243
c6id.2xlarge,us-west-2,us-west-2d,0.1002,35.0,3,1.0,250520-1243
m1.small,us-west-2,us-west-2a,0.0126,30.0,3,1.0,250520-1243
m6gd.2xlarge,us-west-2,us-west-2a,0.1209,25.0,3,1.0,250520-1243
c6in.2xlarge,us-west-2,us-west-2b,0.1554,20.0,3,1.5,250520-1243
c7g.xlarge,us-west-2,us-west-2d,0.0502,15.0,3,3.0,250520-1243
x2iezn.2xlarge,us-west-2,us-west-2a,0.9836,10.0,3,3.0,250520-1243
inf2.xlarge,us-west-2,us-west-2d,0.2016,5.0,3,2.5,250520-1243
i8g.xlarge,us-west-2,us-west-2a,0.0875,1.0,3,2.0,250520-1243
r8g.medium,us-west-2,us-west-2c,0.0159,50.0,3,3.0,250520-1353
m6g.large,us-west-2,us-west-2c,0.0339,45.0,3,2.0,250520-1353
r8g.2xlarge,us-west-2,us-west-2a,0.1564,40.0,3,1.5,250520-1353
r7g.large,us-west-2,us-west-2d,0.029,35.0,3,1.0,250520-1353
r5.2xlarge,us-west-2,us-west-2d,0.2691,30.0,3,1.0,250520-1353
c5n.xlarge,us-west-2,us-west-2c,0.0969,25.0,3,3.0,250520-1353
d3.2xlarge,us-west-2,us-west-2c,0.3451,20.0,3,3.0,250520-1353
m7gd.2xlarge,us-west-2,us-west-2c,0.1624,15.0,3,2.5,250520-1353
c6gd.xlarge,us-west-2,us-west-2a,0.055,10.0,3,2.5,250520-1353
x2gd.2xlarge,us-west-2,us-west-2c,0.2281,5.0,3,3.0,250520-1353
m8gd.2xlarge,us-west-2,us-west-2b,0.2205,1.0,3,3.0,250520-1353
m3.large,us-west-2,us-west-2b,0.0359,50.0,3,3.0,250520-1504
c6g.large,us-west-2,us-west-2b,0.0291,45.0,3,2.5,250520-1504
i3.2xlarge,us-west-2,us-west-2b,0.2809,40.0,3,1.0,250520-1504
m5a.xlarge,us-west-2,us-west-2a,0.0819,35.0,3,1.5,250520-1504
m1.small,us-west-2,us-west-2a,0.0126,30.0,3,1.0,250520-1504
c4.2xlarge,us-west-2,us-west-2a,0.1452,25.0,3,2.0,250520-1504
r5dn.large,us-west-2,us-west-2a,0.0553,20.0,3,3.0,250520-1504
r6id.2xlarge,us-west-2,us-west-2a,0.2909,15.0,3,1.0,250520-1504
g4ad.xlarge,us-west-2,us-west-2b,0.1337,10.0,3,3.0,250520-1504
m1.large,us-west-2,us-west-2a,0.0525,5.0,3,1.0,250520-1504
m1.xlarge,us-west-2,us-west-2a,0.1064,1.0,3,1.0,250520-1504
m5dn.large,us-west-2,us-west-2c,0.0398,50.0,3,3.0,250520-1614
r8g.2xlarge,us-west-2,us-west-2d,0.1731,45.0,3,1.5,250520-1614
c6g.medium,us-west-2,us-west-2b,0.0092,40.0,3,2.5,250520-1614
c4.xlarge,us-west-2,us-west-2b,0.0788,35.0,3,3.0,250520-1614
c7i-flex.large,us-west-2,us-west-2d,0.0246,30.0,3,3.0,250520-1614
r6gd.xlarge,us-west-2,us-west-2c,0.1442,25.0,3,1.0,250520-1614
r5a.xlarge,us-west-2,us-west-2a,0.0998,20.0,3,2.5,250520-1614
d3en.xlarge,us-west-2,us-west-2c,0.1614,15.0,3,3.0,250520-1614
m6gd.medium,us-west-2,us-west-2d,0.0126,10.0,3,1.0,250520-1614
i4g.2xlarge,us-west-2,us-west-2c,0.2298,5.0,3,1.0,250520-1614
r7g.2xlarge,us-west-2,us-west-2d,0.1456,1.0,3,2.0,250520-1614
t2.large,us-west-2,us-west-2b,0.0296,50.0,3,3.0,250520-1724
c6g.medium,us-west-2,us-west-2d,0.0096,45.0,3,2.5,250520-1724
r5d.xlarge,us-west-2,us-west-2c,0.1235,40.0,3,2.5,250520-1724
c7gd.2xlarge,us-west-2,us-west-2c,0.107,35.0,3,3.0,250520-1724
m6g.medium,us-west-2,us-west-2a,0.0133,30.0,3,3.0,250520-1724
m5n.xlarge,us-west-2,us-west-2a,0.1167,25.0,3,3.0,250520-1724
m6id.xlarge,us-west-2,us-west-2c,0.079,20.0,3,1.0,250520-1724
m6gd.large,us-west-2,us-west-2d,0.0618,15.0,3,1.0,250520-1724
m2.2xlarge,us-west-2,us-west-2a,0.1476,10.0,3,1.0,250520-1724
m6gd.medium,us-west-2,us-west-2a,0.0119,5.0,3,1.0,250520-1724
i8g.2xlarge,us-west-2,us-west-2c,0.1853,1.0,3,3.0,250520-1724
t2.small,us-west-2,us-west-2b,0.0058,50.0,3,3.0,250520-1835
c6gd.medium,us-west-2,us-west-2b,0.0105,45.0,3,3.0,250520-1835
m6a.2xlarge,us-west-2,us-west-2d,0.1472,40.0,3,1.0,250520-1835
c7gd.2xlarge,us-west-2,us-west-2c,0.107,35.0,3,3.0,250520-1835
c6a.xlarge,us-west-2,us-west-2a,0.0489,30.0,3,1.5,250520-1835
c5ad.large,us-west-2,us-west-2d,0.0266,25.0,3,2.0,250520-1835
c6g.xlarge,us-west-2,us-west-2a,0.0546,20.0,3,2.5,250520-1835
c5d.9xlarge,us-west-2,us-west-2c,0.742,15.0,3,2.0,250520-1835
c6gn.2xlarge,us-west-2,us-west-2a,0.1133,10.0,3,1.0,250520-1835
r5ad.2xlarge,us-west-2,us-west-2b,0.3761,5.0,3,3.0,250520-1835
i8g.2xlarge,us-west-2,us-west-2b,0.1764,1.0,3,3.0,250520-1835
t3.large,us-west-2,us-west-2a,0.0279,50.0,3,3.0,250520-1945
r7i.2xlarge,us-west-2,us-west-2c,0.2144,45.0,3,2.0,250520-1945
c5n.2xlarge,us-west-2,us-west-2a,0.1856,40.0,3,3.0,250520-1945
m6g.large,us-west-2,us-west-2d,0.0276,35.0,3,2.0,250520-1945
d2.xlarge,us-west-2,us-west-2d,0.1808,30.0,3,1.0,250520-1945
m8g.xlarge,us-west-2,us-west-2d,0.0675,25.0,3,1.5,250520-1945
r8g.2xlarge,us-west-2,us-west-2c,0.1638,20.0,3,1.5,250520-1945
c7i-flex.xlarge,us-west-2,us-west-2a,0.0784,15.0,3,3.0,250520-1945
m8gd.xlarge,us-west-2,us-west-2c,0.0894,10.0,3,3.0,250520-1945
c6id.large,us-west-2,us-west-2b,0.0274,5.0,3,2.0,250520-1945
i8g.xlarge,us-west-2,us-west-2d,0.0974,1.0,3,2.0,250520-1945
t4g.large,us-west-2,us-west-2b,0.024,50.0,3,1.0,250520-2055
x8g.medium,us-west-2,us-west-2c,0.0248,45.0,3,2.5,250520-2055
r3.xlarge,us-west-2,us-west-2a,0.097,40.0,3,3.0,250520-2055
t2.xlarge,us-west-2,us-west-2c,0.0921,35.0,3,3.0,250520-2055
m5dn.large,us-west-2,us-west-2a,0.0446,30.0,3,3.0,250520-2055
c5n.xlarge,us-west-2,us-west-2c,0.0977,25.0,3,3.0,250520-2055
m8g.large,us-west-2,us-west-2a,0.027,20.0,3,1.0,250520-2055
i7ie.2xlarge,us-west-2,us-west-2b,0.2907,15.0,3,3.0,250520-2055
d3.xlarge,us-west-2,us-west-2a,0.1708,10.0,3,3.0,250520-2055
i4g.2xlarge,us-west-2,us-west-2c,0.2299,5.0,3,1.0,250520-2055
vt1.6xlarge,us-west-2,us-west-2a,0.4072,1.0,3,1.0,250520-2055
t3a.small,us-west-2,us-west-2d,0.0062,50.0,3,1.5,250520-2206
i3.2xlarge,us-west-2,us-west-2d,0.3131,45.0,3,1.0,250520-2206
r5a.large,us-west-2,us-west-2b,0.084,40.0,3,3.0,250520-2206
c7a.2xlarge,us-west-2,us-west-2a,0.2429,35.0,3,1.0,250520-2206
r6gd.large,us-west-2,us-west-2b,0.0501,30.0,3,2.0,250520-2206
r7g.medium,us-west-2,us-west-2d,0.0143,25.0,3,3.0,250520-2206
inf1.2xlarge,us-west-2,us-west-2b,0.1025,20.0,3,1.0,250520-2206
m5dn.2xlarge,us-west-2,us-west-2c,0.2398,15.0,3,3.0,250520-2206
r6idn.large,us-west-2,us-west-2b,0.0649,10.0,3,2.5,250520-2206
i2.xlarge,us-west-2,us-west-2c,0.2301,5.0,3,1.0,250520-2206
x2gd.2xlarge,us-west-2,us-west-2d,0.2546,1.0,3,3.0,250520-2206
r7a.medium,us-west-2,us-west-2b,0.0265,50.0,3,3.0,250520-2316
c7g.large,us-west-2,us-west-2a,0.0292,45.0,3,2.5,250520-2316
m6a.large,us-west-2,us-west-2d,0.036,40.0,3,2.5,250520-2316
c7gd.2xlarge,us-west-2,us-west-2c,0.1084,35.0,3,3.0,250520-2316
inf1.xlarge,us-west-2,us-west-2a,0.0634,30.0,3,1.0,250520-2316
inf2.xlarge,us-west-2,us-west-2b,0.2049,25.0,3,2.5,250520-2316
c6gn.large,us-west-2,us-west-2d,0.0261,20.0,3,1.0,250520-2316
i4g.large,us-west-2,us-west-2d,0.0379,15.0,3,3.0,250520-2316
m2.2xlarge,us-west-2,us-west-2b,0.1359,10.0,3,1.0,250520-2316
m6id.xlarge,us-west-2,us-west-2d,0.0742,5.0,3,1.0,250520-2316
m4.10xlarge,us-west-2,us-west-2c,0.6559,1.0,3,1.5,250520-2316
m7i-flex.large,us-west-2,us-west-2a,0.0305,50.0,3,3.0,250521-0027
z1d.3xlarge,us-west-2,us-west-2a,0.387,45.0,3,1.0,250521-0027
g5.2xlarge,us-west-2,us-west-2c,0.4336,40.0,3,1.0,250521-0027
m7g.medium,us-west-2,us-west-2d,0.0109,35.0,3,3.0,250521-0027
r5n.large,us-west-2,us-west-2c,0.0673,30.0,3,3.0,250521-0027
m8g.2xlarge,us-west-2,us-west-2a,0.1208,25.0,3,3.0,250521-0027
r6gd.2xlarge,us-west-2,us-west-2a,0.2674,20.0,3,1.0,250521-0027
c7i.xlarge,us-west-2,us-west-2a,0.0786,15.0,3,1.0,250521-0027
c6gn.2xlarge,us-west-2,us-west-2a,0.1134,10.0,3,1.0,250521-0027
r5ad.xlarge,us-west-2,us-west-2b,0.1224,5.0,3,2.5,250521-0027
r6gd.medium,us-west-2,us-west-2d,0.0158,1.0,3,1.5,250521-0027
c7a.medium,us-west-2,us-west-2a,0.0163,50.0,3,3.0,250521-0137
t4g.large,us-west-2,us-west-2c,0.0214,45.0,3,1.0,250521-0137
i3.2xlarge,us-west-2,us-west-2d,0.3131,40.0,3,1.0,250521-0137
x8g.large,us-west-2,us-west-2a,0.0532,35.0,3,1.5,250521-0137
c5n.large,us-west-2,us-west-2a,0.0459,30.0,3,3.0,250521-0137
c5d.9xlarge,us-west-2,us-west-2c,0.7548,25.0,3,2.0,250521-0137
r8g.large,us-west-2,us-west-2a,0.0482,20.0,3,2.5,250521-0137
c7g.xlarge,us-west-2,us-west-2d,0.0499,15.0,3,3.0,250521-0137
g6.xlarge,us-west-2,us-west-2a,0.3727,10.0,3,1.0,250521-0137
r7gd.2xlarge,us-west-2,us-west-2c,0.2355,5.0,3,1.0,250521-0137
d3en.xlarge,us-west-2,us-west-2a,0.1511,1.0,3,3.0,250521-0137
r6a.large,us-west-2,us-west-2a,0.0356,50.0,3,1.5,250521-0247
m6a.large,us-west-2,us-west-2d,0.0363,45.0,3,2.5,250521-0247
c7gd.xlarge,us-west-2,us-west-2b,0.0703,40.0,3,3.0,250521-0247
c3.2xlarge,us-west-2,us-west-2b,0.1796,35.0,3,3.0,250521-0247
z1d.large,us-west-2,us-west-2a,0.0502,30.0,3,1.0,250521-0247
c5n.2xlarge,us-west-2,us-west-2c,0.1834,25.0,3,3.0,250521-0247
m5dn.xlarge,us-west-2,us-west-2c,0.126,20.0,3,3.0,250521-0247
m8g.xlarge,us-west-2,us-west-2b,0.0494,15.0,3,1.5,250521-0247
i7i.xlarge,us-west-2,us-west-2c,0.1175,10.0,3,3.0,250521-0247
r6in.2xlarge,us-west-2,us-west-2c,0.2896,5.0,3,1.5,250521-0247
c6gn.2xlarge,us-west-2,us-west-2d,0.0947,1.0,3,1.0,250521-0247
t2.small,us-west-2,us-west-2c,0.0058,50.0,3,3.0,250521-0358
m5zn.large,us-west-2,us-west-2c,0.0518,45.0,3,3.0,250521-0358
m6idn.xlarge,us-west-2,us-west-2b,0.0867,40.0,3,2.5,250521-0358
m6id.xlarge,us-west-2,us-west-2a,0.0718,35.0,3,1.0,250521-0358
r5dn.large,us-west-2,us-west-2a,0.0554,30.0,3,3.0,250521-0358
g6.2xlarge,us-west-2,us-west-2d,0.4882,25.0,3,1.0,250521-0358
c6g.medium,us-west-2,us-west-2c,0.009,20.0,3,2.5,250521-0358
im4gn.large,us-west-2,us-west-2b,0.0486,15.0,3,3.0,250521-0358
is4gen.xlarge,us-west-2,us-west-2c,0.1614,10.0,3,1.5,250521-0358
d2.xlarge,us-west-2,us-west-2b,0.1918,5.0,3,1.0,250521-0358
i7ie.6xlarge,us-west-2,us-west-2b,1.0382,1.0,3,2.5,250521-0358
m6g.large,us-west-2,us-west-2c,0.0344,50.0,3,2.0,250521-0508
t3.xlarge,us-west-2,us-west-2d,0.0623,45.0,3,2.5,250521-0508
r5d.2xlarge,us-west-2,us-west-2b,0.3139,40.0,3,1.5,250521-0508
c4.2xlarge,us-west-2,us-west-2b,0.1413,35.0,3,2.0,250521-0508
m7g.medium,us-west-2,us-west-2b,0.0176,30.0,3,3.0,250521-0508
m5zn.xlarge,us-west-2,us-west-2c,0.1469,25.0,3,3.0,250521-0508
c5d.9xlarge,us-west-2,us-west-2a,0.6934,20.0,3,2.0,250521-0508
m6id.2xlarge,us-west-2,us-west-2b,0.1599,15.0,3,1.0,250521-0508
c7a.xlarge,us-west-2,us-west-2d,0.0785,10.0,3,2.0,250521-0508
m6id.large,us-west-2,us-west-2d,0.0315,5.0,3,2.5,250521-0508
i4i.2xlarge,us-west-2,us-west-2c,0.2725,1.0,3,2.5,250521-0508
m7gd.medium,us-west-2,us-west-2c,0.0136,50.0,3,2.5,250521-0618
m6gd.large,us-west-2,us-west-2b,0.0383,45.0,3,1.0,250521-0618
i3en.xlarge,us-west-2,us-west-2d,0.1758,40.0,3,3.0,250521-0618
i7ie.xlarge,us-west-2,us-west-2b,0.1579,35.0,3,3.0,250521-0618
m8g.xlarge,us-west-2,us-west-2c,0.0541,30.0,3,1.5,250521-0618
c7g.medium,us-west-2,us-west-2c,0.0105,25.0,3,3.0,250521-0618
c8gd.xlarge,us-west-2,us-west-2a,0.0695,20.0,3,2.5,250521-0618
m6gd.2xlarge,us-west-2,us-west-2b,0.1386,15.0,3,1.0,250521-0618
is4gen.2xlarge,us-west-2,us-west-2c,0.2785,10.0,3,2.5,250521-0618
r5a.2xlarge,us-west-2,us-west-2d,0.2245,5.0,3,1.0,250521-0618
r6gd.2xlarge,us-west-2,us-west-2b,0.232,1.0,3,1.0,250521-0618
c6i.large,us-west-2,us-west-2a,0.0337,50.0,3,2.5,250521-0729
z1d.3xlarge,us-west-2,us-west-2a,0.3888,45.0,3,1.0,250521-0729
x2gd.medium,us-west-2,us-west-2d,0.0205,40.0,3,3.0,250521-0729
c5.9xlarge,us-west-2,us-west-2d,0.5041,35.0,3,2.0,250521-0729
g5.2xlarge,us-west-2,us-west-2b,0.521,30.0,3,1.0,250521-0729
r6id.2xlarge,us-west-2,us-west-2a,0.2898,25.0,3,1.0,250521-0729
i7ie.2xlarge,us-west-2,us-west-2c,0.2868,20.0,3,3.0,250521-0729
d3.xlarge,us-west-2,us-west-2a,0.1705,15.0,3,3.0,250521-0729
c6a.2xlarge,us-west-2,us-west-2d,0.1307,10.0,3,1.5,250521-0729
r7g.xlarge,us-west-2,us-west-2d,0.0832,5.0,3,1.0,250521-0729
r5dn.2xlarge,us-west-2,us-west-2d,0.4446,1.0,3,2.5,250521-0729
t2.large,us-west-2,us-west-2c,0.0369,50.0,3,3.0,250521-0839
r6a.2xlarge,us-west-2,us-west-2c,0.1937,45.0,3,1.5,250521-0839
r5d.xlarge,us-west-2,us-west-2c,0.1239,40.0,3,2.5,250521-0839
t2.xlarge,us-west-2,us-west-2c,0.0931,35.0,3,3.0,250521-0839
c5n.large,us-west-2,us-west-2a,0.0457,30.0,3,3.0,250521-0839
c7g.medium,us-west-2,us-west-2d,0.01,25.0,3,3.0,250521-0839
c6i.xlarge,us-west-2,us-west-2d,0.0471,20.0,3,1.0,250521-0839
c5n.9xlarge,us-west-2,us-west-2d,0.6114,15.0,3,1.5,250521-0839
c6gn.xlarge,us-west-2,us-west-2b,0.0582,10.0,3,2.0,250521-0839
r5a.2xlarge,us-west-2,us-west-2d,0.2245,5.0,3,1.0,250521-0839
g6e.xlarge,us-west-2,us-west-2b,0.913,1.0,3,1.0,250521-0839
m3.medium,us-west-2,us-west-2b,0.0176,50.0,3,2.5,250521-0949
c6g.2xlarge,us-west-2,us-west-2b,0.104,45.0,3,2.5,250521-0949
t4g.medium,us-west-2,us-west-2a,0.0116,40.0,3,1.0,250521-0949
inf1.2xlarge,us-west-2,us-west-2a,0.1053,35.0,3,1.0,250521-0949
z1d.large,us-west-2,us-west-2a,0.0505,30.0,3,1.0,250521-0949
m5ad.large,us-west-2,us-west-2c,0.0374,25.0,3,2.5,250521-0949
g6.2xlarge,us-west-2,us-west-2a,0.3905,20.0,3,1.0,250521-0949
x8g.large,us-west-2,us-west-2c,0.0535,15.0,3,1.5,250521-0949
d3.xlarge,us-west-2,us-west-2b,0.2155,10.0,3,3.0,250521-0949
r7gd.2xlarge,us-west-2,us-west-2a,0.2692,5.0,3,1.0,250521-0949
r8gd.2xlarge,us-west-2,us-west-2b,0.2456,1.0,3,2.5,250521-0949
t3.medium,us-west-2,us-west-2a,0.0154,50.0,3,3.0,250521-1100
m6gd.2xlarge,us-west-2,us-west-2a,0.1185,45.0,3,1.0,250521-1100
inf1.xlarge,us-west-2,us-west-2c,0.0621,40.0,3,1.0,250521-1100
m6idn.large,us-west-2,us-west-2b,0.0434,35.0,3,3.0,250521-1100
m5dn.xlarge,us-west-2,us-west-2c,0.1257,30.0,3,3.0,250521-1100
r5n.xlarge,us-west-2,us-west-2c,0.1363,25.0,3,3.0,250521-1100
c6g.medium,us-west-2,us-west-2c,0.0089,20.0,3,2.5,250521-1100
r6id.large,us-west-2,us-west-2c,0.0436,15.0,3,1.0,250521-1100
r6g.medium,us-west-2,us-west-2a,0.0166,10.0,3,1.5,250521-1100
c8g.2xlarge,us-west-2,us-west-2d,0.1173,5.0,3,1.0,250521-1100
i8g.2xlarge,us-west-2,us-west-2a,0.181,1.0,3,3.0,250521-1100
r7a.large,us-west-2,us-west-2b,0.0449,50.0,3,2.5,250521-1210
c6g.xlarge,us-west-2,us-west-2a,0.0544,45.0,3,2.0,250521-1210
inf1.xlarge,us-west-2,us-west-2c,0.0621,40.0,3,1.0,250521-1210
x2gd.large,us-west-2,us-west-2b,0.0505,35.0,3,3.0,250521-1210
c6a.large,us-west-2,us-west-2d,0.0217,30.0,3,2.5,250521-1210
c5ad.xlarge,us-west-2,us-west-2a,0.077,25.0,3,3.0,250521-1210
x2iedn.xlarge,us-west-2,us-west-2a,0.2235,20.0,3,3.0,250521-1210
im4gn.2xlarge,us-west-2,us-west-2c,0.2012,15.0,3,2.5,250521-1210
r7iz.xlarge,us-west-2,us-west-2d,0.1242,10.0,3,2.0,250521-1210
c6gn.xlarge,us-west-2,us-west-2b,0.0571,5.0,3,2.5,250521-1210
x2iezn.2xlarge,us-west-2,us-west-2c,0.8888,1.0,3,3.0,250521-1210
m7g.large,us-west-2,us-west-2a,0.029,50.0,3,1.5,250521-1320
m5a.xlarge,us-west-2,us-west-2b,0.0826,45.0,3,1.5,250521-1320
m7gd.xlarge,us-west-2,us-west-2d,0.0758,40.0,3,2.0,250521-1320
m7gd.large,us-west-2,us-west-2c,0.0424,35.0,3,3.0,250521-1320
p3.2xlarge,us-west-2,us-west-2c,0.8001,30.0,3,1.0,250521-1320
c8g.large,us-west-2,us-west-2a,0.03,25.0,3,2.5,250521-1320
c7i-flex.xlarge,us-west-2,us-west-2c,0.0864,20.0,3,3.0,250521-1320
m8g.large,us-west-2,us-west-2a,0.0268,15.0,3,1.0,250521-1320
z1d.2xlarge,us-west-2,us-west-2c,0.216,10.0,3,1.0,250521-1320
m8gd.2xlarge,us-west-2,us-west-2a,0.19,5.0,3,3.0,250521-1320
r7g.2xlarge,us-west-2,us-west-2d,0.1454,1.0,3,2.0,250521-1320
m7i.large,us-west-2,us-west-2b,0.0362,50.0,3,3.0,250521-1431
r6i.xlarge,us-west-2,us-west-2a,0.1138,45.0,3,1.0,250521-1431
c7gd.2xlarge,us-west-2,us-west-2c,0.1118,40.0,3,3.0,250521-1431
m6in.large,us-west-2,us-west-2c,0.0421,35.0,3,3.0,250521-1431
m5a.xlarge,us-west-2,us-west-2c,0.078,30.0,3,1.5,250521-1431
c5ad.xlarge,us-west-2,us-west-2a,0.077,25.0,3,3.0,250521-1431
c8g.large,us-west-2,us-west-2d,0.0234,20.0,3,2.5,250521-1431
c6g.2xlarge,us-west-2,us-west-2d,0.0945,15.0,3,2.5,250521-1431
c7a.xlarge,us-west-2,us-west-2d,0.0784,10.0,3,2.0,250521-1431
m6in.2xlarge,us-west-2,us-west-2c,0.2534,5.0,3,2.5,250521-1431
x2gd.xlarge,us-west-2,us-west-2d,0.1128,1.0,3,3.0,250521-1431
m6g.large,ap-northeast-1,ap-northeast-1c,0.0339,50.0,3,2.5,250520-1133
m3.large,ap-northeast-1,ap-northeast-1c,0.0665,45.0,3,3.0,250520-1133
r7g.large,ap-northeast-1,ap-northeast-1d,0.0531,40.0,3,2.5,250520-1133
c6g.large,ap-northeast-1,ap-northeast-1a,0.0323,35.0,3,2.5,250520-1133
m7i-flex.xlarge,ap-northeast-1,ap-northeast-1a,0.0867,30.0,3,2.5,250520-1133
r6g.medium,ap-northeast-1,ap-northeast-1d,0.0203,25.0,3,2.0,250520-1133
c7i.xlarge,ap-northeast-1,ap-northeast-1a,0.085,20.0,3,1.0,250520-1133
c6g.medium,ap-northeast-1,ap-northeast-1a,0.0165,15.0,3,3.0,250520-1133
c6gn.medium,ap-northeast-1,ap-northeast-1a,0.02,10.0,3,2.5,250520-1133
c7g.medium,ap-northeast-1,ap-northeast-1a,0.0172,5.0,3,3.0,250520-1133
z1d.2xlarge,ap-northeast-1,ap-northeast-1d,0.29,1.0,3,1.0,250520-1133
m5.large,ap-northeast-1,ap-northeast-1a,0.0385,50.0,3,1.0,250520-1243
r6i.large,ap-northeast-1,ap-northeast-1d,0.0583,45.0,3,1.5,250520-1243
r6g.2xlarge,ap-northeast-1,ap-northeast-1d,0.1662,40.0,3,3.0,250520-1243
r7a.medium,ap-northeast-1,ap-northeast-1c,0.0305,35.0,3,3.0,250520-1243
c6a.xlarge,ap-northeast-1,ap-northeast-1c,0.0821,30.0,3,1.0,250520-1243
c7gn.medium,ap-northeast-1,ap-northeast-1a,0.0282,25.0,3,2.5,250520-1243
m7g.medium,ap-northeast-1,ap-northeast-1a,0.017,20.0,3,1.5,250520-1243
m5n.xlarge,ap-northeast-1,ap-northeast-1a,0.1579,15.0,3,3.0,250520-1243
im4gn.xlarge,ap-northeast-1,ap-northeast-1d,0.1324,10.0,3,3.0,250520-1243
m6gd.2xlarge,ap-northeast-1,ap-northeast-1c,0.1465,5.0,3,1.5,250520-1243
m6gd.medium,ap-northeast-1,ap-northeast-1a,0.0207,1.0,3,2.5,250520-1243
m7i.large,ap-northeast-1,ap-northeast-1d,0.0508,50.0,3,1.5,250520-1353
c6a.xlarge,ap-northeast-1,ap-northeast-1a,0.0674,45.0,3,1.0,250520-1353
c3.large,ap-northeast-1,ap-northeast-1a,0.0454,40.0,3,2.5,250520-1353
r5ad.large,ap-northeast-1,ap-northeast-1a,0.0523,35.0,3,3.0,250520-1353
r5b.large,ap-northeast-1,ap-northeast-1a,0.0592,30.0,3,3.0,250520-1353
i7ie.xlarge,ap-northeast-1,ap-northeast-1d,0.1795,25.0,3,2.5,250520-1353
is4gen.medium,ap-northeast-1,ap-northeast-1a,0.0514,20.0,3,2.5,250520-1353
z1d.3xlarge,ap-northeast-1,ap-northeast-1a,0.4071,15.0,3,1.0,250520-1353
im4gn.xlarge,ap-northeast-1,ap-northeast-1a,0.1219,10.0,3,3.0,250520-1353
m6g.medium,ap-northeast-1,ap-northeast-1c,0.0186,5.0,3,2.0,250520-1353
r5d.xlarge,ap-northeast-1,ap-northeast-1c,0.1292,1.0,3,1.0,250520-1353
t2.small,ap-northeast-1,ap-northeast-1d,0.0098,50.0,3,3.0,250520-1504
c7i.large,ap-northeast-1,ap-northeast-1d,0.0387,45.0,3,1.0,250520-1504
c3.large,ap-northeast-1,ap-northeast-1a,0.0454,40.0,3,2.5,250520-1504
c5a.xlarge,ap-northeast-1,ap-northeast-1c,0.1065,35.0,3,3.0,250520-1504
c7g.large,ap-northeast-1,ap-northeast-1c,0.0339,30.0,3,1.0,250520-1504
x1e.xlarge,ap-northeast-1,ap-northeast-1a,0.3735,25.0,3,1.0,250520-1504
c6gn.medium,ap-northeast-1,ap-northeast-1a,0.02,20.0,3,2.5,250520-1504
m5.large,ap-northeast-1,ap-northeast-1d,0.0418,15.0,3,1.0,250520-1504
m7g.2xlarge,ap-northeast-1,ap-northeast-1a,0.218,10.0,3,1.0,250520-1504
m6g.medium,ap-northeast-1,ap-northeast-1d,0.0153,5.0,3,2.0,250520-1504
r7iz.metal-16xl,ap-northeast-1,ap-northeast-1a,2.1843,1.0,3,2.5,250520-1504
t3.xlarge,ap-northeast-1,ap-northeast-1d,0.0702,50.0,3,3.0,250520-1614
c5.2xlarge,ap-northeast-1,ap-northeast-1c,0.1582,45.0,3,1.0,250520-1614
i3en.3xlarge,ap-northeast-1,ap-northeast-1d,0.4781,40.0,3,3.0,250520-1614
m6a.2xlarge,ap-northeast-1,ap-northeast-1c,0.1946,35.0,3,1.0,250520-1614
r6a.large,ap-northeast-1,ap-northeast-1d,0.0655,30.0,3,2.0,250520-1614
r5b.large,ap-northeast-1,ap-northeast-1c,0.0645,25.0,3,3.0,250520-1614
r6a.2xlarge,ap-northeast-1,ap-northeast-1a,0.1994,20.0,3,1.0,250520-1614
c5n.large,ap-northeast-1,ap-northeast-1d,0.0466,15.0,3,3.0,250520-1614
m5zn.xlarge,ap-northeast-1,ap-northeast-1a,0.1618,10.0,3,3.0,250520-1614
c7g.2xlarge,ap-northeast-1,ap-northeast-1d,0.1464,5.0,3,1.5,250520-1614
i7ie.6xlarge,ap-northeast-1,ap-northeast-1a,1.2684,1.0,3,1.5,250520-1614
m6i.xlarge,ap-northeast-1,ap-northeast-1a,0.0819,50.0,3,1.0,250520-1725
c5a.large,ap-northeast-1,ap-northeast-1a,0.0357,45.0,3,1.5,250520-1725
r7a.medium,ap-northeast-1,ap-northeast-1d,0.0312,40.0,3,3.0,250520-1725
c6gd.2xlarge,ap-northeast-1,ap-northeast-1d,0.1225,35.0,3,1.0,250520-1725
r5b.large,ap-northeast-1,ap-northeast-1a,0.0592,30.0,3,3.0,250520-1725
c7g.large,ap-northeast-1,ap-northeast-1c,0.034,25.0,3,1.0,250520-1725
c5d.9xlarge,ap-northeast-1,ap-northeast-1c,0.7824,20.0,3,2.0,250520-1725
c6g.xlarge,ap-northeast-1,ap-northeast-1a,0.074,15.0,3,1.0,250520-1725
c4.xlarge,ap-northeast-1,ap-northeast-1c,0.0944,10.0,3,1.0,250520-1725
m6gd.large,ap-northeast-1,ap-northeast-1c,0.0347,5.0,3,3.0,250520-1725
c6id.2xlarge,ap-northeast-1,ap-northeast-1a,0.2397,1.0,3,1.0,250520-1725
c5.xlarge,ap-northeast-1,ap-northeast-1d,0.0838,50.0,3,1.5,250520-1835
m5d.xlarge,ap-northeast-1,ap-northeast-1c,0.1114,45.0,3,2.5,250520-1835
r5ad.large,ap-northeast-1,ap-northeast-1a,0.0519,40.0,3,3.0,250520-1835
m7i.2xlarge,ap-northeast-1,ap-northeast-1a,0.1791,35.0,3,1.0,250520-1835
r5n.2xlarge,ap-northeast-1,ap-northeast-1a,0.2843,30.0,3,3.0,250520-1835
r6gd.xlarge,ap-northeast-1,ap-northeast-1c,0.1037,25.0,3,3.0,250520-1835
m5n.2xlarge,ap-northeast-1,ap-northeast-1d,0.2564,20.0,3,3.0,250520-1835
r6a.xlarge,ap-northeast-1,ap-northeast-1c,0.0983,15.0,3,1.0,250520-1835
m5ad.large,ap-northeast-1,ap-northeast-1a,0.0493,10.0,3,3.0,250520-1835
c6gd.medium,ap-northeast-1,ap-northeast-1d,0.0152,5.0,3,2.5,250520-1835
r7iz.2xlarge,ap-northeast-1,ap-northeast-1c,0.3359,1.0,3,3.0,250520-1835
r5a.large,ap-northeast-1,ap-northeast-1c,0.0497,50.0,3,3.0,250520-1945
m6a.2xlarge,ap-northeast-1,ap-northeast-1a,0.1815,45.0,3,1.0,250520-1945
r7gd.large,ap-northeast-1,ap-northeast-1c,0.0529,40.0,3,3.0,250520-1945
c5n.xlarge,ap-northeast-1,ap-northeast-1a,0.1422,35.0,3,3.0,250520-1945
c5d.large,ap-northeast-1,ap-northeast-1d,0.0578,30.0,3,2.5,250520-1945
r6g.medium,ap-northeast-1,ap-northeast-1d,0.0201,25.0,3,2.0,250520-1945
c7g.large,ap-northeast-1,ap-northeast-1d,0.0351,20.0,3,1.0,250520-1945
c6g.large,ap-northeast-1,ap-northeast-1d,0.0328,15.0,3,2.5,250520-1945
m6gd.2xlarge,ap-northeast-1,ap-northeast-1a,0.1615,10.0,3,1.5,250520-1945
c6g.2xlarge,ap-northeast-1,ap-northeast-1d,0.1389,5.0,3,1.0,250520-1945
inf2.xlarge,ap-northeast-1,ap-northeast-1c,0.3626,1.0,3,2.0,250520-1945
c5.large,ap-northeast-1,ap-northeast-1d,0.0356,50.0,3,2.0,250520-2056
m5n.large,ap-northeast-1,ap-northeast-1a,0.0619,45.0,3,3.0,250520-2056
r7gd.large,ap-northeast-1,ap-northeast-1c,0.053,40.0,3,3.0,250520-2056
t4g.2xlarge,ap-northeast-1,ap-northeast-1c,0.1115,35.0,3,2.0,250520-2056
r7i.xlarge,ap-northeast-1,ap-northeast-1c,0.1473,30.0,3,2.0,250520-2056
r6g.medium,ap-northeast-1,ap-northeast-1d,0.0201,25.0,3,2.0,250520-2056
z1d.3xlarge,ap-northeast-1,ap-northeast-1a,0.4047,20.0,3,1.0,250520-2056
c5d.2xlarge,ap-northeast-1,ap-northeast-1c,0.2022,15.0,3,2.5,250520-2056
r7a.2xlarge,ap-northeast-1,ap-northeast-1c,0.2474,10.0,3,2.5,250520-2056
x1e.2xlarge,ap-northeast-1,ap-northeast-1a,0.7451,5.0,3,1.0,250520-2056
m6id.2xlarge,ap-northeast-1,ap-northeast-1d,0.2096,1.0,3,1.0,250520-2056
r5.large,ap-northeast-1,ap-northeast-1d,0.0499,50.0,3,1.0,250520-2206
c7i-flex.xlarge,ap-northeast-1,ap-northeast-1a,0.0701,45.0,3,2.5,250520-2206
i4i.xlarge,ap-northeast-1,ap-northeast-1a,0.129,40.0,3,3.0,250520-2206
r7a.medium,ap-northeast-1,ap-northeast-1c,0.0302,35.0,3,3.0,250520-2206
c8g.large,ap-northeast-1,ap-northeast-1c,0.0372,30.0,3,3.0,250520-2206
im4gn.large,ap-northeast-1,ap-northeast-1d,0.0662,25.0,3,3.0,250520-2206
c6i.xlarge,ap-northeast-1,ap-northeast-1d,0.0717,20.0,3,1.0,250520-2206
c7g.large,ap-northeast-1,ap-northeast-1c,0.034,15.0,3,1.0,250520-2206
r7gd.large,ap-northeast-1,ap-northeast-1a,0.0518,10.0,3,3.0,250520-2206
r5b.xlarge,ap-northeast-1,ap-northeast-1d,0.1449,5.0,3,3.0,250520-2206
m6idn.2xlarge,ap-northeast-1,ap-northeast-1a,0.2625,1.0,3,2.5,250520-2206
m7a.medium,ap-northeast-1,ap-northeast-1c,0.0271,50.0,3,3.0,250520-2316
r6i.large,ap-northeast-1,ap-northeast-1c,0.0534,45.0,3,1.5,250520-2316
c6i.large,ap-northeast-1,ap-northeast-1c,0.0347,40.0,3,1.0,250520-2316
c5d.large,ap-northeast-1,ap-northeast-1d,0.0578,35.0,3,2.5,250520-2316
r5b.large,ap-northeast-1,ap-northeast-1a,0.0591,30.0,3,3.0,250520-2316
m6gd.large,ap-northeast-1,ap-northeast-1a,0.0387,25.0,3,3.0,250520-2316
c7i.xlarge,ap-northeast-1,ap-northeast-1c,0.0877,20.0,3,1.0,250520-2316
m5zn.large,ap-northeast-1,ap-northeast-1c,0.0694,15.0,3,3.0,250520-2316
is4gen.large,ap-northeast-1,ap-northeast-1c,0.0977,10.0,3,3.0,250520-2316
i7ie.3xlarge,ap-northeast-1,ap-northeast-1a,0.6368,5.0,3,2.0,250520-2316
x2iezn.2xlarge,ap-northeast-1,ap-northeast-1c,0.7296,1.0,3,1.0,250520-2316
m7g.xlarge,ap-northeast-1,ap-northeast-1c,0.0742,50.0,3,2.0,250521-0027
r7i.large,ap-northeast-1,ap-northeast-1c,0.0594,45.0,3,3.0,250521-0027
r7gd.large,ap-northeast-1,ap-northeast-1c,0.0533,40.0,3,3.0,250521-0027
c3.large,ap-northeast-1,ap-northeast-1c,0.0425,35.0,3,2.5,250521-0027
c5d.large,ap-northeast-1,ap-northeast-1d,0.0578,30.0,3,2.5,250521-0027
r5a.xlarge,ap-northeast-1,ap-northeast-1c,0.112,25.0,3,3.0,250521-0027
is4gen.large,ap-northeast-1,ap-northeast-1d,0.1037,20.0,3,3.0,250521-0027
g6e.xlarge,ap-northeast-1,ap-northeast-1a,0.943,15.0,3,3.0,250521-0027
c8g.xlarge,ap-northeast-1,ap-northeast-1d,0.0824,10.0,3,3.0,250521-0027
g6.2xlarge,ap-northeast-1,ap-northeast-1a,0.5507,5.0,3,1.5,250521-0027
r6idn.large,ap-northeast-1,ap-northeast-1d,0.0795,1.0,3,3.0,250521-0027
i3en.6xlarge,ap-northeast-1,ap-northeast-1d,0.873,50.0,3,3.0,250521-0137
r7gd.medium,ap-northeast-1,ap-northeast-1c,0.0262,45.0,3,2.5,250521-0137
r7g.large,ap-northeast-1,ap-northeast-1d,0.0526,40.0,3,2.5,250521-0137
c3.large,ap-northeast-1,ap-northeast-1a,0.0456,35.0,3,2.5,250521-0137
m5d.xlarge,ap-northeast-1,ap-northeast-1a,0.1076,30.0,3,2.5,250521-0137
r5a.xlarge,ap-northeast-1,ap-northeast-1c,0.112,25.0,3,3.0,250521-0137
r6g.2xlarge,ap-northeast-1,ap-northeast-1d,0.1644,20.0,3,3.0,250521-0137
m7g.medium,ap-northeast-1,ap-northeast-1d,0.0169,15.0,3,1.5,250521-0137
m4.xlarge,ap-northeast-1,ap-northeast-1d,0.095,10.0,3,2.5,250521-0137
c6gd.large,ap-northeast-1,ap-northeast-1a,0.0322,5.0,3,1.5,250521-0137
r6idn.xlarge,ap-northeast-1,ap-northeast-1d,0.1575,1.0,3,3.0,250521-0137
m7gd.large,ap-northeast-1,ap-northeast-1a,0.042,50.0,3,3.0,250521-0248
m5zn.large,ap-northeast-1,ap-northeast-1a,0.0731,45.0,3,3.0,250521-0248
m5a.large,ap-northeast-1,ap-northeast-1d,0.0417,40.0,3,3.0,250521-0248
m5d.xlarge,ap-northeast-1,ap-northeast-1d,0.0925,35.0,3,2.5,250521-0248
r7iz.large,ap-northeast-1,ap-northeast-1c,0.0673,30.0,3,3.0,250521-0248
c7i-flex.2xlarge,ap-northeast-1,ap-northeast-1a,0.1934,25.0,3,2.5,250521-0248
m7i-flex.xlarge,ap-northeast-1,ap-northeast-1a,0.0856,20.0,3,2.5,250521-0248
c7a.large,ap-northeast-1,ap-northeast-1a,0.0518,15.0,3,2.5,250521-0248
c6gn.medium,ap-northeast-1,ap-northeast-1c,0.0161,10.0,3,2.5,250521-0248
g6e.2xlarge,ap-northeast-1,ap-northeast-1a,1.136,5.0,3,3.0,250521-0248
g6.2xlarge,ap-northeast-1,ap-northeast-1c,0.574,1.0,3,1.5,250521-0248
c7i.large,ap-northeast-1,ap-northeast-1d,0.0387,50.0,3,1.0,250521-0358
r6a.xlarge,ap-northeast-1,ap-northeast-1d,0.1107,45.0,3,1.0,250521-0358
i3en.2xlarge,ap-northeast-1,ap-northeast-1a,0.3368,40.0,3,3.0,250521-0358
r7a.medium,ap-northeast-1,ap-northeast-1d,0.0313,35.0,3,3.0,250521-0358
m3.xlarge,ap-northeast-1,ap-northeast-1c,0.1204,30.0,3,3.0,250521-0358
c7i-flex.large,ap-northeast-1,ap-northeast-1c,0.0335,25.0,3,2.0,250521-0358
r6gd.2xlarge,ap-northeast-1,ap-northeast-1d,0.1766,20.0,3,2.0,250521-0358
m6i.2xlarge,ap-northeast-1,ap-northeast-1a,0.1795,15.0,3,1.0,250521-0358
c7i.xlarge,ap-northeast-1,ap-northeast-1c,0.0868,10.0,3,1.0,250521-0358
c7i.2xlarge,ap-northeast-1,ap-northeast-1c,0.183,5.0,3,1.0,250521-0358
c6id.xlarge,ap-northeast-1,ap-northeast-1a,0.0872,1.0,3,1.0,250521-0358
t3.2xlarge,ap-northeast-1,ap-northeast-1a,0.1359,50.0,3,3.0,250521-0508
m7g.xlarge,ap-northeast-1,ap-northeast-1a,0.0838,45.0,3,2.0,250521-0508
m5a.large,ap-northeast-1,ap-northeast-1d,0.0417,40.0,3,3.0,250521-0508
r6g.2xlarge,ap-northeast-1,ap-northeast-1a,0.1798,35.0,3,3.0,250521-0508
r7a.medium,ap-northeast-1,ap-northeast-1c,0.0302,30.0,3,3.0,250521-0508
c7a.medium,ap-northeast-1,ap-northeast-1d,0.0212,25.0,3,3.0,250521-0508
r5ad.large,ap-northeast-1,ap-northeast-1a,0.0521,20.0,3,3.0,250521-0508
r5n.xlarge,ap-northeast-1,ap-northeast-1c,0.1632,15.0,3,3.0,250521-0508
r6i.2xlarge,ap-northeast-1,ap-northeast-1c,0.2147,10.0,3,2.5,250521-0508
r6gd.large,ap-northeast-1,ap-northeast-1a,0.0432,5.0,3,3.0,250521-0508
m6gd.xlarge,ap-northeast-1,ap-northeast-1d,0.0902,1.0,3,1.0,250521-0508
d2.2xlarge,ap-northeast-1,ap-northeast-1a,0.5373,50.0,3,1.0,250521-0619
r6g.2xlarge,ap-northeast-1,ap-northeast-1c,0.1787,45.0,3,3.0,250521-0619
d2.2xlarge,ap-northeast-1,ap-northeast-1d,0.5159,40.0,3,1.0,250521-0619
m5dn.large,ap-northeast-1,ap-northeast-1c,0.0596,35.0,3,3.0,250521-0619
c6a.large,ap-northeast-1,ap-northeast-1a,0.0328,30.0,3,2.5,250521-0619
c5a.xlarge,ap-northeast-1,ap-northeast-1a,0.0987,25.0,3,3.0,250521-0619
i3en.6xlarge,ap-northeast-1,ap-northeast-1c,0.9166,20.0,3,3.0,250521-0619
im4gn.xlarge,ap-northeast-1,ap-northeast-1c,0.1333,15.0,3,3.0,250521-0619
r6gd.2xlarge,ap-northeast-1,ap-northeast-1a,0.1955,10.0,3,2.0,250521-0619
t4g.2xlarge,ap-northeast-1,ap-northeast-1d,0.1161,5.0,3,2.0,250521-0619
r5d.xlarge,ap-northeast-1,ap-northeast-1c,0.1304,1.0,3,1.0,250521-0619
t4g.small,ap-northeast-1,ap-northeast-1c,0.0073,50.0,3,2.5,250521-0729
m5zn.large,ap-northeast-1,ap-northeast-1a,0.0734,45.0,3,3.0,250521-0729
m6i.xlarge,ap-northeast-1,ap-northeast-1c,0.0836,40.0,3,1.0,250521-0729
g4dn.xlarge,ap-northeast-1,ap-northeast-1c,0.232,35.0,3,2.5,250521-0729
c6g.medium,ap-northeast-1,ap-northeast-1d,0.0147,30.0,3,3.0,250521-0729
i3en.3xlarge,ap-northeast-1,ap-northeast-1a,0.4664,25.0,3,3.0,250521-0729
r5n.2xlarge,ap-northeast-1,ap-northeast-1d,0.2636,20.0,3,3.0,250521-0729
r5b.large,ap-northeast-1,ap-northeast-1d,0.0614,15.0,3,3.0,250521-0729
m7gd.2xlarge,ap-northeast-1,ap-northeast-1a,0.285,10.0,3,3.0,250521-0729
m7i.2xlarge,ap-northeast-1,ap-northeast-1c,0.1606,5.0,3,1.0,250521-0729
r5d.large,ap-northeast-1,ap-northeast-1d,0.0641,1.0,3,1.0,250521-0729
r5.2xlarge,ap-northeast-1,ap-northeast-1a,0.1953,50.0,3,2.5,250521-0839
r6g.xlarge,ap-northeast-1,ap-northeast-1d,0.0881,45.0,3,2.0,250521-0839
m7gd.xlarge,ap-northeast-1,ap-northeast-1c,0.0958,40.0,3,2.5,250521-0839
r5n.2xlarge,ap-northeast-1,ap-northeast-1c,0.2584,35.0,3,3.0,250521-0839
c6i.large,ap-northeast-1,ap-northeast-1a,0.0341,30.0,3,1.0,250521-0839
c5d.large,ap-northeast-1,ap-northeast-1d,0.0578,25.0,3,2.5,250521-0839
r8g.medium,ap-northeast-1,ap-northeast-1d,0.021,20.0,3,2.5,250521-0839
r3.large,ap-northeast-1,ap-northeast-1a,0.0616,15.0,3,3.0,250521-0839
c5n.xlarge,ap-northeast-1,ap-northeast-1d,0.1005,10.0,3,3.0,250521-0839
c7g.2xlarge,ap-northeast-1,ap-northeast-1d,0.1473,5.0,3,1.5,250521-0839
m5.large,ap-northeast-1,ap-northeast-1d,0.0408,1.0,3,1.0,250521-0839
t3a.2xlarge,ap-northeast-1,ap-northeast-1d,0.1221,50.0,3,3.0,250521-0950
c7i.large,ap-northeast-1,ap-northeast-1c,0.0365,45.0,3,1.0,250521-0950
r6g.2xlarge,ap-northeast-1,ap-northeast-1d,0.1646,40.0,3,3.0,250521-0950
m7i.xlarge,ap-northeast-1,ap-northeast-1a,0.0881,35.0,3,1.0,250521-0950
c3.large,ap-northeast-1,ap-northeast-1c,0.0427,30.0,3,2.5,250521-0950
c7i-flex.large,ap-northeast-1,ap-northeast-1d,0.0373,25.0,3,2.0,250521-0950
m5dn.large,ap-northeast-1,ap-northeast-1a,0.0618,20.0,3,3.0,250521-0950
r7i.2xlarge,ap-northeast-1,ap-northeast-1c,0.249,15.0,3,2.0,250521-0950
m7gd.2xlarge,ap-northeast-1,ap-northeast-1a,0.285,10.0,3,3.0,250521-0950
x1e.xlarge,ap-northeast-1,ap-northeast-1c,0.3533,5.0,3,1.0,250521-0950
z1d.6xlarge,ap-northeast-1,ap-northeast-1d,0.837,1.0,3,1.0,250521-0950
r6g.large,ap-northeast-1,ap-northeast-1c,0.0441,50.0,3,3.0,250521-1100
c5d.xlarge,ap-northeast-1,ap-northeast-1c,0.0862,45.0,3,1.0,250521-1100
c7a.medium,ap-northeast-1,ap-northeast-1c,0.0227,40.0,3,3.0,250521-1100
r6g.xlarge,ap-northeast-1,ap-northeast-1a,0.0854,35.0,3,2.0,250521-1100
r6i.xlarge,ap-northeast-1,ap-northeast-1a,0.1078,30.0,3,1.0,250521-1100
c6a.xlarge,ap-northeast-1,ap-northeast-1c,0.0822,25.0,3,1.0,250521-1100
m7a.xlarge,ap-northeast-1,ap-northeast-1d,0.1205,20.0,3,3.0,250521-1100
m5n.2xlarge,ap-northeast-1,ap-northeast-1d,0.2575,15.0,3,3.0,250521-1100
im4gn.xlarge,ap-northeast-1,ap-northeast-1a,0.1231,10.0,3,3.0,250521-1100
c7a.2xlarge,ap-northeast-1,ap-northeast-1c,0.2481,5.0,3,1.5,250521-1100
d3.xlarge,ap-northeast-1,ap-northeast-1c,0.2428,1.0,3,2.0,250521-1100
m7i.large,ap-northeast-1,ap-northeast-1d,0.0507,50.0,3,1.5,250521-1211
m5zn.large,ap-northeast-1,ap-northeast-1a,0.0738,45.0,3,3.0,250521-1211
c7i.large,ap-northeast-1,ap-northeast-1d,0.0386,40.0,3,1.0,250521-1211
r7g.2xlarge,ap-northeast-1,ap-northeast-1a,0.1872,35.0,3,2.5,250521-1211
c6g.medium,ap-northeast-1,ap-northeast-1d,0.0147,30.0,3,3.0,250521-1211
r7i.xlarge,ap-northeast-1,ap-northeast-1d,0.1226,25.0,3,2.0,250521-1211
r5b.large,ap-northeast-1,ap-northeast-1c,0.064,20.0,3,3.0,250521-1211
r6gd.2xlarge,ap-northeast-1,ap-northeast-1a,0.1959,15.0,3,2.0,250521-1211
m5a.2xlarge,ap-northeast-1,ap-northeast-1c,0.2184,10.0,3,3.0,250521-1211
r7iz.xlarge,ap-northeast-1,ap-northeast-1c,0.1475,5.0,3,3.0,250521-1211
m6gd.medium,ap-northeast-1,ap-northeast-1a,0.0204,1.0,3,2.5,250521-1211
m5d.large,ap-northeast-1,ap-northeast-1c,0.0486,50.0,3,3.0,250521-1321
r7gd.medium,ap-northeast-1,ap-northeast-1d,0.0249,45.0,3,2.5,250521-1321
d2.2xlarge,ap-northeast-1,ap-northeast-1d,0.5163,40.0,3,1.0,250521-1321
r5n.large,ap-northeast-1,ap-northeast-1c,0.064,35.0,3,3.0,250521-1321
m7i.xlarge,ap-northeast-1,ap-northeast-1c,0.0926,30.0,3,1.0,250521-1321
m7i-flex.xlarge,ap-northeast-1,ap-northeast-1a,0.0858,25.0,3,2.5,250521-1321
c7g.xlarge,ap-northeast-1,ap-northeast-1a,0.0825,20.0,3,1.0,250521-1321
m6id.xlarge,ap-northeast-1,ap-northeast-1a,0.1051,15.0,3,1.0,250521-1321
r5n.xlarge,ap-northeast-1,ap-northeast-1c,0.1636,10.0,3,3.0,250521-1321
c6gd.large,ap-northeast-1,ap-northeast-1a,0.0324,5.0,3,1.5,250521-1321
c5n.9xlarge,ap-northeast-1,ap-northeast-1a,1.0755,1.0,3,2.5,250521-1321
m6i.xlarge,ap-northeast-1,ap-northeast-1c,0.084,50.0,3,1.0,250521-1431
c6i.xlarge,ap-northeast-1,ap-northeast-1c,0.0805,45.0,3,1.0,250521-1431
m7gd.xlarge,ap-northeast-1,ap-northeast-1c,0.0958,40.0,3,2.5,250521-1431
t4g.2xlarge,ap-northeast-1,ap-northeast-1c,0.1097,35.0,3,2.0,250521-1431
m6a.xlarge,ap-northeast-1,ap-northeast-1d,0.0838,30.0,3,1.0,250521-1431
c5a.large,ap-northeast-1,ap-northeast-1a,0.0357,25.0,3,1.5,250521-1431
r6gd.2xlarge,ap-northeast-1,ap-northeast-1d,0.1745,20.0,3,2.0,250521-1431
im4gn.xlarge,ap-northeast-1,ap-northeast-1c,0.1331,15.0,3,3.0,250521-1431
c7g.medium,ap-northeast-1,ap-northeast-1d,0.0149,10.0,3,3.0,250521-1431
m5a.2xlarge,ap-northeast-1,ap-northeast-1d,0.1976,5.0,3,3.0,250521-1431
r5d.2xlarge,ap-northeast-1,ap-northeast-1d,0.2193,1.0,3,1.0,250521-1431
t3a.medium,eu-west-1,eu-west-1c,0.0178,50.0,3,1.5,250520-1133
r7g.medium,eu-west-1,eu-west-1a,0.0268,45.0,3,2.5,250520-1133
im4gn.2xlarge,eu-west-1,eu-west-1b,0.3595,40.0,3,3.0,250520-1133
r5n.2xlarge,eu-west-1,eu-west-1a,0.3422,35.0,3,3.0,250520-1133
i7ie.large,eu-west-1,eu-west-1c,0.1254,30.0,3,3.0,250520-1133
r7a.medium,eu-west-1,eu-west-1b,0.0381,25.0,3,3.0,250520-1133
c3.2xlarge,eu-west-1,eu-west-1a,0.2287,20.0,3,3.0,250520-1133
c7i-flex.2xlarge,eu-west-1,eu-west-1b,0.184,15.0,3,3.0,250520-1133
m1.small,eu-west-1,eu-west-1a,0.0198,10.0,3,1.0,250520-1133
g4ad.2xlarge,eu-west-1,eu-west-1c,0.2716,5.0,3,3.0,250520-1133
m7g.xlarge,eu-west-1,eu-west-1a,0.0837,1.0,3,2.5,250520-1133
r5dn.large,eu-west-1,eu-west-1a,0.083,50.0,3,3.0,250520-1243
c6g.large,eu-west-1,eu-west-1c,0.0366,45.0,3,3.0,250520-1243
im4gn.2xlarge,eu-west-1,eu-west-1b,0.3595,40.0,3,3.0,250520-1243
c6a.xlarge,eu-west-1,eu-west-1c,0.0688,35.0,3,1.0,250520-1243
m6gd.large,eu-west-1,eu-west-1c,0.0495,30.0,3,3.0,250520-1243
m3.2xlarge,eu-west-1,eu-west-1c,0.2644,25.0,3,3.0,250520-1243
is4gen.large,eu-west-1,eu-west-1c,0.1404,20.0,3,2.5,250520-1243
x2iedn.xlarge,eu-west-1,eu-west-1b,0.4616,15.0,3,2.5,250520-1243
c7a.xlarge,eu-west-1,eu-west-1a,0.1007,10.0,3,1.0,250520-1243
r7gd.xlarge,eu-west-1,eu-west-1a,0.137,5.0,3,1.5,250520-1243
d3en.6xlarge,eu-west-1,eu-west-1a,1.7093,1.0,3,2.5,250520-1243
t3.medium,eu-west-1,eu-west-1a,0.0209,50.0,3,3.0,250520-1353
r7g.medium,eu-west-1,eu-west-1a,0.0269,45.0,3,2.5,250520-1353
c6g.large,eu-west-1,eu-west-1a,0.0362,40.0,3,3.0,250520-1353
m6a.xlarge,eu-west-1,eu-west-1b,0.0902,35.0,3,2.0,250520-1353
c5a.large,eu-west-1,eu-west-1c,0.0395,30.0,3,3.0,250520-1353
c5n.2xlarge,eu-west-1,eu-west-1b,0.2122,25.0,3,3.0,250520-1353
r6i.large,eu-west-1,eu-west-1a,0.0616,20.0,3,2.5,250520-1353
m5n.large,eu-west-1,eu-west-1a,0.0621,15.0,3,3.0,250520-1353
g4ad.2xlarge,eu-west-1,eu-west-1b,0.2812,10.0,3,3.0,250520-1353
c6in.large,eu-west-1,eu-west-1a,0.0566,5.0,3,2.5,250520-1353
z1d.3xlarge,eu-west-1,eu-west-1a,0.5698,1.0,3,1.0,250520-1353
t3.medium,eu-west-1,eu-west-1b,0.02,50.0,3,3.0,250520-1504
m5ad.large,eu-west-1,eu-west-1c,0.0518,45.0,3,3.0,250520-1504
c7a.large,eu-west-1,eu-west-1b,0.046,40.0,3,2.5,250520-1504
c4.large,eu-west-1,eu-west-1c,0.0472,35.0,3,3.0,250520-1504
r6a.2xlarge,eu-west-1,eu-west-1c,0.2423,30.0,3,1.0,250520-1504
c5d.9xlarge,eu-west-1,eu-west-1c,0.9439,25.0,3,3.0,250520-1504
m7gd.large,eu-west-1,eu-west-1a,0.0546,20.0,3,2.5,250520-1504
r6id.2xlarge,eu-west-1,eu-west-1c,0.3089,15.0,3,1.0,250520-1504
c4.xlarge,eu-west-1,eu-west-1b,0.1082,10.0,3,3.0,250520-1504
m6id.2xlarge,eu-west-1,eu-west-1a,0.2308,5.0,3,1.0,250520-1504
x2iedn.xlarge,eu-west-1,eu-west-1c,0.4643,1.0,3,2.5,250520-1504
m7i.xlarge,eu-west-1,eu-west-1c,0.1006,50.0,3,2.5,250520-1614
c3.xlarge,eu-west-1,eu-west-1a,0.1038,45.0,3,3.0,250520-1614
r5a.xlarge,eu-west-1,eu-west-1a,0.1204,40.0,3,1.5,250520-1614
r5a.large,eu-west-1,eu-west-1a,0.0642,35.0,3,3.0,250520-1614
r7gd.2xlarge,eu-west-1,eu-west-1b,0.2771,30.0,3,2.5,250520-1614
c3.xlarge,eu-west-1,eu-west-1b,0.107,25.0,3,3.0,250520-1614
r3.2xlarge,eu-west-1,eu-west-1b,0.3125,20.0,3,2.5,250520-1614
m7gd.2xlarge,eu-west-1,eu-west-1b,0.2189,15.0,3,1.5,250520-1614
r3.2xlarge,eu-west-1,eu-west-1c,0.3269,10.0,3,2.5,250520-1614
c6i.2xlarge,eu-west-1,eu-west-1a,0.1545,5.0,3,1.0,250520-1614
c7g.medium,eu-west-1,eu-west-1b,0.033,1.0,3,1.0,250520-1614
t2.medium,eu-west-1,eu-west-1a,0.0229,50.0,3,3.0,250520-1724
m6a.xlarge,eu-west-1,eu-west-1b,0.0893,45.0,3,2.0,250520-1724
r5n.2xlarge,eu-west-1,eu-west-1a,0.3423,40.0,3,3.0,250520-1724
c8g.medium,eu-west-1,eu-west-1a,0.0201,35.0,3,3.0,250520-1724
m7i-flex.xlarge,eu-west-1,eu-west-1c,0.0905,30.0,3,2.0,250520-1724
r7gd.large,eu-west-1,eu-west-1c,0.0712,25.0,3,2.5,250520-1724
c5n.xlarge,eu-west-1,eu-west-1a,0.1129,20.0,3,3.0,250520-1724
x2iezn.2xlarge,eu-west-1,eu-west-1c,0.9146,15.0,3,3.0,250520-1724
i7ie.3xlarge,eu-west-1,eu-west-1b,0.7396,10.0,3,3.0,250520-1724
r5dn.xlarge,eu-west-1,eu-west-1b,0.1775,5.0,3,3.0,250520-1724
r6idn.2xlarge,eu-west-1,eu-west-1c,0.4232,1.0,3,2.5,250520-1724
c8g.medium,eu-west-1,eu-west-1b,0.0188,50.0,3,3.0,250520-1835
r7g.medium,eu-west-1,eu-west-1a,0.0269,45.0,3,2.5,250520-1835
r6i.2xlarge,eu-west-1,eu-west-1a,0.2503,40.0,3,1.0,250520-1835
c5n.large,eu-west-1,eu-west-1a,0.0565,35.0,3,3.0,250520-1835
c7i.xlarge,eu-west-1,eu-west-1b,0.0884,30.0,3,1.0,250520-1835
r6id.large,eu-west-1,eu-west-1c,0.075,25.0,3,2.0,250520-1835
c5n.2xlarge,eu-west-1,eu-west-1a,0.2263,20.0,3,3.0,250520-1835
i4i.2xlarge,eu-west-1,eu-west-1c,0.3286,15.0,3,2.5,250520-1835
c1.medium,eu-west-1,eu-west-1b,0.0656,10.0,3,1.0,250520-1835
m1.large,eu-west-1,eu-west-1a,0.0836,5.0,3,1.0,250520-1835
c7i-flex.xlarge,eu-west-1,eu-west-1a,0.0878,1.0,3,1.0,250520-1835
t2.xlarge,eu-west-1,eu-west-1a,0.0873,50.0,3,1.0,250520-1945
c3.xlarge,eu-west-1,eu-west-1a,0.1038,45.0,3,3.0,250520-1945
m7gd.large,eu-west-1,eu-west-1b,0.054,40.0,3,2.5,250520-1945
m3.xlarge,eu-west-1,eu-west-1b,0.1461,35.0,3,3.0,250520-1945
r5n.xlarge,eu-west-1,eu-west-1a,0.1692,30.0,3,3.0,250520-1945
r5a.xlarge,eu-west-1,eu-west-1c,0.1254,25.0,3,1.5,250520-1945
m5zn.large,eu-west-1,eu-west-1b,0.0822,20.0,3,2.5,250520-1945
inf2.xlarge,eu-west-1,eu-west-1a,0.404,15.0,3,2.0,250520-1945
g4ad.2xlarge,eu-west-1,eu-west-1b,0.28,10.0,3,3.0,250520-1945
m5zn.xlarge,eu-west-1,eu-west-1a,0.1921,5.0,3,3.0,250520-1945
i2.xlarge,eu-west-1,eu-west-1a,0.4274,1.0,3,1.0,250520-1945
c6a.xlarge,eu-west-1,eu-west-1a,0.0733,50.0,3,1.0,250520-2056
c6i.2xlarge,eu-west-1,eu-west-1b,0.1691,45.0,3,1.0,250520-2056
c4.xlarge,eu-west-1,eu-west-1a,0.1023,40.0,3,3.0,250520-2056
i7ie.xlarge,eu-west-1,eu-west-1a,0.2891,35.0,3,3.0,250520-2056
m5ad.large,eu-west-1,eu-west-1a,0.0563,30.0,3,3.0,250520-2056
is4gen.large,eu-west-1,eu-west-1b,0.143,25.0,3,2.5,250520-2056
c5n.xlarge,eu-west-1,eu-west-1b,0.1118,20.0,3,3.0,250520-2056
c7i-flex.large,eu-west-1,eu-west-1b,0.042,15.0,3,1.5,250520-2056
m5dn.xlarge,eu-west-1,eu-west-1b,0.213,10.0,3,3.0,250520-2056
z1d.large,eu-west-1,eu-west-1a,0.0915,5.0,3,1.0,250520-2056
m1.xlarge,eu-west-1,eu-west-1a,0.186,1.0,3,1.0,250520-2056
r5n.large,eu-west-1,eu-west-1c,0.079,50.0,3,3.0,250520-2206
c5ad.large,eu-west-1,eu-west-1a,0.0443,45.0,3,3.0,250520-2206
c5d.9xlarge,eu-west-1,eu-west-1a,0.8779,40.0,3,3.0,250520-2206
c7i-flex.2xlarge,eu-west-1,eu-west-1c,0.1547,35.0,3,3.0,250520-2206
m7gd.2xlarge,eu-west-1,eu-west-1c,0.2146,30.0,3,1.5,250520-2206
r5b.large,eu-west-1,eu-west-1a,0.0719,25.0,3,3.0,250520-2206
m7i-flex.large,eu-west-1,eu-west-1a,0.0447,20.0,3,2.5,250520-2206
c7gn.medium,eu-west-1,eu-west-1c,0.0328,15.0,3,2.5,250520-2206
i7ie.3xlarge,eu-west-1,eu-west-1b,0.7398,10.0,3,3.0,250520-2206
c5n.9xlarge,eu-west-1,eu-west-1b,1.0217,5.0,3,3.0,250520-2206
m1.xlarge,eu-west-1,eu-west-1b,0.1761,1.0,3,1.0,250520-2206
r6in.large,eu-west-1,eu-west-1b,0.0853,50.0,3,1.0,250520-2316
c7a.xlarge,eu-west-1,eu-west-1b,0.1056,45.0,3,1.0,250520-2316
c5d.9xlarge,eu-west-1,eu-west-1b,0.9051,40.0,3,3.0,250520-2316
t4g.2xlarge,eu-west-1,eu-west-1a,0.1356,35.0,3,1.0,250520-2316
r7a.large,eu-west-1,eu-west-1c,0.0749,30.0,3,2.0,250520-2316
c3.2xlarge,eu-west-1,eu-west-1a,0.2275,25.0,3,3.0,250520-2316
c3.2xlarge,eu-west-1,eu-west-1b,0.2229,20.0,3,3.0,250520-2316
i4i.large,eu-west-1,eu-west-1c,0.0846,15.0,3,3.0,250520-2316
c8g.2xlarge,eu-west-1,eu-west-1a,0.1504,10.0,3,2.0,250520-2316
r6gd.medium,eu-west-1,eu-west-1b,0.0298,5.0,3,2.5,250520-2316
r6id.2xlarge,eu-west-1,eu-west-1a,0.2985,1.0,3,1.0,250520-2316
i3.large,eu-west-1,eu-west-1c,0.0744,50.0,3,1.0,250521-0027
r5a.large,eu-west-1,eu-west-1c,0.0654,45.0,3,3.0,250521-0027
im4gn.large,eu-west-1,eu-west-1b,0.0896,40.0,3,3.0,250521-0027
d2.xlarge,eu-west-1,eu-west-1a,0.3285,35.0,3,1.0,250521-0027
m5zn.large,eu-west-1,eu-west-1c,0.085,30.0,3,2.5,250521-0027
c5ad.large,eu-west-1,eu-west-1b,0.0463,25.0,3,3.0,250521-0027
c7i.large,eu-west-1,eu-west-1b,0.0481,20.0,3,1.5,250521-0027
r5ad.large,eu-west-1,eu-west-1a,0.0732,15.0,3,3.0,250521-0027
r7a.xlarge,eu-west-1,eu-west-1c,0.1539,10.0,3,2.0,250521-0027
r6idn.large,eu-west-1,eu-west-1c,0.0959,5.0,3,3.0,250521-0027
m1.xlarge,eu-west-1,eu-west-1a,0.1864,1.0,3,1.0,250521-0027
m6a.large,eu-west-1,eu-west-1b,0.0437,50.0,3,3.0,250521-0137
c5n.2xlarge,eu-west-1,eu-west-1c,0.2309,45.0,3,3.0,250521-0137
c7i-flex.large,eu-west-1,eu-west-1a,0.0371,40.0,3,1.5,250521-0137
c7gn.large,eu-west-1,eu-west-1a,0.062,35.0,3,2.0,250521-0137
m6gd.large,eu-west-1,eu-west-1c,0.0492,30.0,3,3.0,250521-0137
m5n.large,eu-west-1,eu-west-1c,0.0623,25.0,3,3.0,250521-0137
c7a.2xlarge,eu-west-1,eu-west-1a,0.1976,20.0,3,1.0,250521-0137
r8g.large,eu-west-1,eu-west-1b,0.0562,15.0,3,2.5,250521-0137
r7a.large,eu-west-1,eu-west-1a,0.0762,10.0,3,2.0,250521-0137
m5zn.xlarge,eu-west-1,eu-west-1b,0.1684,5.0,3,3.0,250521-0137
m5n.2xlarge,eu-west-1,eu-west-1b,0.2629,1.0,3,3.0,250521-0137
r5.large,eu-west-1,eu-west-1b,0.0594,50.0,3,2.5,250521-0247
r8g.medium,eu-west-1,eu-west-1a,0.0297,45.0,3,3.0,250521-0247
im4gn.large,eu-west-1,eu-west-1b,0.0896,40.0,3,3.0,250521-0247
c6gn.large,eu-west-1,eu-west-1b,0.0484,35.0,3,2.5,250521-0247
m3.2xlarge,eu-west-1,eu-west-1c,0.2665,30.0,3,3.0,250521-0247
x2gd.large,eu-west-1,eu-west-1c,0.0921,25.0,3,3.0,250521-0247
r7gd.2xlarge,eu-west-1,eu-west-1c,0.2939,20.0,3,2.5,250521-0247
r6gd.large,eu-west-1,eu-west-1c,0.0567,15.0,3,1.5,250521-0247
r7a.2xlarge,eu-west-1,eu-west-1b,0.3348,10.0,3,2.5,250521-0247
i4i.2xlarge,eu-west-1,eu-west-1c,0.3285,5.0,3,2.5,250521-0247
z1d.xlarge,eu-west-1,eu-west-1a,0.1824,1.0,3,1.0,250521-0247
t2.small,eu-west-1,eu-west-1a,0.0113,50.0,3,3.0,250521-0358
m8g.large,eu-west-1,eu-west-1c,0.0455,45.0,3,2.5,250521-0358
c7i.large,eu-west-1,eu-west-1a,0.0432,40.0,3,1.5,250521-0358
r5n.xlarge,eu-west-1,eu-west-1a,0.1706,35.0,3,3.0,250521-0358
r5ad.2xlarge,eu-west-1,eu-west-1b,0.3428,30.0,3,3.0,250521-0358
r7i.2xlarge,eu-west-1,eu-west-1b,0.2667,25.0,3,1.0,250521-0358
r7a.large,eu-west-1,eu-west-1c,0.0749,20.0,3,2.0,250521-0358
r5d.xlarge,eu-west-1,eu-west-1b,0.1645,15.0,3,3.0,250521-0358
c6gd.xlarge,eu-west-1,eu-west-1b,0.0801,10.0,3,1.5,250521-0358
x2gd.2xlarge,eu-west-1,eu-west-1c,0.3601,5.0,3,3.0,250521-0358
r6gd.medium,eu-west-1,eu-west-1a,0.0279,1.0,3,2.5,250521-0358
m6g.xlarge,eu-west-1,eu-west-1c,0.0759,50.0,3,2.5,250521-0508
inf2.xlarge,eu-west-1,eu-west-1c,0.4238,45.0,3,2.0,250521-0508
c6i.2xlarge,eu-west-1,eu-west-1b,0.168,40.0,3,1.0,250521-0508
m5a.2xlarge,eu-west-1,eu-west-1b,0.1599,35.0,3,1.0,250521-0508
m5zn.large,eu-west-1,eu-west-1c,0.0854,30.0,3,2.5,250521-0508
im4gn.xlarge,eu-west-1,eu-west-1b,0.1861,25.0,3,3.0,250521-0508
r5b.large,eu-west-1,eu-west-1c,0.0768,20.0,3,3.0,250521-0508
i4g.large,eu-west-1,eu-west-1c,0.0728,15.0,3,2.5,250521-0508
r5a.xlarge,eu-west-1,eu-west-1c,0.1247,10.0,3,1.5,250521-0508
c8g.2xlarge,eu-west-1,eu-west-1b,0.1547,5.0,3,2.0,250521-0508
m5n.xlarge,eu-west-1,eu-west-1b,0.1322,1.0,3,3.0,250521-0508
r7i.large,eu-west-1,eu-west-1b,0.0665,50.0,3,2.0,250521-0619
m4.2xlarge,eu-west-1,eu-west-1b,0.2182,45.0,3,2.5,250521-0619
m6gd.large,eu-west-1,eu-west-1b,0.0482,40.0,3,3.0,250521-0619
c6i.2xlarge,eu-west-1,eu-west-1a,0.1538,35.0,3,1.0,250521-0619
m8g.2xlarge,eu-west-1,eu-west-1c,0.1848,30.0,3,3.0,250521-0619
c4.2xlarge,eu-west-1,eu-west-1b,0.2149,25.0,3,3.0,250521-0619
m5n.large,eu-west-1,eu-west-1a,0.0629,20.0,3,3.0,250521-0619
r6gd.large,eu-west-1,eu-west-1c,0.0567,15.0,3,1.5,250521-0619
c7gn.large,eu-west-1,eu-west-1c,0.066,10.0,3,2.0,250521-0619
r7a.xlarge,eu-west-1,eu-west-1a,0.1609,5.0,3,2.0,250521-0619
x2iezn.6xlarge,eu-west-1,eu-west-1b,2.6114,1.0,3,3.0,250521-0619
c6g.medium,eu-west-1,eu-west-1a,0.0188,50.0,3,1.0,250521-0729
m5a.large,eu-west-1,eu-west-1c,0.0452,45.0,3,3.0,250521-0729
c5ad.large,eu-west-1,eu-west-1a,0.0439,40.0,3,3.0,250521-0729
c6gn.medium,eu-west-1,eu-west-1b,0.0225,35.0,3,2.0,250521-0729
r5n.2xlarge,eu-west-1,eu-west-1c,0.3114,30.0,3,3.0,250521-0729
g5.2xlarge,eu-west-1,eu-west-1c,0.6463,25.0,3,2.5,250521-0729
t3a.xlarge,eu-west-1,eu-west-1b,0.0698,20.0,3,1.0,250521-0729
c7i.large,eu-west-1,eu-west-1a,0.0432,15.0,3,1.5,250521-0729
m2.2xlarge,eu-west-1,eu-west-1b,0.238,10.0,3,1.0,250521-0729
m5ad.xlarge,eu-west-1,eu-west-1a,0.1347,5.0,3,3.0,250521-0729
x2iedn.xlarge,eu-west-1,eu-west-1c,0.4625,1.0,3,2.5,250521-0729
t2.small,eu-west-1,eu-west-1c,0.0113,50.0,3,3.0,250521-0839
c5n.xlarge,eu-west-1,eu-west-1c,0.1124,45.0,3,3.0,250521-0839
is4gen.medium,eu-west-1,eu-west-1a,0.0721,40.0,3,2.5,250521-0839
c6gn.medium,eu-west-1,eu-west-1b,0.0225,35.0,3,2.0,250521-0839
r7gd.2xlarge,eu-west-1,eu-west-1a,0.2878,30.0,3,2.5,250521-0839
g5.2xlarge,eu-west-1,eu-west-1c,0.6463,25.0,3,2.5,250521-0839
c7i.large,eu-west-1,eu-west-1c,0.0427,20.0,3,1.5,250521-0839
c7i.xlarge,eu-west-1,eu-west-1c,0.0838,15.0,3,1.0,250521-0839
d3.xlarge,eu-west-1,eu-west-1c,0.2694,10.0,3,2.5,250521-0839
r5dn.2xlarge,eu-west-1,eu-west-1c,0.3952,5.0,3,2.5,250521-0839
r6idn.xlarge,eu-west-1,eu-west-1c,0.219,1.0,3,3.0,250521-0839
m4.xlarge,eu-west-1,eu-west-1c,0.1021,50.0,3,3.0,250521-0950
r7gd.medium,eu-west-1,eu-west-1a,0.0321,45.0,3,2.5,250521-0950
c5n.xlarge,eu-west-1,eu-west-1c,0.1127,40.0,3,3.0,250521-0950
m5n.xlarge,eu-west-1,eu-west-1a,0.1369,35.0,3,3.0,250521-0950
c4.xlarge,eu-west-1,eu-west-1a,0.1026,30.0,3,3.0,250521-0950
m8g.xlarge,eu-west-1,eu-west-1c,0.0939,25.0,3,2.5,250521-0950
c8g.xlarge,eu-west-1,eu-west-1c,0.079,20.0,3,1.0,250521-0950
c7a.large,eu-west-1,eu-west-1c,0.054,15.0,3,2.5,250521-0950
m7gd.large,eu-west-1,eu-west-1c,0.0544,10.0,3,2.5,250521-0950
r5b.2xlarge,eu-west-1,eu-west-1b,0.3676,5.0,3,3.0,250521-0950
r6gd.medium,eu-west-1,eu-west-1c,0.0303,1.0,3,2.5,250521-0950
x2gd.medium,eu-west-1,eu-west-1a,0.0453,50.0,3,3.0,250521-1100
i4i.xlarge,eu-west-1,eu-west-1a,0.1717,45.0,3,3.0,250521-1100
is4gen.medium,eu-west-1,eu-west-1a,0.0721,40.0,3,2.5,250521-1100
r7gd.medium,eu-west-1,eu-west-1c,0.0331,35.0,3,2.5,250521-1100
m7i.large,eu-west-1,eu-west-1a,0.0503,30.0,3,1.0,250521-1100
is4gen.medium,eu-west-1,eu-west-1c,0.071,25.0,3,2.5,250521-1100
r5ad.2xlarge,eu-west-1,eu-west-1b,0.3446,20.0,3,3.0,250521-1100
c5n.large,eu-west-1,eu-west-1b,0.0593,15.0,3,3.0,250521-1100
r8g.2xlarge,eu-west-1,eu-west-1c,0.3088,10.0,3,1.5,250521-1100
c6in.large,eu-west-1,eu-west-1b,0.0597,5.0,3,2.5,250521-1100
m7g.xlarge,eu-west-1,eu-west-1a,0.0839,1.0,3,2.5,250521-1100
t4g.large,eu-west-1,eu-west-1c,0.032,50.0,3,1.0,250521-1210
r8g.medium,eu-west-1,eu-west-1a,0.0296,45.0,3,3.0,250521-1210
c8g.large,eu-west-1,eu-west-1c,0.0398,40.0,3,2.5,250521-1210
m8g.2xlarge,eu-west-1,eu-west-1c,0.1851,35.0,3,3.0,250521-1210
m5ad.large,eu-west-1,eu-west-1a,0.0565,30.0,3,3.0,250521-1210
x2gd.large,eu-west-1,eu-west-1c,0.0919,25.0,3,3.0,250521-1210
c7a.medium,eu-west-1,eu-west-1b,0.0232,20.0,3,3.0,250521-1210
m5a.2xlarge,eu-west-1,eu-west-1b,0.1605,15.0,3,1.0,250521-1210
m5dn.large,eu-west-1,eu-west-1a,0.0669,10.0,3,3.0,250521-1210
c6id.large,eu-west-1,eu-west-1c,0.0502,5.0,3,2.0,250521-1210
x2gd.2xlarge,eu-west-1,eu-west-1a,0.3413,1.0,3,3.0,250521-1210
m7gd.medium,eu-west-1,eu-west-1a,0.0275,50.0,3,2.5,250521-1321
r6in.large,eu-west-1,eu-west-1c,0.0862,45.0,3,1.0,250521-1321
c6a.large,eu-west-1,eu-west-1c,0.0395,40.0,3,3.0,250521-1321
t3a.2xlarge,eu-west-1,eu-west-1c,0.1386,35.0,3,1.5,250521-1321
inf1.6xlarge,eu-west-1,eu-west-1b,0.605,30.0,3,1.0,250521-1321
c7gd.medium,eu-west-1,eu-west-1b,0.0229,25.0,3,3.0,250521-1321
c6a.2xlarge,eu-west-1,eu-west-1b,0.1455,20.0,3,2.5,250521-1321
inf2.xlarge,eu-west-1,eu-west-1a,0.4012,15.0,3,2.5,250521-1321
r6gd.large,eu-west-1,eu-west-1c,0.0569,10.0,3,1.5,250521-1321
g4ad.2xlarge,eu-west-1,eu-west-1a,0.2752,5.0,3,3.0,250521-1321
c7i-flex.xlarge,eu-west-1,eu-west-1b,0.0845,1.0,3,1.0,250521-1321
c4.large,eu-west-1,eu-west-1a,0.054,50.0,3,3.0,250521-1431
r7gd.medium,eu-west-1,eu-west-1a,0.0319,45.0,3,2.5,250521-1431
c3.xlarge,eu-west-1,eu-west-1a,0.1044,40.0,3,3.0,250521-1431
c6a.2xlarge,eu-west-1,eu-west-1c,0.1445,35.0,3,2.5,250521-1431
m7g.medium,eu-west-1,eu-west-1c,0.0209,30.0,3,2.5,250521-1431
im4gn.xlarge,eu-west-1,eu-west-1b,0.1871,25.0,3,3.0,250521-1431
c7a.xlarge,eu-west-1,eu-west-1b,0.1036,20.0,3,1.0,250521-1431
m6id.large,eu-west-1,eu-west-1b,0.0606,15.0,3,1.0,250521-1431
m7a.2xlarge,eu-west-1,eu-west-1c,0.2367,10.0,3,2.0,250521-1431
r8g.xlarge,eu-west-1,eu-west-1b,0.124,5.0,3,2.5,250521-1431
c7a.2xlarge,eu-west-1,eu-west-1a,0.1983,1.0,3,1.0,250521-1431