host_job_create_tstamp,host_job_create_partitions_time,host_job_serialize_time,func_data_size_bytes,func_module_size_bytes,host_func_upload_time,host_data_upload_time,host_job_created_time,host_status_done_tstamp,host_status_query_count,worker_start_tstamp,host_submit_tstamp,worker_cold_start,worker_func_cpu_usage,worker_func_cpu_system_time,worker_func_cpu_user_time,worker_func_sent_net_io,worker_func_recv_net_io,worker_func_rss,worker_func_vms,worker_func_uss,worker_peak_memory_start,worker_func_start_tstamp,worker_func_end_tstamp,worker_func_exec_time,func_result_size,worker_peak_memory_end,worker_end_tstamp,worker_exec_time
1748047569.938796,0.24967,0.004508,10454,1097,0.212183,0.279598,0.746126,1748047881.9033742,1,1748047581.530488,1748047570.6849895,True,"[88.6, 86.8, 88.3, 88.0, 88.2, 85.7, 88.3, 88.0]",22.98,2127.58,1321484,415241003,107634688,457932800,33767424,103137280.0,1748047582.0735164,1748047879.762443,297.6889267,0.0,1494675456.0,1748047879.9209688,298.39048076
1748047569.938796,0.24967,0.004508,10454,1097,0.212183,0.279598,0.746126,1748047881.5974526,1,1748047581.532678,1748047570.6849895,True,"[88.6, 86.7, 88.4, 88.1, 88.2, 85.7, 88.2, 88.0]",23.14,2131.7,1354607,415261272,107638784,457932800,33767424,103145472.0,1748047582.1328027,1748047880.403529,298.2707262,0.0,1494753280.0,1748047880.5462773,299.0135994
1748047569.938796,0.24967,0.004508,10454,1097,0.212183,0.279598,0.746126,1748048009.1891875,1,1748047581.535234,1748047570.6849895,True,"[73.3, 73.9, 69.1, 74.2, 75.0, 70.1, 75.4, 69.0]",25.66,2505.44,1541605,415370365,107638784,457932800,33763328,103149568.0,1748047582.0493038,1748048007.879739,425.83043528,0.0,1495977984.0,1748048007.9810872,426.44585323
1748047569.938796,0.24967,0.004508,10454,1097,0.212183,0.279598,0.746126,1748047938.8459756,1,1748047581.5384684,1748047570.6849895,True,"[87.5, 83.5, 80.9, 87.6, 89.6, 77.3, 83.4, 82.1]",24.52,2430.7,1472519,415325551,107638784,457932800,33775616,103149568.0,1748047582.0621953,1748047938.334671,356.27247572,0.0,1495519232.0,1748047938.4473424,356.90887403
1748047569.938796,0.24967,0.004508,10454,1097,0.212183,0.279598,0.746126,1748047904.175299,1,1748047581.5403948,1748047570.6849895,True,"[89.4, 85.6, 84.6, 88.9, 89.0, 82.0, 87.0, 88.8]",23.67,2259.94,1383613,415276674,107638784,457932800,33759232,103149568.0,1748047582.0718431,1748047901.7491102,319.67726707,0.0,1495412736.0,1748047901.8899226,320.34952784
1748047569.938796,0.24967,0.004508,10454,1097,0.212183,0.279598,0.746126,1748047939.1201978,1,1748047581.5432136,1748047570.6849895,True,"[87.5, 83.5, 80.9, 87.6, 89.6, 77.3, 83.4, 82.1]",24.61,2430.89,1476888,415332572,107638784,457932800,33783808,103149568.0,1748047582.1080241,1748047938.4346693,356.32664514,0.0,1493897216.0,1748047938.5399678,356.99675417
1748047569.938796,0.24967,0.004508,10454,1097,0.212183,0.279598,0.746126,1748047927.2767715,1,1748047581.5459402,1748047570.6849895,True,"[90.1, 84.1, 81.7, 88.3, 89.8, 78.9, 84.8, 83.9]",24.21,2381.64,1414963,415296313,107638784,457932800,33820672,103149568.0,1748047582.051423,1748047926.0386004,343.98717737,0.0,1493708800.0,1748047926.1808293,344.63488913
1748047569.938796,0.24967,0.004508,10454,1097,0.212183,0.279598,0.746126,1748047944.0545769,1,1748047581.567393,1748047570.6849895,True,"[86.4, 82.4, 80.1, 87.5, 88.5, 76.3, 83.4, 81.3]",24.77,2439.92,1507964,415350143,107638784,457932800,33792000,103149568.0,1748047582.0633132,1748047943.0048368,360.94152355,0.0,1495953408.0,1748047943.1087482,361.54135513
1748047569.938796,0.24967,0.004508,10454,1097,0.212183,0.279598,0.746126,1748048237.1436038,57,1748047585.216107,1748047570.6849895,True,"[71.1, 57.6, 70.9, 73.4, 70.9, 63.8, 68.7, 74.9]",25.55,3620.82,1546052,415367288,107565056,457916416,33726464,103137280.0,1748047585.7757173,1748048235.854765,650.07904768,0.0,1495744512.0,1748048235.957108,650.74100113
1748047569.938796,0.24967,0.004508,10454,1097,0.212183,0.279598,0.746126,1748047863.7703848,1,1748047585.2185488,1748047570.6849895,True,"[88.1, 87.5, 88.1, 87.1, 88.1, 87.4, 88.1, 87.2]",21.86,1985.97,1331674,415240614,107548672,457916416,33726464,103137280.0,1748047585.7793055,1748047862.8268583,277.04755282,0.0,1493938176.0,1748047862.992424,277.77387524
1748047569.938796,0.24967,0.004508,10454,1097,0.212183,0.279598,0.746126,1748048063.67097,1,1748047585.2208467,1748047570.6849895,True,"[85.2, 73.0, 88.5, 89.8, 88.4, 80.6, 89.4, 91.7]",24.22,3316.9,1421339,415294418,107565056,457916416,33722368,103137280.0,1748047585.7578049,1748048063.2035475,477.44574261,0.0,1494298624.0,1748048063.346881,478.12603426
1748047569.938796,0.24967,0.004508,10454,1097,0.212183,0.279598,0.746126,1748048085.3599079,1,1748047585.2234762,1748047570.6849895,True,"[83.7, 72.5, 87.7, 86.7, 86.8, 79.0, 87.0, 91.5]",24.53,3399.98,1452566,415312794,107565056,457916416,33771520,103141376.0,1748047585.7563717,1748048083.972403,498.21603131,0.0,1495465984.0,1748048084.0878348,498.86435866
1748047569.938796,0.24967,0.004508,10454,1097,0.212183,0.279598,0.746126,1748048121.4380934,4,1748047585.2259343,1748047570.6849895,True,"[78.2, 70.0, 86.1, 82.8, 81.2, 77.5, 83.5, 89.1]",24.94,3504.89,1512692,415348297,107565056,457916416,33783808,103137280.0,1748047585.8369842,1748048120.7064953,534.86951113,0.0,1495203840.0,1748048120.810358,535.58442378
1748047569.938796,0.24967,0.004508,10454,1097,0.212183,0.279598,0.746126,1748048007.8744996,1,1748047585.228428,1748047570.6849895,True,"[91.7, 73.8, 87.2, 91.2, 91.5, 83.3, 91.7, 91.6]",23.29,2996.94,1353895,415254113,107565056,457916416,33787904,103137280.0,1748047585.8385825,1748048007.117501,421.2789185,0.0,1495322624.0,1748048007.2618196,422.03339171
1748047569.938796,0.24967,0.004508,10454,1097,0.212183,0.279598,0.746126,1748048048.1830518,1,1748047585.2308242,1748047570.6849895,True,"[87.1, 73.8, 88.3, 89.5, 89.1, 81.8, 92.4, 91.4]",23.87,3232.85,1385390,415273207,107573248,457916416,33751040,103145472.0,1748047585.7671137,1748048046.3731902,460.60607648,0.0,1494491136.0,1748048046.5153825,461.2845583
1748047569.938796,0.24967,0.004508,10454,1097,0.212183,0.279598,0.746126,1748048117.3272326,1,1748047585.234506,1748047570.6849895,True,"[78.8, 70.4, 86.2, 83.6, 81.7, 78.0, 84.1, 90.0]",24.8,3494.35,1479129,415327612,107573248,457916416,33775616,103145472.0,1748047585.7620912,1748048115.3835778,529.62148666,0.0,1496276992.0,1748048115.487322,530.2528162
1748047569.938796,0.24967,0.004508,10454,1097,0.212183,0.279598,0.746126,1748048209.044105,44,1748047585.2528381,1748047570.6849895,True,"[66.3, 68.2, 68.4, 72.5, 66.3, 67.9, 66.7, 69.6]",27.08,3421.47,1382791,415122164,107638784,457912320,33734656,102989824.0,1748047585.8659966,1748048207.0347323,621.16873574,0.0,1495658496.0,1748048207.1374779,621.88463974
1748047569.938796,0.24967,0.004508,10454,1097,0.212183,0.279598,0.746126,1748047961.0597386,1,1748047585.2550347,1748047570.6849895,True,"[88.0, 88.0, 87.4, 87.5, 87.9, 88.1, 87.1, 87.5]",24.38,2649.08,1164029,414991244,107638784,457912320,33734656,102989824.0,1748047585.8449259,1748047958.5540478,372.70912194,0.0,1494683648.0,1748047958.7063737,373.45133901
1748047569.938796,0.24967,0.004508,10454,1097,0.212183,0.279598,0.746126,1748048050.973819,1,1748047585.257224,1748047570.6849895,True,"[82.9, 86.3, 88.5, 82.0, 82.0, 85.4, 88.1, 82.1]",25.63,3177.04,1288771,415065200,107642880,457912320,33730560,102989824.0,1748047585.8241186,1748048050.1745093,464.35039067,0.0,1494286336.0,1748048050.2904603,465.03323627
1748047569.938796,0.24967,0.004508,10454,1097,0.212183,0.279598,0.746126,1748048038.1636374,1,1748047585.2601564,1748047570.6849895,True,"[83.2, 86.8, 89.6, 83.1, 83.8, 87.1, 89.4, 82.9]",25.36,3120.68,1277040,415053405,107642880,457912320,33738752,102989824.0,1748047585.7962823,1748048036.0524304,450.2561481,0.0,1496731648.0,1748048036.1742072,450.91405082
1748047569.938796,0.24967,0.004508,10454,1097,0.212183,0.279598,0.746126,1748048120.6211884,3,1748047585.263489,1748047570.6849895,True,"[77.3, 79.5, 79.8, 75.9, 77.3, 79.1, 77.8, 73.2]",26.35,3332.53,1351017,415101072,107646976,457912320,33767424,102993920.0,1748047585.9113207,1748048118.4214196,532.51009893,0.0,1494081536.0,1748048118.5255604,533.26207137
1748047569.938796,0.24967,0.004508,10454,1097,0.212183,0.279598,0.746126,1748048071.1394556,1,1748047585.2663562,1748047570.6849895,True,"[81.2, 84.9, 87.9, 78.8, 81.1, 84.0, 85.7, 78.9]",25.88,3233.82,1319791,415082227,107651072,457912320,33783808,102998016.0,1748047585.8580108,1748048069.112739,483.25472832,0.0,1495621632.0,1748048069.2198572,483.95350099
1748047569.938796,0.24967,0.004508,10454,1097,0.212183,0.279598,0.746126,1748048009.1928484,1,1748047585.2695744,1748047570.6849895,True,"[84.2, 89.4, 88.9, 83.9, 87.2, 89.5, 88.6, 86.5]",24.99,2978.84,1226000,415026655,107651072,457912320,33767424,102998016.0,1748047585.8280778,1748048007.7302043,421.90212655,0.0,1495920640.0,1748048007.8346531,422.56507874
1748047569.938796,0.24967,0.004508,10454,1097,0.212183,0.279598,0.746126,1748047994.2095902,1,1748047585.273313,1748047570.6849895,True,"[85.3, 89.0, 88.5, 84.6, 88.5, 89.1, 88.2, 88.2]",24.75,2893.74,1195077,415009682,107651072,457912320,33714176,102998016.0,1748047585.8384256,1748047993.5149674,407.67654181,0.0,1495126016.0,1748047993.656484,408.38317084
1748047569.938796,0.24967,0.004508,10454,1097,0.212183,0.279598,0.746126,1748048008.4442074,1,1748047585.3811233,1748047570.6849895,True,"[87.9, 88.0, 87.7, 87.0, 88.2, 88.1, 88.1, 87.1]",23.62,2987.83,1227807,415023768,107614208,457916416,33665024,103137280.0,1748047585.945565,1748048006.6835036,420.73793864,0.0,1494974464.0,1748048006.8386338,421.45751047
1748047569.938796,0.24967,0.004508,10454,1097,0.212183,0.279598,0.746126,1748048063.9594529,1,1748047585.3842802,1748047570.6849895,True,"[84.0, 88.1, 88.4, 88.4, 83.3, 84.8, 84.6, 83.1]",24.75,3297.5,1352626,415096462,107618304,457916416,33652736,103137280.0,1748047585.92047,1748048062.8482227,476.92775273,0.0,1496014848.0,1748048062.9571586,477.57287836
1748047569.938796,0.24967,0.004508,10454,1097,0.212183,0.279598,0.746126,1748048120.6206312,3,1748047585.3875597,1748047570.6849895,True,"[77.1, 83.4, 85.7, 79.1, 83.1, 79.3, 79.4, 74.3]",25.6,3452.63,1415117,415134894,107622400,457916416,33624064,103137280.0,1748047585.9214346,1748048119.4959161,533.57448149,0.0,1494687744.0,1748048119.6061397,534.21858001
1748047569.938796,0.24967,0.004508,10454,1097,0.212183,0.279598,0.746126,1748048240.1783178,59,1748047585.3909817,1748047570.6849895,True,"[63.1, 68.3, 75.1, 64.7, 68.0, 64.9, 78.1, 60.8]",26.66,3572.38,1446333,415152118,107622400,457916416,33636352,103137280.0,1748047585.9707732,1748048238.2746074,652.3038342,0.0,1494401024.0,1748048238.3794928,652.98851109
1748047569.938796,0.24967,0.004508,10454,1097,0.212183,0.279598,0.746126,1748048105.5386033,1,1748047585.3946247,1748047570.6849895,True,"[78.4, 85.6, 87.5, 81.4, 83.5, 81.5, 79.6, 76.4]",25.36,3422.91,1381892,415114106,107593728,457916416,33673216,103141376.0,1748047585.9382374,1748048104.6129375,518.67470002,0.0,1494188032.0,1748048104.7222946,519.32766986
1748047569.938796,0.24967,0.004508,10454,1097,0.212183,0.279598,0.746126,1748048035.0059147,1,1748047585.39831,1748047570.6849895,True,"[88.2, 88.7, 88.4, 87.8, 83.4, 88.8, 88.8, 87.9]",24.0,3177.5,1256756,415038905,107626496,457916416,33681408,103145472.0,1748047585.9934397,1748048033.8269012,447.83346152,0.0,1493934080.0,1748048033.9685526,448.57024264
1748047569.938796,0.24967,0.004508,10454,1097,0.212183,0.279598,0.746126,1748048038.1664133,1,1748047585.433414,1748047570.6849895,True,"[88.1, 88.4, 88.4, 87.9, 83.2, 88.9, 88.8, 87.9]",24.21,3188.51,1288348,415058508,107597824,457916416,33665024,103145472.0,1748047585.9722815,1748048035.676612,449.70433044,0.0,1493626880.0,1748048035.8246534,450.3912394
1748047569.938796,0.24967,0.004508,10454,1097,0.212183,0.279598,0.746126,1748048037.8645885,1,1748047585.4341352,1748047570.6849895,True,"[88.2, 88.3, 88.4, 87.9, 83.1, 88.8, 88.8, 87.8]",24.35,3190.8,1319164,415076248,107630592,457916416,33685504,103145472.0,1748047586.0118403,1748048036.1768796,450.1650393,0.0,1494999040.0,1748048036.3232794,450.88914418
1748047569.938796,0.24967,0.004508,10454,1097,0.212183,0.279598,0.746126,1748048014.3128817,1,1748047585.4197924,1748047570.6849895,True,"[77.8, 90.2, 82.4, 89.7, 81.9, 83.6, 84.8, 89.7]",25.2,2941.42,1404614,415186363,107663360,457916416,33763328,103038976.0,1748047586.013714,1748048012.550828,426.5371139,0.0,1493942272.0,1748048012.6941547,427.27436233
1748047569.938796,0.24967,0.004508,10454,1097,0.212183,0.279598,0.746126,1748047982.7555068,1,1748047585.4223802,1748047570.6849895,True,"[79.7, 89.7, 86.2, 89.0, 84.7, 89.7, 86.2, 88.9]",24.58,2785.95,1375213,415179943,107667456,457916416,33763328,103038976.0,1748047585.9844174,1748047981.5138235,395.52940607,0.0,1495134208.0,1748047981.6571593,396.23477912
1748047569.938796,0.24967,0.004508,10454,1097,0.212183,0.279598,0.746126,1748048174.125296,28,1748047585.4251528,1748047570.6849895,True,"[66.1, 68.6, 66.3, 79.7, 67.5, 66.8, 68.4, 78.2]",27.5,3330.86,1531342,415271924,107663360,457916416,33771520,103038976.0,1748047585.9847262,1748048172.654293,586.66956687,0.0,1495695360.0,1748048172.7583556,587.33320284
1748047569.938796,0.24967,0.004508,10454,1097,0.212183,0.279598,0.746126,1748047951.8361757,1,1748047585.4281867,1748047570.6849895,True,"[81.9, 88.8, 89.5, 88.0, 87.8, 88.9, 88.9, 88.0]",24.1,2598.11,1343900,415161149,107671552,457916416,33738752,103043072.0,1748047585.9553826,1748047950.2552226,364.29983997,0.0,1495162880.0,1748047950.398872,364.97068524
1748047569.938796,0.24967,0.004508,10454,1097,0.212183,0.279598,0.746126,1748047920.1135817,1,1748047585.4311185,1748047570.6849895,True,"[88.2, 87.8, 88.6, 86.9, 87.8, 87.8, 87.9, 86.9]",23.55,2382.43,1297895,415125606,107671552,457916416,33767424,103030784.0,1748047586.102137,1748047919.4170015,333.3148644,0.0,1495445504.0,1748047919.59113,334.16001153
1748047569.938796,0.24967,0.004508,10454,1097,0.212183,0.279598,0.746126,1748048082.6057842,1,1748047585.4345217,1748047570.6849895,True,"[75.9, 80.8, 77.8, 86.2, 75.6, 78.8, 80.3, 82.5]",26.35,3190.58,1453958,415218262,107675648,457916416,33775616,103038976.0,1748047586.0335467,1748048080.160098,494.12655139,0.0,1494745088.0,1748048080.2645864,494.83006477
1748047569.938796,0.24967,0.004508,10454,1097,0.212183,0.279598,0.746126,1748048129.273871,8,1748047585.4388192,1748047570.6849895,True,"[71.6, 74.3, 71.8, 82.9, 73.2, 72.4, 74.1, 79.9]",26.91,3285.02,1485100,415236303,107675648,457916416,33722368,103047168.0,1748047586.0605884,1748048127.1761997,541.11561131,0.0,1494921216.0,1748048127.2801027,541.84128356
1748047569.938796,0.24967,0.004508,10454,1097,0.212183,0.279598,0.746126,1748048058.7488253,1,1748047585.4430234,1748047570.6849895,True,"[77.1, 84.4, 79.2, 88.8, 77.0, 82.2, 81.6, 83.0]",25.94,3125.2,1422805,415200698,107675648,457916416,33730560,103047168.0,1748047586.0486858,1748048058.3995814,472.35089564,0.0,1495347200.0,1748048058.515274,473.0722506
1748047569.938796,0.24967,0.004508,10454,1097,0.212183,0.279598,0.746126,1748047968.3257544,1,1748047585.4173813,1748047570.6849895,True,"[85.0, 88.3, 87.6, 88.3, 87.8, 88.4, 88.0, 88.2]",21.37,2704.28,1148257,414921409,107773952,457916416,33714176,103153664.0,1748047585.9309616,1748047965.9412403,380.0102787,0.0,1495801856.0,1748047966.0842063,380.66682506
1748047569.938796,0.24967,0.004508,10454,1097,0.212183,0.279598,0.746126,1748048032.1994965,1,1748047585.4200804,1748047570.6849895,True,"[87.1, 82.8, 83.6, 82.5, 89.6, 83.0, 84.2, 83.0]",22.15,3037.31,1212661,414959324,107773952,457916416,33730560,103153664.0,1748047585.9488745,1748048029.8335547,443.88468027,0.0,1496006656.0,1748048029.976354,444.55627346
1748047569.938796,0.24967,0.004508,10454,1097,0.212183,0.279598,0.746126,1748048275.5277731,75,1748047585.4227216,1748047570.6849895,True,"[61.4, 57.1, 64.7, 67.4, 70.6, 55.5, 60.9, 75.0]",24.45,3560.66,1304268,415012839,107773952,457916416,33718272,103153664.0,1748047585.9578269,1748048273.8235724,687.86574554,0.0,1494917120.0,1748048273.9273474,688.5046258
1748047569.938796,0.24967,0.004508,10454,1097,0.212183,0.279598,0.746126,1748048278.5045137,77,1748047585.424749,1748047570.6849895,True,"[61.2, 56.9, 64.5, 67.5, 70.3, 55.3, 60.7, 74.7]",24.57,3563.1,1335422,415031938,107773952,457916416,33742848,103153664.0,1748047585.9753702,1748048276.4403727,690.46500254,0.0,1496494080.0,1748048276.5447724,691.12002349
1748047569.938796,0.24967,0.004508,10454,1097,0.212183,0.279598,0.746126,1748047948.9699678,1,1748047585.4282153,1748047570.6849895,True,"[88.2, 87.8, 87.0, 87.7, 88.0, 87.8, 87.5, 87.6]",21.05,2581.4,1114997,414900593,107773952,457916416,33710080,103153664.0,1748047585.9362624,1748047948.3736086,362.43734622,0.0,1495810048.0,1748047948.5260572,363.09784198
1748047569.938796,0.24967,0.004508,10454,1097,0.212183,0.279598,0.746126,1748048041.0381565,1,1748047585.4310334,1748047570.6849895,True,"[85.7, 82.4, 83.0, 82.9, 89.4, 82.0, 83.5, 81.3]",22.34,3074.47,1239411,414973749,107773952,457916416,33726464,103153664.0,1748047585.9379985,1748048039.1649988,453.22700024,0.0,1495896064.0,1748048039.2957742,453.86474085
1748047569.938796,0.24967,0.004508,10454,1097,0.212183,0.279598,0.746126,1748048055.9887402,1,1748047585.4343517,1748047570.6849895,True,"[84.3, 79.7, 82.3, 81.7, 88.3, 79.3, 82.0, 80.4]",22.65,3121.02,1272772,414993662,107778048,457916416,33722368,103157760.0,1748047585.9433947,1748048054.6928813,468.74948668,0.0,1494540288.0,1748048054.798347,469.36399531
1748047569.938796,0.24967,0.004508,10454,1097,0.212183,0.279598,0.746126,1748047979.929332,1,1748047585.4382107,1748047570.6849895,True,"[85.5, 86.0, 88.0, 87.2, 88.2, 88.1, 88.4, 86.6]",21.56,2784.54,1177087,414936290,107778048,457916416,33722368,103157760.0,1748047586.0331972,1748047979.3343782,393.30118108,0.0,1494544384.0,1748047979.4759743,394.0377636
1748048279.3926806,0.128557,0.008135,10454,1066,0.264606,0.519291,0.920829,1748048306.0034149,25,1748048282.4460063,1748048280.31358,True,"[84.5, 85.7, 83.5, 86.2, 84.5, 86.3, 85.7, 85.8]",36.94,3568.72,1440266,414710832,107745280,457920512,33705984,103161856.0,1748048282.9794698,1748048305.1190197,22.13954997,0.0,2053926912.0,1748048305.212477,22.76647067
1748048279.3926806,0.128557,0.008135,10454,1066,0.264606,0.519291,0.920829,1748048305.9973798,25,1748048282.4485373,1748048280.31358,True,"[84.5, 85.7, 83.6, 86.2, 84.4, 86.4, 85.7, 85.8]",36.96,3568.74,1427058,414713501,107728896,457920512,33689600,103165952.0,1748048282.988123,1748048305.1361094,22.14798641,0.0,2053591040.0,1748048305.231712,22.78317475
1748048279.3926806,0.128557,0.008135,10454,1066,0.264606,0.519291,0.920829,1748048304.399543,23,1748048282.4512277,1748048280.31358,True,"[87.2, 85.7, 86.0, 86.6, 85.5, 85.8, 87.1, 86.1]",35.81,3564.94,1077178,414610663,107745280,457920512,33701888,103161856.0,1748048282.9620545,1748048304.152314,21.19025946,0.0,2054017024.0,1748048304.2538373,21.80260968
1748048279.3926806,0.128557,0.008135,10454,1066,0.264606,0.519291,0.920829,1748048305.2003038,24,1748048282.4540932,1748048280.31358,True,"[86.1, 86.0, 85.0, 86.7, 84.9, 86.1, 87.1, 86.4]",36.28,3567.82,1200249,414656737,107741184,457920512,33705984,103165952.0,1748048282.9632335,1748048304.7112916,21.74805808,0.0,2053849088.0,1748048304.7938228,22.33972955
1748048279.3926806,0.128557,0.008135,10454,1066,0.264606,0.519291,0.920829,1748048305.9983516,25,1748048282.4571686,1748048280.31358,True,"[84.5, 85.7, 83.5, 86.2, 84.4, 86.4, 85.6, 85.7]",36.99,3568.78,1433519,414720736,107745280,457920512,33697792,103165952.0,1748048283.0207176,1748048305.1431293,22.12241173,0.0,2053693440.0,1748048305.250165,22.79299641
1748048279.3926806,0.128557,0.008135,10454,1066,0.264606,0.519291,0.920829,1748048305.2010179,24,1748048282.4598024,1748048280.31358,True,"[85.6, 86.1, 84.5, 86.7, 85.0, 86.2, 86.7, 86.5]",36.58,3568.18,1255254,414665631,107745280,457920512,33701888,103161856.0,1748048282.9707,1748048304.8138306,21.84313059,0.0,2052788224.0,1748048304.9283345,22.46853209
1748048279.3926806,0.128557,0.008135,10454,1066,0.264606,0.519291,0.920829,1748048306.0052488,25,1748048282.462738,1748048280.31358,True,"[83.4, 85.3, 82.6, 85.2, 83.3, 85.4, 84.5, 84.6]",37.11,3568.91,1497473,414741111,107749376,457920512,33718272,103165952.0,1748048282.9981546,1748048305.4751456,22.47699094,0.0,2054049792.0,1748048305.5465384,23.08380032
1748048279.3926806,0.128557,0.008135,10454,1066,0.264606,0.519291,0.920829,1748048305.210797,24,1748048282.4666696,1748048280.31358,True,"[86.7, 85.8, 85.3, 86.8, 85.5, 86.0, 87.3, 86.3]",36.1,3566.85,1136721,414627990,107749376,457920512,33718272,103170048.0,1748048282.979631,1748048304.478615,21.4989841,0.0,2053726208.0,1748048304.589149,22.12247944
1748048279.3926806,0.128557,0.008135,10454,1066,0.264606,0.519291,0.920829,1748048306.7959874,26,1748048282.472755,1748048280.31358,True,"[86.6, 86.4, 84.4, 85.4, 83.9, 86.3, 85.9, 85.6]",34.12,3714.86,1592626,415095338,107773952,457916416,33738752,103153664.0,1748048282.9784584,1748048305.824959,22.84650064,0.0,2054443008.0,1748048305.9076934,23.43493843
1748048279.3926806,0.128557,0.008135,10454,1066,0.264606,0.519291,0.920829,1748048305.9948137,25,1748048282.4753795,1748048280.31358,True,"[86.7, 86.8, 84.8, 85.8, 84.4, 86.5, 86.3, 85.7]",33.89,3714.76,1567330,415051043,107737088,457916416,33681408,103153664.0,1748048283.04016,1748048305.706431,22.66627097,0.0,2053955584.0,1748048305.7910454,23.31566596
1748048279.3926806,0.128557,0.008135,10454,1066,0.264606,0.519291,0.920829,1748048305.998776,25,1748048282.4782696,1748048280.31358,True,"[87.0, 86.7, 85.1, 86.0, 84.4, 86.7, 86.5, 86.1]",33.63,3714.59,1358351,415023061,107773952,457916416,33705984,103153664.0,1748048282.995921,1748048305.5541806,22.55825973,0.0,2053509120.0,1748048305.6759174,23.19764781
1748048279.3926806,0.128557,0.008135,10454,1066,0.264606,0.519291,0.920829,1748048305.996718,25,1748048282.4817314,1748048280.31358,True,"[86.6, 86.7, 84.7, 85.6, 84.2, 86.6, 86.2, 85.6]",34.01,3714.81,1577854,415069110,107745280,457916416,33718272,103153664.0,1748048283.0011826,1748048305.7399895,22.73880696,0.0,2054795264.0,1748048305.8464537,23.36472225
1748048279.3926806,0.128557,0.008135,10454,1066,0.264606,0.519291,0.920829,1748048306.7797985,26,1748048282.4846938,1748048280.31358,True,"[86.2, 86.3, 84.0, 85.0, 83.5, 85.9, 85.5, 85.2]",34.21,3714.88,1646782,415097927,107773952,457916416,33710080,103153664.0,1748048283.005874,1748048305.9576771,22.95180321,0.0,2054139904.0,1748048306.0290956,23.54440188
1748048279.3926806,0.128557,0.008135,10454,1066,0.264606,0.519291,0.920829,1748048305.9992907,25,1748048282.4878316,1748048280.31358,True,"[87.0, 86.6, 85.3, 85.8, 85.3, 86.6, 87.2, 86.1]",33.23,3713.67,1293341,414992932,107773952,457916416,33714176,103157760.0,1748048283.0194452,1748048305.325352,22.30590677,0.0,2055360512.0,1748048305.4460106,22.958179
1748048279.3926806,0.128557,0.008135,10454,1066,0.264606,0.519291,0.920829,1748048306.001437,25,1748048282.4920213,1748048280.31358,True,"[86.6, 86.8, 84.7, 85.6, 84.2, 86.5, 86.3, 85.6]",33.97,3714.78,1573797,415059643,107778048,457916416,33726464,103157760.0,1748048283.0234983,1748048305.7405264,22.71702814,0.0,2054164480.0,1748048305.8251104,23.33308911
1748048279.3926806,0.128557,0.008135,10454,1066,0.264606,0.519291,0.920829,1748048305.9941182,25,1748048282.5256095,1748048280.31358,True,"[86.7, 86.4, 86.1, 85.6, 85.9, 86.4, 87.0, 85.9]",32.88,3711.49,1228599,414965564,107778048,457916416,33734656,103157760.0,1748048283.0174685,1748048304.9363072,21.91883874,0.0,2055143424.0,1748048305.0669165,22.54130697
1748048279.3926806,0.128557,0.008135,10454,1066,0.264606,0.519291,0.920829,1748048305.2042856,24,1748048282.4750154,1748048280.31358,True,"[85.5, 86.4, 87.2, 86.4, 86.0, 84.5, 87.6, 86.6]",38.31,2656.01,1277417,414868233,107622400,457916416,33673216,103137280.0,1748048282.998813,1748048304.7076094,21.7087965,0.0,2054242304.0,1748048304.8276803,22.35266495
1748048279.3926806,0.128557,0.008135,10454,1066,0.264606,0.519291,0.920829,1748048305.203881,24,1748048282.4775186,1748048280.31358,True,"[85.6, 86.4, 87.3, 86.3, 85.8, 84.5, 87.7, 86.7]",38.48,2656.26,1281463,414875537,107622400,457916416,33669120,103137280.0,1748048283.0006156,1748048304.7763531,21.77573752,0.0,2054045696.0,1748048304.8891037,22.41158509
1748048279.3926806,0.128557,0.008135,10454,1066,0.264606,0.519291,0.920829,1748048305.2061915,24,1748048282.4801815,1748048280.31358,True,"[85.4, 86.4, 87.2, 86.5, 85.9, 84.4, 87.6, 86.6]",38.12,2655.71,1274907,414860133,107622400,457916416,33685504,103137280.0,1748048282.9805996,1748048304.6490307,21.66843104,0.0,2053722112.0,1748048304.7579157,22.27773428
1748048279.3926806,0.128557,0.008135,10454,1066,0.264606,0.519291,0.920829,1748048305.9927382,25,1748048282.4825838,1748048280.31358,True,"[83.7, 84.3, 86.2, 84.0, 84.3, 84.3, 85.9, 84.2]",39.14,2657.39,1574111,414961479,107622400,457916416,33697792,103137280.0,1748048283.0998838,1748048305.521003,22.42111921,0.0,2054742016.0,1748048305.5965881,23.11400437
1748048279.3926806,0.128557,0.008135,10454,1066,0.264606,0.519291,0.920829,1748048306.0026333,25,1748048282.4854288,1748048280.31358,True,"[83.7, 84.2, 86.2, 84.1, 84.2, 84.3, 85.9, 84.1]",39.15,2657.41,1576073,414967300,107622400,457916416,33648640,103137280.0,1748048283.0616333,1748048305.5411496,22.47951627,0.0,2053877760.0,1748048305.6149998,23.12957096
1748048279.3926806,0.128557,0.008135,10454,1066,0.264606,0.519291,0.920829,1748048305.9957483,25,1748048282.4889789,1748048280.31358,True,"[85.2, 85.5, 87.5, 85.2, 85.7, 84.7, 86.7, 85.6]",38.83,2657.01,1459438,414930508,107622400,457916416,33656832,103141376.0,1748048283.0741212,1748048305.115522,22.04140067,0.0,2054598656.0,1748048305.1922367,22.7032578
1748048279.3926806,0.128557,0.008135,10454,1066,0.264606,0.519291,0.920829,1748048305.2072651,24,1748048282.49186,1748048280.31358,True,"[85.6, 85.8, 87.4, 85.7, 85.8, 84.6, 87.2, 86.2]",38.71,2656.7,1446138,414911116,107626496,457916416,33648640,103141376.0,1748048283.0136306,1748048304.9478724,21.93424177,0.0,2055569408.0,1748048305.053995,22.56213498
1748048279.3926806,0.128557,0.008135,10454,1066,0.264606,0.519291,0.920829,1748048305.2030258,24,1748048282.495373,1748048280.31358,True,"[85.5, 85.8, 87.4, 85.6, 85.9, 84.7, 87.1, 86.1]",38.75,2656.77,1447434,414914809,107626496,457916416,33619968,103141376.0,1748048282.9997494,1748048304.987935,21.98818564,0.0,2054705152.0,1748048305.0817952,22.5864222
1748048279.3926806,0.128557,0.008135,10454,1066,0.264606,0.519291,0.920829,1748048305.2051935,24,1748048282.4861593,1748048280.31358,True,"[86.0, 85.7, 86.0, 84.7, 85.3, 86.9, 85.8, 86.9]",34.43,3766.86,1363548,414990569,107769856,457916416,33742848,102920192.0,1748048282.988339,1748048304.759,21.77066112,0.0,2053406720.0,1748048304.8746305,22.38847113
1748048279.3926806,0.128557,0.008135,10454,1066,0.264606,0.519291,0.920829,1748048305.20358,24,1748048282.4887466,1748048280.31358,True,"[85.5, 85.2, 85.8, 84.3, 85.4, 86.5, 85.3, 86.8]",34.77,3767.32,1535023,415036269,107765760,457916416,33746944,102920192.0,1748048283.0890532,1748048304.9831197,21.89406657,0.0,2053857280.0,1748048305.0651073,22.5763607
1748048279.3926806,0.128557,0.008135,10454,1066,0.264606,0.519291,0.920829,1748048305.204652,24,1748048282.4916518,1748048280.31358,True,"[85.8, 85.7, 85.9, 84.4, 85.4, 87.0, 85.7, 86.9]",34.59,3767.1,1374173,415006576,107794432,457916416,33693696,102920192.0,1748048283.0531409,1748048304.8611994,21.8080585,0.0,2053771264.0,1748048304.9533002,22.46164846
1748048279.3926806,0.128557,0.008135,10454,1066,0.264606,0.519291,0.920829,1748048305.2083309,24,1748048282.4946108,1748048280.31358,True,"[86.7, 86.4, 85.8, 85.2, 85.3, 87.4, 85.6, 86.7]",33.96,3765.36,1249166,414955177,107794432,457916416,33705984,102920192.0,1748048283.0083978,1748048304.4073377,21.39893985,0.0,2054680576.0,1748048304.5210462,22.02643538
1748048279.3926806,0.128557,0.008135,10454,1066,0.264606,0.519291,0.920829,1748048305.2077663,24,1748048282.4984026,1748048280.31358,True,"[86.8, 86.4, 85.8, 85.2, 85.2, 87.4, 85.6, 86.7]",34.05,3765.65,1243719,414953108,107794432,457916416,33673216,102920192.0,1748048283.033209,1748048304.4677703,21.43456125,0.0,2052808704.0,1748048304.577354,22.07895136
1748048279.3926806,0.128557,0.008135,10454,1066,0.264606,0.519291,0.920829,1748048305.993592,25,1748048282.5011475,1748048280.31358,True,"[84.9, 84.4, 84.9, 83.6, 84.3, 85.4, 84.1, 85.6]",35.06,3767.49,1607820,415071998,107798528,457916416,33722368,102924288.0,1748048283.1020603,1748048305.320487,22.2184267,0.0,2052939776.0,1748048305.3912458,22.89009833
1748048279.3926806,0.128557,0.008135,10454,1066,0.264606,0.519291,0.920829,1748048306.004169,25,1748048282.505101,1748048280.31358,True,"[85.5, 85.2, 85.5, 84.4, 85.1, 86.3, 85.0, 86.4]",34.95,3767.42,1542384,415046375,107798528,457916416,33726464,102924288.0,1748048283.0535405,1748048305.0840487,22.03050828,0.0,2054062080.0,1748048305.1653192,22.66021824
1748048279.3926806,0.128557,0.008135,10454,1066,0.264606,0.519291,0.920829,1748048305.9961853,25,1748048282.5081007,1748048280.31358,True,"[85.6, 85.2, 85.6, 84.3, 85.2, 86.3, 85.0, 86.5]",34.91,3767.38,1539135,415042383,107798528,457916416,33689600,102924288.0,1748048283.0556166,1748048305.062282,22.00666547,0.0,2054508544.0,1748048305.1408212,22.63272047
1748048279.3926806,0.128557,0.008135,10454,1066,0.264606,0.519291,0.920829,1748048309.1139529,29,1748048282.5509243,1748048280.31358,True,"[84.5, 84.6, 84.1, 85.2, 84.8, 84.8, 84.9, 84.9]",36.79,3738.83,1615910,415071845,107548672,457920512,33746944,103124992.0,1748048283.118603,1748048308.2808108,25.16220784,0.0,2053259264.0,1748048308.376513,25.8255887
1748048279.3926806,0.128557,0.008135,10454,1066,0.264606,0.519291,0.920829,1748048307.6556416,27,1748048282.5541124,1748048280.31358,True,"[86.9, 85.9, 86.5, 86.1, 86.9, 87.2, 85.9, 85.6]",35.51,3735.23,1208712,414949961,107503616,457920512,33693696,103129088.0,1748048283.0677032,1748048307.0403914,23.9726882,0.0,2054066176.0,1748048307.1728868,24.61877441
1748048279.3926806,0.128557,0.008135,10454,1066,0.264606,0.519291,0.920829,1748048308.4197283,28,1748048282.5567026,1748048280.31358,True,"[84.6, 84.6, 84.2, 85.3, 84.9, 84.8, 84.9, 85.0]",36.77,3738.81,1604967,415066046,107581440,457920512,33722368,103129088.0,1748048283.1584773,1748048308.2613218,25.10284448,0.0,2053914624.0,1748048308.3580341,25.80133152
1748048279.3926806,0.128557,0.008135,10454,1066,0.264606,0.519291,0.920829,1748048308.4193408,28,1748048282.5605116,1748048280.31358,True,"[85.9, 86.0, 85.2, 86.3, 86.1, 85.2, 85.8, 86.0]",36.47,3738.41,1494811,415032409,107581440,457920512,33701888,103129088.0,1748048283.050498,1748048307.8593557,24.80885768,0.0,2054565888.0,1748048307.9494276,25.38891602
1748048279.3926806,0.128557,0.008135,10454,1066,0.264606,0.519291,0.920829,1748048308.412797,28,1748048282.5632584,1748048280.31358,True,"[86.2, 86.3, 85.1, 86.2, 86.4, 85.2, 86.1, 86.0]",36.24,3738.22,1483468,415019972,107585536,457920512,33742848,103137280.0,1748048283.1225643,1748048307.7392163,24.61665201,0.0,2052513792.0,1748048307.852533,25.28927469
1748048279.3926806,0.128557,0.008135,10454,1066,0.264606,0.519291,0.920829,1748048307.6568692,27,1748048282.5673263,1748048280.31358,True,"[86.9, 86.1, 86.3, 86.3, 86.9, 86.3, 86.1, 85.8]",35.92,3736.92,1313945,414979948,107585536,457920512,33734656,103014400.0,1748048283.1317554,1748048307.3784409,24.2466855,0.0,2055245824.0,1748048307.5060396,24.93871331
1748048279.3926806,0.128557,0.008135,10454,1066,0.264606,0.519291,0.920829,1748048307.6585703,27,1748048282.5707061,1748048280.31358,True,"[87.0, 86.0, 86.3, 86.2, 86.9, 86.5, 86.1, 85.8]",35.81,3736.71,1307426,414971410,107585536,457920512,33718272,103002112.0,1748048283.1458132,1748048307.334456,24.18864274,0.0,2054205440.0,1748048307.4473255,24.87661934
1748048279.3926806,0.128557,0.008135,10454,1066,0.264606,0.519291,0.920829,1748048308.4075792,28,1748048282.575734,1748048280.31358,True,"[85.9, 85.9, 85.1, 86.3, 86.1, 85.2, 85.9, 86.0]",36.49,3738.47,1487055,415031349,107581440,457920512,33726464,103133184.0,1748048283.179007,1748048307.8479683,24.66896129,0.0,2053713920.0,1748048307.9648721,25.38913822
1748048279.3926806,0.128557,0.008135,10454,1066,0.264606,0.519291,0.920829,1748048306.7695897,26,1748048282.6974006,1748048280.31358,True,"[84.9, 86.9, 87.6, 86.5, 86.1, 87.1, 85.6, 86.9]",37.55,3487.87,1383413,415080333,107622400,457920512,33685504,103145472.0,1748048283.3039508,1748048306.321057,23.01710629,0.0,2055307264.0,1748048306.430417,23.73301649
1748048279.3926806,0.128557,0.008135,10454,1066,0.264606,0.519291,0.920829,1748048306.771819,26,1748048282.6993906,1748048280.31358,True,"[85.0, 87.2, 87.4, 86.3, 86.7, 87.0, 85.8, 86.7]",37.2,3486.72,1218224,415043200,107622400,457920512,33693696,103149568.0,1748048283.274311,1748048306.0475128,22.7732017,0.0,2053976064.0,1748048306.1835606,23.48416996
1748048279.3926806,0.128557,0.008135,10454,1066,0.264606,0.519291,0.920829,1748048307.6573665,27,1748048282.7016678,1748048280.31358,True,"[83.1, 84.2, 83.9, 85.5, 82.7, 84.4, 82.4, 85.3]",38.34,3489.62,1642470,415176508,107622400,457920512,33701888,103149568.0,1748048283.2801676,1748048307.4182153,24.1380477,0.0,2055340032.0,1748048307.4926636,24.79099584
1748048279.3926806,0.128557,0.008135,10454,1066,0.264606,0.519291,0.920829,1748048307.6579335,27,1748048282.7046144,1748048280.31358,True,"[84.4, 86.4, 86.4, 86.5, 85.0, 86.8, 84.5, 87.1]",38.03,3488.94,1509936,415128227,107601920,457920512,33693696,103149568.0,1748048283.3145802,1748048306.7014346,23.38685441,0.0,2053947392.0,1748048306.8046486,24.10003424
1748048279.3926806,0.128557,0.008135,10454,1066,0.264606,0.519291,0.920829,1748048307.5888698,27,1748048282.7074208,1748048280.31358,True,"[84.4, 86.4, 86.4, 86.5, 85.1, 86.8, 84.5, 87.1]",38.02,3488.92,1508640,415125424,107606016,457920512,33665024,103149568.0,1748048283.3763072,1748048306.7010868,23.32477951,0.0,2055360512.0,1748048306.7928567,24.08543587
1748048279.3926806,0.128557,0.008135,10454,1066,0.264606,0.519291,0.920829,1748048307.6562603,27,1748048282.7119114,1748048280.31358,True,"[84.1, 85.0, 85.1, 86.7, 83.8, 85.5, 83.5, 85.8]",38.21,3489.48,1574547,415152492,107626496,457920512,33705984,103153664.0,1748048283.3140888,1748048307.100155,23.78606629,0.0,2055442432.0,1748048307.175461,24.46354961
1748048279.3926806,0.128557,0.008135,10454,1066,0.264606,0.519291,0.920829,1748048306.7757053,26,1748048282.7186038,1748048280.31358,True,"[85.0, 86.8, 87.1, 86.6, 85.7, 87.2, 85.2, 86.9]",37.79,3488.37,1396551,415097912,107626496,457920512,33673216,103153664.0,1748048283.3120153,1748048306.459353,23.14733768,0.0,2053206016.0,1748048306.5677407,23.84913683
1748048279.3926806,0.128557,0.008135,10454,1066,0.264606,0.519291,0.920829,1748048306.7768745,26,1748048282.7230854,1748048280.31358,True,"[84.9, 86.9, 87.6, 86.5, 86.0, 87.1, 85.6, 86.9]",37.55,3487.87,1334821,415079549,107626496,457920512,33669120,103153664.0,1748048283.280452,1748048306.3143141,23.03386211,0.0,2053885952.0,1748048306.4266763,23.70359087
1748048309.9225042,0.114952,0.004746,10454,1251,0.215152,0.271763,0.606814,1748048930.5746303,637,1748048312.4458637,1748048310.5293906,True,"[87.6, 87.5, 88.1, 88.0, 87.3, 87.5, 88.2, 87.8]",44.1,8025.71,26258420,415382125,107585536,457920512,33865728,103133184.0,1748048312.9088323,1748048929.5654383,616.65660596,0.0,1020710912.0,1748048929.6147108,617.16884708
1748048309.9225042,0.114952,0.004746,10454,1251,0.215152,0.271763,0.606814,1748048933.5436933,640,1748048312.44881,1748048310.5293906,True,"[87.5, 87.2, 88.2, 87.8, 87.2, 87.4, 87.8, 87.8]",44.4,8039.26,42986677,415500911,107585536,457920512,33849344,103133184.0,1748048312.9116435,1748048932.481094,619.56945038,0.0,1020461056.0,1748048932.5303116,620.08150148
1748048309.9225042,0.114952,0.004746,10454,1251,0.215152,0.271763,0.606814,1748048934.870232,641,1748048312.4519498,1748048310.5293906,True,"[87.3, 87.1, 87.9, 87.6, 87.0, 87.1, 87.8, 87.6]",44.72,8042.8,68084582,415709826,107589632,457920512,33886208,103133184.0,1748048312.9251957,1748048934.4611263,621.53593063,0.0,1020928000.0,1748048934.4973323,622.0453825
1748048309.9225042,0.114952,0.004746,10454,1251,0.215152,0.271763,0.606814,1748048932.3120756,639,1748048312.454252,1748048310.5293906,True,"[87.5, 87.2, 88.2, 87.9, 87.3, 87.5, 87.9, 87.8]",44.31,8037.25,42979996,415492636,107593728,457920512,33869824,103137280.0,1748048312.9010255,1748048931.9785292,619.07750368,0.0,1020821504.0,1748048932.0175862,619.56333423
1748048309.9225042,0.114952,0.004746,10454,1251,0.215152,0.271763,0.606814,1748048933.5467043,640,1748048312.457581,1748048310.5293906,True,"[87.4, 87.2, 88.1, 87.8, 87.1, 87.3, 87.8, 87.8]",44.5,8041.21,51375728,415553184,107593728,457920512,33890304,103137280.0,1748048312.9069371,1748048933.21515,620.308213,0.0,1020788736.0,1748048933.2534504,620.79586935
1748048309.9225042,0.114952,0.004746,10454,1251,0.215152,0.271763,0.606814,1748048934.8665793,641,1748048312.46025,1748048310.5293906,True,"[87.3, 87.2, 88.0, 87.7, 87.0, 87.2, 87.8, 87.7]",44.63,8042.42,68077876,415699162,107593728,457920512,33869824,103137280.0,1748048312.9483411,1748048933.9510703,621.00272918,0.0,1020645376.0,1748048933.9879873,621.52773738
1748048309.9225042,0.114952,0.004746,10454,1251,0.215152,0.271763,0.606814,1748048929.376925,636,1748048312.4641223,1748048310.5293906,True,"[87.6, 87.6, 88.1, 87.9, 87.3, 87.5, 88.3, 87.8]",43.91,8020.59,17890094,415264988,107593728,457920512,33869824,103137280.0,1748048312.9369686,1748048928.6465244,615.70955586,0.0,1020948480.0,1748048928.6981528,616.23403049
1748048309.9225042,0.114952,0.004746,10454,1251,0.215152,0.271763,0.606814,1748048929.3709686,636,1748048312.4685097,1748048310.5293906,True,"[87.6, 87.6, 88.1, 87.9, 87.3, 87.4, 88.3, 87.8]",43.96,8020.74,17894548,415272948,107593728,457920512,33857536,103137280.0,1748048312.9331977,1748048928.6840856,615.75088787,0.0,1020612608.0,1748048928.7456465,616.2771368
1748048309.9225042,0.114952,0.004746,10454,1251,0.215152,0.271763,0.606814,1748048957.1804364,667,1748048312.4754667,1748048310.5293906,True,"[88.4, 88.0, 87.7, 87.7, 88.2, 87.7, 87.5, 87.4]",47.07,8235.01,26283127,415500615,107597824,457920512,33738752,103112704.0,1748048312.9012194,1748048956.2524815,643.35126209,0.0,1020985344.0,1748048956.324681,643.84921432
1748048309.9225042,0.114952,0.004746,10454,1251,0.215152,0.271763,0.606814,1748048963.5615997,676,1748048312.478607,1748048310.5293906,True,"[87.8, 87.1, 87.6, 86.9, 88.1, 87.0, 86.8, 86.7]",47.81,8252.44,68094116,415759303,107597824,457920512,33726464,103112704.0,1748048312.931438,1748048963.1046164,650.17317843,0.0,1020882944.0,1748048963.1450841,650.6664772
1748048309.9225042,0.114952,0.004746,10454,1251,0.215152,0.271763,0.606814,1748048964.2724187,677,1748048312.4819107,1748048310.5293906,True,"[87.7, 87.1, 87.5, 86.8, 88.1, 87.0, 86.8, 86.6]",47.9,8252.82,68087479,415747772,107597824,457920512,33697792,103112704.0,1748048312.9914367,1748048963.5597506,650.56831384,0.0,1020600320.0,1748048963.5982568,651.11634612
1748048309.9225042,0.114952,0.004746,10454,1251,0.215152,0.271763,0.606814,1748048957.176385,667,1748048312.4845798,1748048310.5293906,True,"[88.4, 88.0, 87.7, 87.7, 88.2, 87.7, 87.5, 87.4]",47.28,8237.27,26263890,415475599,107556864,457920512,33701888,103112704.0,1748048313.0439832,1748048956.6378484,643.59386516,0.0,1020989440.0,1748048956.692516,644.20793629
1748048309.9225042,0.114952,0.004746,10454,1251,0.215152,0.271763,0.606814,1748048958.6466615,669,1748048312.4882836,1748048310.5293906,True,"[88.3, 87.8, 87.6, 87.6, 88.2, 87.7, 87.4, 87.4]",47.68,8242.44,51339358,415649544,107597824,457920512,33751040,103116800.0,1748048312.9710472,1748048957.94154,644.97049284,0.0,1020801024.0,1748048957.982131,645.49384737
1748048309.9225042,0.114952,0.004746,10454,1251,0.215152,0.271763,0.606814,1748048957.9306834,668,1748048312.4921691,1748048310.5293906,True,"[88.3, 87.8, 87.6, 87.6, 88.2, 87.7, 87.4, 87.4]",47.59,8242.16,51332641,415639279,107606016,457920512,33755136,103124992.0,1748048313.0270216,1748048957.8163385,644.78931689,0.0,1020997632.0,1748048957.867556,645.37538695
1748048309.9225042,0.114952,0.004746,10454,1251,0.215152,0.271763,0.606814,1748048957.9311504,668,1748048312.496421,1748048310.5293906,True,"[88.3, 87.9, 87.6, 87.6, 88.2, 87.7, 87.4, 87.4]",47.48,8240.95,51326029,415630487,107606016,457920512,33738752,103120896.0,1748048312.9919412,1748048957.5118072,644.51986599,0.0,1021001728.0,1748048957.553209,645.05678797
1748048309.9225042,0.114952,0.004746,10454,1251,0.215152,0.271763,0.606814,1748048957.187598,667,1748048312.5016062,1748048310.5293906,True,"[88.4, 88.0, 87.7, 87.7, 88.2, 87.7, 87.5, 87.4]",47.32,8237.43,26265745,415477971,107577344,457920512,33759232,103120896.0,1748048313.0008166,1748048956.6606634,643.65984678,0.0,1021267968.0,1748048956.715755,644.21414876
1748048309.9225042,0.114952,0.004746,10454,1251,0.215152,0.271763,0.606814,1748048932.3062286,639,1748048312.4828331,1748048310.5293906,True,"[87.5, 87.9, 87.3, 87.5, 87.6, 87.7, 87.4, 87.7]",46.17,8085.64,68342699,416106573,107704320,456867840,33751040,103084032.0,1748048312.954952,1748048932.0243971,619.06944513,0.0,1021222912.0,1748048932.0597913,619.57695818
1748048309.9225042,0.114952,0.004746,10454,1251,0.215152,0.271763,0.606814,1748048930.2630367,637,1748048312.4852395,1748048310.5293906,True,"[87.8, 88.0, 87.5, 87.7, 87.8, 87.9, 87.7, 87.8]",45.73,8081.7,43096471,415901222,107704320,456867840,33734656,103084032.0,1748048312.9151237,1748048929.973546,617.05842233,0.0,1020981248.0,1748048930.0248463,617.53960681
1748048309.9225042,0.114952,0.004746,10454,1251,0.215152,0.271763,0.606814,1748048930.2447991,637,1748048312.4875345,1748048310.5293906,True,"[87.8, 88.0, 87.5, 87.7, 87.9, 88.0, 87.7, 87.8]",45.6,8080.71,34719163,415826114,107704320,456867840,33726464,103084032.0,1748048312.920165,1748048929.7384448,616.81827974,0.0,1020846080.0,1748048929.7852495,617.29771495
1748048309.9225042,0.114952,0.004746,10454,1251,0.215152,0.271763,0.606814,1748048931.5810332,638,1748048312.4900506,1748048310.5293906,True,"[87.6, 88.0, 87.4, 87.6, 87.8, 87.8, 87.6, 87.7]",45.99,8084.9,59823607,416017693,107708416,456867840,33730560,103088128.0,1748048312.9096334,1748048931.1074758,618.19784236,0.0,1021104128.0,1748048931.1467144,618.65666389
1748048309.9225042,0.114952,0.004746,10454,1251,0.215152,0.271763,0.606814,1748048931.5752487,638,1748048312.49245,1748048310.5293906,True,"[87.6, 88.0, 87.4, 87.6, 87.8, 87.8, 87.5, 87.7]",46.08,8084.98,59829881,416025248,107708416,456867840,33738752,103088128.0,1748048312.9629958,1748048931.1933775,618.23038173,0.0,1021095936.0,1748048931.230137,618.73768711
1748048309.9225042,0.114952,0.004746,10454,1251,0.215152,0.271763,0.606814,1748048929.3837538,636,1748048312.4947326,1748048310.5293906,True,"[87.8, 88.0, 87.5, 87.7, 87.9, 88.0, 87.8, 87.8]",45.42,8076.45,17917448,415667581,107687936,456867840,33746944,103088128.0,1748048312.9495711,1748048928.9193943,615.96982312,0.0,1021198336.0,1748048928.9764125,616.48167992
1748048309.9225042,0.114952,0.004746,10454,1251,0.215152,0.271763,0.606814,1748048931.5144649,638,1748048312.4978228,1748048310.5293906,True,"[87.7, 88.0, 87.6, 87.7, 87.8, 87.9, 87.7, 87.7]",45.86,8083.13,43102770,415908007,107659264,456867840,33738752,103088128.0,1748048312.9209316,1748048930.3589342,617.43800259,0.0,1021063168.0,1748048930.408458,617.91063523
1748048309.9225042,0.114952,0.004746,10454,1251,0.215152,0.271763,0.606814,1748048928.6440609,635,1748048312.5120633,1748048310.5293906,True,"[87.8, 88.0, 87.6, 87.7, 87.9, 88.0, 87.9, 87.8]",45.26,8072.8,17908575,415657752,107708416,456867840,33718272,103088128.0,1748048312.9514441,1748048928.378315,615.42687082,0.0,1021079552.0,1748048928.4290302,615.91696692
1748048309.9225042,0.114952,0.004746,10454,1251,0.215152,0.271763,0.606814,1748048933.5460095,640,1748048312.5306323,1748048310.5293906,True,"[87.8, 87.9, 88.0, 87.7, 87.7, 87.5, 87.5, 87.5]",50.84,7824.05,59737476,416034730,107692032,456871936,33726464,103088128.0,1748048312.9864273,1748048933.4094644,620.42303705,0.0,1020719104.0,1748048933.4483557,620.91772342
1748048309.9225042,0.114952,0.004746,10454,1251,0.215152,0.271763,0.606814,1748048933.49567,640,1748048312.5329926,1748048310.5293906,True,"[87.9, 88.0, 88.0, 87.7, 87.7, 87.5, 87.5, 87.6]",50.75,7822.89,51373061,415961853,107675648,456871936,33742848,103088128.0,1748048312.9879954,1748048932.9649074,619.97691202,0.0,1021038592.0,1748048933.0038383,620.4708457
1748048309.9225042,0.114952,0.004746,10454,1251,0.215152,0.271763,0.606814,1748048933.544789,640,1748048312.5347545,1748048310.5293906,True,"[87.9, 88.0, 88.0, 87.7, 87.8, 87.6, 87.6, 87.7]",50.59,7821.41,43008418,415886019,107708416,456871936,33730560,103088128.0,1748048313.0238616,1748048932.5233977,619.49953604,0.0,1021034496.0,1748048932.5729558,620.03820133
1748048309.9225042,0.114952,0.004746,10454,1251,0.215152,0.271763,0.606814,1748048933.5443506,640,1748048312.5372636,1748048310.5293906,True,"[87.9, 88.0, 88.0, 87.7, 87.8, 87.6, 87.6, 87.7]",50.47,7820.41,34653210,415837118,107700224,456871936,33751040,103088128.0,1748048313.0178425,1748048932.2807715,619.26292896,0.0,1021333504.0,1748048932.3288991,619.79163551
1748048309.9225042,0.114952,0.004746,10454,1251,0.215152,0.271763,0.606814,1748048934.873798,641,1748048312.5392437,1748048310.5293906,True,"[87.7, 87.8, 88.0, 87.6, 87.6, 87.4, 87.4, 87.5]",51.03,7824.74,68178946,416106485,107708416,456871936,33742848,103092224.0,1748048313.0779078,1748048934.0759556,620.99804783,0.0,1020841984.0,1748048934.1125774,621.57333374
1748048309.9225042,0.114952,0.004746,10454,1251,0.215152,0.271763,0.606814,1748048934.8670504,641,1748048312.5417256,1748048310.5293906,True,"[87.8, 87.9, 88.0, 87.7, 87.7, 87.5, 87.4, 87.5]",50.97,7824.34,68181296,416100885,107712512,456871936,33763328,103092224.0,1748048313.0796912,1748048933.6487422,620.56905103,0.0,1020780544.0,1748048933.6853883,621.14366269
1748048309.9225042,0.114952,0.004746,10454,1251,0.215152,0.271763,0.606814,1748048931.579729,638,1748048312.5444818,1748048310.5293906,True,"[87.9, 88.1, 88.0, 87.7, 87.8, 87.7, 87.8, 87.7]",50.28,7810.21,17937545,415701744,107716608,456871936,33701888,103096320.0,1748048313.0053275,1748048930.5145745,617.50924706,0.0,1020829696.0,1748048930.5512104,618.00672865
1748048309.9225042,0.114952,0.004746,10454,1251,0.215152,0.271763,0.606814,1748048930.254537,637,1748048312.5481164,1748048310.5293906,True,"[87.9, 88.1, 88.0, 87.7, 87.8, 87.7, 87.8, 87.6]",50.19,7806.81,17930822,415692920,107716608,456871936,33738752,103096320.0,1748048313.014449,1748048930.0006542,616.98620534,0.0,1021120512.0,1748048930.0492322,617.5011158
1748048309.9225042,0.114952,0.004746,10454,1251,0.215152,0.271763,0.606814,1748048931.5821042,638,1748048312.5897686,1748048310.5293906,True,"[88.0, 87.1, 88.5, 86.8, 88.2, 87.2, 88.2, 86.9]",50.46,6968.26,59655787,415884809,107565056,456867840,33845248,103198720.0,1748048313.0486207,1748048930.9138002,617.86517954,0.0,1020653568.0,1748048930.950719,618.36095047
1748048309.9225042,0.114952,0.004746,10454,1251,0.215152,0.271763,0.606814,1748048929.3650033,636,1748048312.5926175,1748048310.5293906,True,"[88.3, 87.4, 88.4, 87.1, 88.2, 87.4, 88.5, 87.0]",49.96,6961.6,34619402,415667988,107581440,456867840,33824768,103198720.0,1748048313.065087,1748048928.5637162,615.49862909,0.0,1020956672.0,1748048928.6138518,616.02123427
1748048309.9225042,0.114952,0.004746,10454,1251,0.215152,0.271763,0.606814,1748048930.2570744,637,1748048312.5951338,1748048310.5293906,True,"[88.1, 87.2, 88.5, 86.9, 88.2, 87.4, 88.3, 87.0]",50.32,6966.95,51295088,415814931,107573248,456867840,33841152,103198720.0,1748048313.1185286,1748048930.161543,617.04301429,0.0,1020674048.0,1748048930.1983705,617.60323668
1748048309.9225042,0.114952,0.004746,10454,1251,0.215152,0.271763,0.606814,1748048927.1870377,633,1748048312.5978873,1748048310.5293906,True,"[88.3, 87.4, 88.4, 87.1, 88.3, 87.5, 88.5, 87.0]",49.55,6950.75,9562976,415466699,107593728,456867840,33878016,103202816.0,1748048313.0925875,1748048926.7896829,613.69709539,0.0,1020829696.0,1748048926.8602128,614.26232553
1748048309.9225042,0.114952,0.004746,10454,1251,0.215152,0.271763,0.606814,1748048933.4951892,640,1748048312.6006541,1748048310.5293906,True,"[88.0, 86.9, 88.2, 86.5, 87.9, 87.0, 87.9, 86.7]",50.61,6969.69,67979250,415913540,107597824,456867840,33845248,103202816.0,1748048313.06431,1748048932.6102362,619.54592609,0.0,1020440576.0,1748048932.6463063,620.04565215
1748048309.9225042,0.114952,0.004746,10454,1251,0.215152,0.271763,0.606814,1748048929.3843386,636,1748048312.6049187,1748048310.5293906,True,"[88.3, 87.4, 88.4, 87.1, 88.2, 87.4, 88.5, 87.0]",50.07,6962.04,34604145,415652743,107597824,456867840,33865728,103202816.0,1748048313.1442175,1748048928.6579416,615.51372409,0.0,1021349888.0,1748048928.704944,616.10002518
1748048309.9225042,0.114952,0.004746,10454,1251,0.215152,0.271763,0.606814,1748048928.6268594,635,1748048312.6066017,1748048310.5293906,True,"[88.3, 87.4, 88.5, 87.1, 88.3, 87.4, 88.6, 87.0]",49.82,6958.35,26249539,415583995,107601920,456867840,33845248,103206912.0,1748048313.0467927,1748048927.9697187,614.92292595,0.0,1020944384.0,1748048928.0208433,615.41424155
1748048309.9225042,0.114952,0.004746,10454,1251,0.215152,0.271763,0.606814,1748048930.257835,637,1748048312.6108465,1748048310.5293906,True,"[88.2, 87.3, 88.5, 87.0, 88.2, 87.4, 88.4, 87.1]",50.21,6965.15,42979196,415752939,107601920,456867840,33886208,103206912.0,1748048313.069053,1748048929.4860337,616.41698074,0.0,1020743680.0,1748048929.533858,616.92301154
1748048309.9225042,0.114952,0.004746,10454,1251,0.215152,0.271763,0.606814,1748048933.8464246,640,1748048312.8631034,1748048310.5293906,True,"[87.2, 86.5, 86.6, 87.4, 87.8, 86.6, 86.3, 88.0]",50.09,7857.57,68034633,415842516,107638784,457920512,33902592,102985728.0,1748048313.326997,1748048932.7162569,619.38925982,0.0,1021112320.0,1748048932.7520118,619.88890839
1748048309.9225042,0.114952,0.004746,10454,1251,0.215152,0.271763,0.606814,1748048930.2564986,637,1748048312.8655584,1748048310.5293906,True,"[87.7, 87.0, 87.0, 87.8, 88.2, 87.1, 86.8, 88.1]",49.95,7854.78,59695505,415789740,107638784,457920512,33890304,102985728.0,1748048313.3669727,1748048929.6429744,616.27600169,0.0,1020649472.0,1748048929.6794794,616.81392097
1748048309.9225042,0.114952,0.004746,10454,1251,0.215152,0.271763,0.606814,1748048929.3671372,636,1748048312.8681855,1748048310.5293906,True,"[87.8, 87.1, 87.1, 87.9, 88.3, 87.1, 86.9, 88.1]",49.87,7853.45,51294593,415704071,107642880,457920512,33861632,102985728.0,1748048313.3271875,1748048928.8637471,615.53655958,0.0,1021022208.0,1748048928.9006248,616.03243923
1748048309.9225042,0.114952,0.004746,10454,1251,0.215152,0.271763,0.606814,1748048924.659467,630,1748048312.8706634,1748048310.5293906,True,"[88.0, 87.3, 87.2, 88.4, 88.2, 87.3, 87.3, 88.2]",49.18,7829.23,9501964,415447253,107642880,457920512,33886208,102985728.0,1748048313.4061666,1748048923.7705045,610.36433792,0.0,1020936192.0,1748048923.841237,610.97057366
1748048309.9225042,0.114952,0.004746,10454,1251,0.215152,0.271763,0.606814,1748048928.6399322,635,1748048312.8735106,1748048310.5293906,True,"[87.9, 87.1, 87.2, 88.0, 88.3, 87.1, 87.0, 88.1]",49.77,7851.6,42946225,415659327,107646976,457920512,33869824,102989824.0,1748048313.3837533,1748048928.1609323,614.777179,0.0,1021280256.0,1748048928.2103856,615.33687496
1748048309.9225042,0.114952,0.004746,10454,1251,0.215152,0.271763,0.606814,1748048927.1901193,633,1748048312.876128,1748048310.5293906,True,"[88.1, 87.2, 87.2, 88.1, 88.3, 87.2, 87.2, 88.1]",49.62,7846.18,34581100,415620607,107651072,457920512,33853440,102993920.0,1748048313.355553,1748048926.7259898,613.37043691,0.0,1021259776.0,1748048926.7754107,613.89928269
1748048309.9225042,0.114952,0.004746,10454,1251,0.215152,0.271763,0.606814,1748048927.184018,633,1748048312.8793602,1748048310.5293906,True,"[88.1, 87.2, 87.2, 88.2, 88.3, 87.3, 87.2, 88.1]",49.48,7843.4,34574223,415609860,107651072,457920512,33882112,102993920.0,1748048313.3595185,1748048926.1563413,612.79682279,0.0,1020358656.0,1748048926.207415,613.3280549
1748048309.9225042,0.114952,0.004746,10454,1251,0.215152,0.271763,0.606814,1748048924.617854,630,1748048312.8838973,1748048310.5293906,True,"[88.1, 87.3, 87.2, 88.4, 88.3, 87.3, 87.3, 88.1]",49.27,7833.56,17855259,415497792,107651072,457920512,33869824,102993920.0,1748048313.3653421,1748048924.4531221,611.08778,0.0,1020690432.0,1748048924.4908805,611.60698318
