ExpID,Timestamp,Cluster,Region,Scenario,Strategy,Parallelism,CPU,Mem,InitialNodeCount,InterruptedCount,InterruptTime,RecoveryTime,RecoveryDurationSec,InitInstances,InterruptedInstances,NewInstances
b966eafd-845c-4754-8e47-5d919cb87dc0,2025-12-13T15:55:11.612004,arn:aws:eks:ap-northeast-2:786382940258:cluster/kubepacs-t1-k8s-cluster,ap-northeast-2,t6130937856-p10-c1-m2-skp-155240963763,kubepacs,10,1,2,4,2,2025-12-13T15:54:15.878255,2025-12-13T15:55:11.611041,55.73,"[{""instance_id"": ""i-02b95f6c1800d3308"", ""instance_type"": ""t2.medium"", ""zone"": ""ap-northeast-2c""}, {""instance_id"": ""i-00754ba1d09f6be91"", ""instance_type"": ""t3.2xlarge"", ""zone"": ""ap-northeast-2d""}, {""instance_id"": ""i-099351b4d493eff92"", ""instance_type"": ""t2.medium"", ""zone"": ""ap-northeast-2c""}, {""instance_id"": ""i-095e6f2dd21eebb40"", ""instance_type"": ""t2.medium"", ""zone"": ""ap-northeast-2c""}]","[{""instance_id"": ""i-02b95f6c1800d3308"", ""instance_type"": ""t2.medium"", ""zone"": ""ap-northeast-2c""}, {""instance_id"": ""i-00754ba1d09f6be91"", ""instance_type"": ""t3.2xlarge"", ""zone"": ""ap-northeast-2d""}, {""instance_id"": ""i-099351b4d493eff92"", ""instance_type"": ""t2.medium"", ""zone"": ""ap-northeast-2c""}, {""instance_id"": ""i-095e6f2dd21eebb40"", ""instance_type"": ""t2.medium"", ""zone"": ""ap-northeast-2c""}]","[{""instance_id"": ""i-0293c8f27beae3700"", ""instance_type"": ""t2.2xlarge"", ""zone"": ""ap-northeast-2c""}]"
b966eafd-845c-4754-8e47-5d919cb87dc0,2025-12-13T16:01:57.450530,arn:aws:eks:ap-northeast-2:786382940258:cluster/kubepacs-t1-k8s-cluster,ap-northeast-2,t6130937856-p10-c1-m2-sbl-155939140060,baseline,10,1,2,1,1,2025-12-13T16:01:01.704117,2025-12-13T16:01:57.449519,55.75,"[{""instance_id"": ""i-0986bdc611907bd2a"", ""instance_type"": ""c5.4xlarge"", ""zone"": ""ap-northeast-2d""}]","[{""instance_id"": ""i-0986bdc611907bd2a"", ""instance_type"": ""c5.4xlarge"", ""zone"": ""ap-northeast-2d""}]","[{""instance_id"": ""i-011bbbb1aaad26b23"", ""instance_type"": ""c5.9xlarge"", ""zone"": ""ap-northeast-2d""}]"
b966eafd-845c-4754-8e47-5d919cb87dc0,2025-12-13T16:08:40.096279,arn:aws:eks:ap-northeast-2:786382940258:cluster/kubepacs-t1-k8s-cluster,ap-northeast-2,t6130937856-p10-c1-m4-skp-160546580424,kubepacs,10,1,4,2,1,2025-12-13T16:07:19.248582,2025-12-13T16:08:40.093956,80.85,"[{""instance_id"": ""i-0eb751fc0c9ddb724"", ""instance_type"": ""t3.xlarge"", ""zone"": ""ap-northeast-2d""}, {""instance_id"": ""i-06d5637335ef16cbc"", ""instance_type"": ""t2.2xlarge"", ""zone"": ""ap-northeast-2c""}]","[{""instance_id"": ""i-0eb751fc0c9ddb724"", ""instance_type"": ""t3.xlarge"", ""zone"": ""ap-northeast-2d""}, {""instance_id"": ""i-06d5637335ef16cbc"", ""instance_type"": ""t2.2xlarge"", ""zone"": ""ap-northeast-2c""}]","[{""instance_id"": ""i-0b81f071fd654041d"", ""instance_type"": ""t3.2xlarge"", ""zone"": ""ap-northeast-2d""}]"
b966eafd-845c-4754-8e47-5d919cb87dc0,2025-12-13T16:15:53.859773,arn:aws:eks:ap-northeast-2:786382940258:cluster/kubepacs-t1-k8s-cluster,ap-northeast-2,t6130937856-p10-c1-m4-sbl-161321595023,baseline,10,1,4,1,1,2025-12-13T16:14:42.915773,2025-12-13T16:15:53.859011,70.94,"[{""instance_id"": ""i-000cdd6ae391b7328"", ""instance_type"": ""c5.9xlarge"", ""zone"": ""ap-northeast-2d""}]","[{""instance_id"": ""i-000cdd6ae391b7328"", ""instance_type"": ""c5.9xlarge"", ""zone"": ""ap-northeast-2d""}]","[{""instance_id"": ""i-05770a05d986d9360"", ""instance_type"": ""r6id.4xlarge"", ""zone"": ""ap-northeast-2d""}]"
b966eafd-845c-4754-8e47-5d919cb87dc0,2025-12-13T16:23:11.890926,arn:aws:eks:ap-northeast-2:786382940258:cluster/kubepacs-t1-k8s-cluster,ap-northeast-2,t6130937856-p10-c2-m2-skp-162025352263,kubepacs,10,2,2,1,1,2025-12-13T16:21:56.054436,2025-12-13T16:23:11.890092,75.84,"[{""instance_id"": ""i-0b3284867842d7ef1"", ""instance_type"": ""c5.9xlarge"", ""zone"": ""ap-northeast-2d""}]","[{""instance_id"": ""i-0b3284867842d7ef1"", ""instance_type"": ""c5.9xlarge"", ""zone"": ""ap-northeast-2d""}]","[{""instance_id"": ""i-01242b78332e8e780"", ""instance_type"": ""c7i-flex.8xlarge"", ""zone"": ""ap-northeast-2b""}]"
b966eafd-845c-4754-8e47-5d919cb87dc0,2025-12-13T16:29:55.429217,arn:aws:eks:ap-northeast-2:786382940258:cluster/kubepacs-t1-k8s-cluster,ap-northeast-2,t6130937856-p10-c2-m2-sbl-162658065669,baseline,10,2,2,1,1,2025-12-13T16:28:14.500435,2025-12-13T16:29:55.428368,100.93,"[{""instance_id"": ""i-0bb57b0f71b722163"", ""instance_type"": ""c5.9xlarge"", ""zone"": ""ap-northeast-2d""}]","[{""instance_id"": ""i-0bb57b0f71b722163"", ""instance_type"": ""c5.9xlarge"", ""zone"": ""ap-northeast-2d""}]","[{""instance_id"": ""i-0a8fb58aab139a20b"", ""instance_type"": ""c5d.9xlarge"", ""zone"": ""ap-northeast-2d""}]"
ef9aae00-6ccd-4b6e-b636-dccff8e3493d,2025-12-13T16:45:18.552516,arn:aws:eks:ap-northeast-2:786382940258:cluster/kubepacs-t1-k8s-cluster,ap-northeast-2,t6189035520-p10-c1-m2-skp-164250900185,kubepacs,10,1,2,4,2,2025-12-13T16:44:17.760254,2025-12-13T16:45:18.551748,60.79,"[{""instance_id"": ""i-009eaf61b34291884"", ""instance_type"": ""t2.medium"", ""zone"": ""ap-northeast-2c""}, {""instance_id"": ""i-0c4dc80afc8a289dc"", ""instance_type"": ""t3.2xlarge"", ""zone"": ""ap-northeast-2d""}, {""instance_id"": ""i-0b4d6c94eee4369fb"", ""instance_type"": ""t2.medium"", ""zone"": ""ap-northeast-2c""}, {""instance_id"": ""i-0f5cefe2547fed806"", ""instance_type"": ""t2.medium"", ""zone"": ""ap-northeast-2c""}]","[{""instance_id"": ""i-009eaf61b34291884"", ""instance_type"": ""t2.medium"", ""zone"": ""ap-northeast-2c""}, {""instance_id"": ""i-0c4dc80afc8a289dc"", ""instance_type"": ""t3.2xlarge"", ""zone"": ""ap-northeast-2d""}, {""instance_id"": ""i-0b4d6c94eee4369fb"", ""instance_type"": ""t2.medium"", ""zone"": ""ap-northeast-2c""}, {""instance_id"": ""i-0f5cefe2547fed806"", ""instance_type"": ""t2.medium"", ""zone"": ""ap-northeast-2c""}]","[{""instance_id"": ""i-009064702f22abb87"", ""instance_type"": ""t2.medium"", ""zone"": ""ap-northeast-2a""}, {""instance_id"": ""i-022228494a49095d6"", ""instance_type"": ""t2.2xlarge"", ""zone"": ""ap-northeast-2c""}]"
ef9aae00-6ccd-4b6e-b636-dccff8e3493d,2025-12-13T16:52:17.118846,arn:aws:eks:ap-northeast-2:786382940258:cluster/kubepacs-t1-k8s-cluster,ap-northeast-2,t6189035520-p10-c1-m2-sbl-164939726315,baseline,10,1,2,1,1,2025-12-13T16:51:01.383666,2025-12-13T16:52:17.117789,75.73,"[{""instance_id"": ""i-0d64c3a2b9befc995"", ""instance_type"": ""c5.4xlarge"", ""zone"": ""ap-northeast-2d""}]","[{""instance_id"": ""i-0d64c3a2b9befc995"", ""instance_type"": ""c5.4xlarge"", ""zone"": ""ap-northeast-2d""}]","[{""instance_id"": ""i-0d8cf998c060c167b"", ""instance_type"": ""c5.9xlarge"", ""zone"": ""ap-northeast-2d""}]"
ef9aae00-6ccd-4b6e-b636-dccff8e3493d,2025-12-13T16:58:56.629200,arn:aws:eks:ap-northeast-2:786382940258:cluster/kubepacs-t1-k8s-cluster,ap-northeast-2,t6189035520-p10-c1-m4-skp-165631539302,kubepacs,10,1,4,2,1,2025-12-13T16:58:05.970372,2025-12-13T16:58:56.628087,50.66,"[{""instance_id"": ""i-0719c640339d3d9d1"", ""instance_type"": ""t2.2xlarge"", ""zone"": ""ap-northeast-2c""}, {""instance_id"": ""i-08a88645ffcc0a128"", ""instance_type"": ""t3.xlarge"", ""zone"": ""ap-northeast-2d""}]","[{""instance_id"": ""i-0719c640339d3d9d1"", ""instance_type"": ""t2.2xlarge"", ""zone"": ""ap-northeast-2c""}, {""instance_id"": ""i-08a88645ffcc0a128"", ""instance_type"": ""t3.xlarge"", ""zone"": ""ap-northeast-2d""}]","[{""instance_id"": ""i-02af66e5c410a3425"", ""instance_type"": ""m5.xlarge"", ""zone"": ""ap-northeast-2a""}]"
ef9aae00-6ccd-4b6e-b636-dccff8e3493d,2025-12-13T17:07:25.796288,arn:aws:eks:ap-northeast-2:786382940258:cluster/kubepacs-t1-k8s-cluster,ap-northeast-2,t6189035520-p10-c1-m4-sbl-170350457849,baseline,10,1,4,1,1,2025-12-13T17:05:09.260705,2025-12-13T17:07:25.796131,136.54,"[{""instance_id"": ""i-0cf9de7482a817328"", ""instance_type"": ""c5.9xlarge"", ""zone"": ""ap-northeast-2d""}]","[{""instance_id"": ""i-0cf9de7482a817328"", ""instance_type"": ""c5.9xlarge"", ""zone"": ""ap-northeast-2d""}]","[{""instance_id"": ""i-0a008a2d1f89b7e11"", ""instance_type"": ""r6id.4xlarge"", ""zone"": ""ap-northeast-2d""}]"
ef9aae00-6ccd-4b6e-b636-dccff8e3493d,2025-12-13T17:14:20.882582,arn:aws:eks:ap-northeast-2:786382940258:cluster/kubepacs-t1-k8s-cluster,ap-northeast-2,t6189035520-p10-c2-m2-skp-171157392259,kubepacs,10,2,2,1,1,2025-12-13T17:13:25.102421,2025-12-13T17:14:20.881604,55.78,"[{""instance_id"": ""i-09781fd67df80ef6e"", ""instance_type"": ""c5.9xlarge"", ""zone"": ""ap-northeast-2d""}]","[{""instance_id"": ""i-09781fd67df80ef6e"", ""instance_type"": ""c5.9xlarge"", ""zone"": ""ap-northeast-2d""}]","[{""instance_id"": ""i-0db5c20d67508744f"", ""instance_type"": ""c5d.9xlarge"", ""zone"": ""ap-northeast-2d""}]"
ef9aae00-6ccd-4b6e-b636-dccff8e3493d,2025-12-13T17:20:56.029096,arn:aws:eks:ap-northeast-2:786382940258:cluster/kubepacs-t1-k8s-cluster,ap-northeast-2,t6189035520-p10-c2-m2-sbl-171842149838,baseline,10,2,2,1,1,2025-12-13T17:20:05.195156,2025-12-13T17:20:56.028283,50.83,"[{""instance_id"": ""i-0088963e9505c1939"", ""instance_type"": ""c5.9xlarge"", ""zone"": ""ap-northeast-2d""}]","[{""instance_id"": ""i-0088963e9505c1939"", ""instance_type"": ""c5.9xlarge"", ""zone"": ""ap-northeast-2d""}]","[{""instance_id"": ""i-0ff42cfeb9de9605a"", ""instance_type"": ""c5d.9xlarge"", ""zone"": ""ap-northeast-2d""}]"
0cc64d39-b871-4246-96f1-76d70bea5e21,2025-12-13T17:37:29.824487,arn:aws:eks:ap-northeast-2:786382940258:cluster/kubepacs-t1-k8s-cluster,ap-northeast-2,t6128857088-p10-c1-m2-skp-173432870484,kubepacs,10,1,2,4,2,2025-12-13T17:36:34.193064,2025-12-13T17:37:29.823875,55.63,"[{""instance_id"": ""i-0e92e9177d1178ce9"", ""instance_type"": ""t2.medium"", ""zone"": ""ap-northeast-2c""}, {""instance_id"": ""i-028b9cd9d2f758cd3"", ""instance_type"": ""t2.medium"", ""zone"": ""ap-northeast-2c""}, {""instance_id"": ""i-01e51ea9d107f0d58"", ""instance_type"": ""t2.medium"", ""zone"": ""ap-northeast-2c""}, {""instance_id"": ""i-0835d9329b50ca966"", ""instance_type"": ""t3.2xlarge"", ""zone"": ""ap-northeast-2d""}]","[{""instance_id"": ""i-0e92e9177d1178ce9"", ""instance_type"": ""t2.medium"", ""zone"": ""ap-northeast-2c""}, {""instance_id"": ""i-028b9cd9d2f758cd3"", ""instance_type"": ""t2.medium"", ""zone"": ""ap-northeast-2c""}, {""instance_id"": ""i-01e51ea9d107f0d58"", ""instance_type"": ""t2.medium"", ""zone"": ""ap-northeast-2c""}, {""instance_id"": ""i-0835d9329b50ca966"", ""instance_type"": ""t3.2xlarge"", ""zone"": ""ap-northeast-2d""}]","[{""instance_id"": ""i-0c961647ea509d803"", ""instance_type"": ""t2.medium"", ""zone"": ""ap-northeast-2a""}, {""instance_id"": ""i-0bcf856c29f29698e"", ""instance_type"": ""t2.medium"", ""zone"": ""ap-northeast-2a""}]"
0cc64d39-b871-4246-96f1-76d70bea5e21,2025-12-13T17:44:39.141964,arn:aws:eks:ap-northeast-2:786382940258:cluster/kubepacs-t1-k8s-cluster,ap-northeast-2,t6128857088-p10-c1-m2-sbl-174200742648,baseline,10,1,2,1,1,2025-12-13T17:43:23.312666,2025-12-13T17:44:39.141123,75.83,"[{""instance_id"": ""i-01c69f61f3a7981f3"", ""instance_type"": ""c5.4xlarge"", ""zone"": ""ap-northeast-2d""}]","[{""instance_id"": ""i-01c69f61f3a7981f3"", ""instance_type"": ""c5.4xlarge"", ""zone"": ""ap-northeast-2d""}]","[{""instance_id"": ""i-0ac45cbbbaa90afad"", ""instance_type"": ""c5.9xlarge"", ""zone"": ""ap-northeast-2d""}]"
0cc64d39-b871-4246-96f1-76d70bea5e21,2025-12-13T17:51:19.247763,arn:aws:eks:ap-northeast-2:786382940258:cluster/kubepacs-t1-k8s-cluster,ap-northeast-2,t6128857088-p10-c1-m4-skp-174853635368,kubepacs,10,1,4,2,1,2025-12-13T17:50:18.146976,2025-12-13T17:51:19.247020,61.10,"[{""instance_id"": ""i-07eb9721d29dada31"", ""instance_type"": ""t3.xlarge"", ""zone"": ""ap-northeast-2d""}, {""instance_id"": ""i-07e3017c5f8bb80b9"", ""instance_type"": ""t2.2xlarge"", ""zone"": ""ap-northeast-2c""}]","[{""instance_id"": ""i-07eb9721d29dada31"", ""instance_type"": ""t3.xlarge"", ""zone"": ""ap-northeast-2d""}, {""instance_id"": ""i-07e3017c5f8bb80b9"", ""instance_type"": ""t2.2xlarge"", ""zone"": ""ap-northeast-2c""}]","[{""instance_id"": ""i-0414179934957640e"", ""instance_type"": ""t3.2xlarge"", ""zone"": ""ap-northeast-2d""}]"
0cc64d39-b871-4246-96f1-76d70bea5e21,2025-12-13T17:57:57.745282,arn:aws:eks:ap-northeast-2:786382940258:cluster/kubepacs-t1-k8s-cluster,ap-northeast-2,t6128857088-p10-c1-m4-sbl-175539387477,baseline,10,1,4,1,1,2025-12-13T17:56:56.993696,2025-12-13T17:57:57.744808,60.75,"[{""instance_id"": ""i-0a11c3b4b43bb7567"", ""instance_type"": ""c5.9xlarge"", ""zone"": ""ap-northeast-2d""}]","[{""instance_id"": ""i-0a11c3b4b43bb7567"", ""instance_type"": ""c5.9xlarge"", ""zone"": ""ap-northeast-2d""}]","[{""instance_id"": ""i-05f8c569b995c4131"", ""instance_type"": ""r6id.4xlarge"", ""zone"": ""ap-northeast-2d""}]"
0cc64d39-b871-4246-96f1-76d70bea5e21,2025-12-13T18:04:36.362262,arn:aws:eks:ap-northeast-2:786382940258:cluster/kubepacs-t1-k8s-cluster,ap-northeast-2,t6128857088-p10-c2-m2-skp-180157098976,kubepacs,10,2,2,1,1,2025-12-13T18:03:20.547184,2025-12-13T18:04:36.361359,75.81,"[{""instance_id"": ""i-0d1755668c077d521"", ""instance_type"": ""c5.9xlarge"", ""zone"": ""ap-northeast-2d""}]","[{""instance_id"": ""i-0d1755668c077d521"", ""instance_type"": ""c5.9xlarge"", ""zone"": ""ap-northeast-2d""}]","[{""instance_id"": ""i-0c2121272d34ca599"", ""instance_type"": ""c5d.9xlarge"", ""zone"": ""ap-northeast-2d""}]"
0cc64d39-b871-4246-96f1-76d70bea5e21,2025-12-13T18:10:52.064874,arn:aws:eks:ap-northeast-2:786382940258:cluster/kubepacs-t1-k8s-cluster,ap-northeast-2,t6128857088-p10-c2-m2-sbl-180834918358,baseline,10,2,2,1,1,2025-12-13T18:09:51.372926,2025-12-13T18:10:52.064281,60.69,"[{""instance_id"": ""i-01648a0c1377fbe40"", ""instance_type"": ""c5.9xlarge"", ""zone"": ""ap-northeast-2d""}]","[{""instance_id"": ""i-01648a0c1377fbe40"", ""instance_type"": ""c5.9xlarge"", ""zone"": ""ap-northeast-2d""}]","[{""instance_id"": ""i-00e40bb3c2ac43b3a"", ""instance_type"": ""c5d.9xlarge"", ""zone"": ""ap-northeast-2d""}]"
e17697d8-6e3e-4f7c-aaf0-5d504120eade,2025-12-13T18:24:27.317868,arn:aws:eks:ap-northeast-2:786382940258:cluster/kubepacs-t1-k8s-cluster,ap-northeast-2,t6198996992-p10-c1-m2-skp-182133456125,kubepacs,10,1,2,4,2,2025-12-13T18:23:31.622909,2025-12-13T18:24:27.317289,55.69,"[{""instance_id"": ""i-0beedfd95b128c1ef"", ""instance_type"": ""t3.2xlarge"", ""zone"": ""ap-northeast-2d""}, {""instance_id"": ""i-065dc411abf0262ef"", ""instance_type"": ""t2.medium"", ""zone"": ""ap-northeast-2c""}, {""instance_id"": ""i-0aadd2fe4c9159d83"", ""instance_type"": ""t2.medium"", ""zone"": ""ap-northeast-2c""}, {""instance_id"": ""i-0db0474ffc313fc3b"", ""instance_type"": ""t2.medium"", ""zone"": ""ap-northeast-2c""}]","[{""instance_id"": ""i-0beedfd95b128c1ef"", ""instance_type"": ""t3.2xlarge"", ""zone"": ""ap-northeast-2d""}, {""instance_id"": ""i-065dc411abf0262ef"", ""instance_type"": ""t2.medium"", ""zone"": ""ap-northeast-2c""}, {""instance_id"": ""i-0aadd2fe4c9159d83"", ""instance_type"": ""t2.medium"", ""zone"": ""ap-northeast-2c""}, {""instance_id"": ""i-0db0474ffc313fc3b"", ""instance_type"": ""t2.medium"", ""zone"": ""ap-northeast-2c""}]","[{""instance_id"": ""i-0c367def4c8751ffe"", ""instance_type"": ""t2.medium"", ""zone"": ""ap-northeast-2a""}, {""instance_id"": ""i-00f0aa3c1a04b6424"", ""instance_type"": ""t2.medium"", ""zone"": ""ap-northeast-2a""}]"
e17697d8-6e3e-4f7c-aaf0-5d504120eade,2025-12-13T18:31:58.041909,arn:aws:eks:ap-northeast-2:786382940258:cluster/kubepacs-t1-k8s-cluster,ap-northeast-2,t6198996992-p10-c1-m2-sbl-182906505333,baseline,10,1,2,1,1,2025-12-13T18:30:27.095463,2025-12-13T18:31:58.041193,90.95,"[{""instance_id"": ""i-0e5c4cf16486272a7"", ""instance_type"": ""c5.4xlarge"", ""zone"": ""ap-northeast-2d""}]","[{""instance_id"": ""i-0e5c4cf16486272a7"", ""instance_type"": ""c5.4xlarge"", ""zone"": ""ap-northeast-2d""}]","[{""instance_id"": ""i-0b89aa4091fbf8c67"", ""instance_type"": ""c5.9xlarge"", ""zone"": ""ap-northeast-2d""}]"
e17697d8-6e3e-4f7c-aaf0-5d504120eade,2025-12-13T18:39:07.765086,arn:aws:eks:ap-northeast-2:786382940258:cluster/kubepacs-t1-k8s-cluster,ap-northeast-2,t6198996992-p10-c1-m4-skp-183639413986,kubepacs,10,1,4,2,1,2025-12-13T18:38:12.139332,2025-12-13T18:39:07.764175,55.62,"[{""instance_id"": ""i-0d10c31ab2f77ff9a"", ""instance_type"": ""t3.xlarge"", ""zone"": ""ap-northeast-2d""}, {""instance_id"": ""i-057419aa24ddae31c"", ""instance_type"": ""t2.2xlarge"", ""zone"": ""ap-northeast-2c""}]","[{""instance_id"": ""i-0d10c31ab2f77ff9a"", ""instance_type"": ""t3.xlarge"", ""zone"": ""ap-northeast-2d""}, {""instance_id"": ""i-057419aa24ddae31c"", ""instance_type"": ""t2.2xlarge"", ""zone"": ""ap-northeast-2c""}]","[{""instance_id"": ""i-0e7f966c86e5a1391"", ""instance_type"": ""m5.xlarge"", ""zone"": ""ap-northeast-2a""}]"
e17697d8-6e3e-4f7c-aaf0-5d504120eade,2025-12-13T18:45:51.440393,arn:aws:eks:ap-northeast-2:786382940258:cluster/kubepacs-t1-k8s-cluster,ap-northeast-2,t6198996992-p10-c1-m4-sbl-184328375072,baseline,10,1,4,1,1,2025-12-13T18:44:50.772136,2025-12-13T18:45:51.439552,60.67,"[{""instance_id"": ""i-0043f9ba99c661efc"", ""instance_type"": ""c5.9xlarge"", ""zone"": ""ap-northeast-2d""}]","[{""instance_id"": ""i-0043f9ba99c661efc"", ""instance_type"": ""c5.9xlarge"", ""zone"": ""ap-northeast-2d""}]","[{""instance_id"": ""i-00e880e50d1b4446c"", ""instance_type"": ""r6id.4xlarge"", ""zone"": ""ap-northeast-2d""}]"
e17697d8-6e3e-4f7c-aaf0-5d504120eade,2025-12-13T18:52:34.181133,arn:aws:eks:ap-northeast-2:786382940258:cluster/kubepacs-t1-k8s-cluster,ap-northeast-2,t6198996992-p10-c2-m2-skp-185018006498,kubepacs,10,2,2,1,1,2025-12-13T18:51:43.529098,2025-12-13T18:52:34.180044,50.65,"[{""instance_id"": ""i-028ad7826dbd5d5e8"", ""instance_type"": ""c5.9xlarge"", ""zone"": ""ap-northeast-2d""}]","[{""instance_id"": ""i-028ad7826dbd5d5e8"", ""instance_type"": ""c5.9xlarge"", ""zone"": ""ap-northeast-2d""}]","[{""instance_id"": ""i-020c7deb5bdb40d98"", ""instance_type"": ""c7i-flex.8xlarge"", ""zone"": ""ap-northeast-2b""}]"
e17697d8-6e3e-4f7c-aaf0-5d504120eade,2025-12-13T18:59:06.431716,arn:aws:eks:ap-northeast-2:786382940258:cluster/kubepacs-t1-k8s-cluster,ap-northeast-2,t6198996992-p10-c2-m2-sbl-185638847561,baseline,10,2,2,1,1,2025-12-13T18:57:55.585472,2025-12-13T18:59:06.430871,70.85,"[{""instance_id"": ""i-0f94c2b0d776f71d5"", ""instance_type"": ""c5.9xlarge"", ""zone"": ""ap-northeast-2d""}]","[{""instance_id"": ""i-0f94c2b0d776f71d5"", ""instance_type"": ""c5.9xlarge"", ""zone"": ""ap-northeast-2d""}]","[{""instance_id"": ""i-00c05e1545309bc75"", ""instance_type"": ""c5d.9xlarge"", ""zone"": ""ap-northeast-2d""}]"
